uid,name,cat_L1,cat_L2,province,city,area,address,street_id,detail,child_num,loc_lng,loc_lat,telephone,type,detail_url,price,shop_hours,overall_rating,taste_rating,service_rating,environment_rating,facility_rating,hygiene_rating,technology_rating,image_num,comment_num,groupon_num,discount_num,favorite_num,checkin_num,brand,content_tag,naviloc_lng,naviloc_lat,child_num
ad17d80956fd44a4ab175a11,今毕盛快印(大新店),生活服务,图文快印店,广东省,深圳市,南山区,广东省深圳市南山区前海路7号楼2134,ad17d80956fd44a4ab175a11,1,0,113.92212,22.537447,"(0755)86955405,15118821643",life,http://api.map.baidu.com/place/detail?uid=ad17d80956fd44a4ab175a11&output=html&source=placeapi_v2,,09:00-21:00,0,,,,,,,8,1,,,,,,,113.92180096989,22.537446969969,0
48b628f75180722845e274ed,辉宏图文(前海路店),生活服务,图文快印店,广东省,深圳市,南山区,深圳市南山区前海路3268号,48b628f75180722845e274ed,1,0,113.921676,22.544973,18948339425,life,http://api.map.baidu.com/place/detail?uid=48b628f75180722845e274ed&output=html&source=placeapi_v2,,09:00-22:00,0.0,,,,,,,12,,,,,,,,113.92145179135,22.544943619358,0
f9993cdc8d93c7bff32d83fc,大新数码摄影冲印,生活服务,图文快印店,广东省,深圳市,南山区,广东省深圳市南山区大新新村151号102室,f9993cdc8d93c7bff32d83fc,1,0,113.923024,22.539063,13544200162,life,http://api.map.baidu.com/place/detail?uid=f9993cdc8d93c7bff32d83fc&output=html&source=placeapi_v2,,09:00-20:00,1,,,,,,,25,3,,,,,,,113.92236728414,22.538994805156,0
b3cf95d1bfda8b47b4147fb8,柯达照相馆(桂湾三路店),生活服务,图文快印店,广东省,深圳市,南山区,广东省深圳市南山区南头街道桂湾三路龙海家园旁,b3cf95d1bfda8b47b4147fb8,1,0,113.911822,22.540927,13538286575,life,http://api.map.baidu.com/place/detail?uid=b3cf95d1bfda8b47b4147fb8&output=html&source=placeapi_v2,,10:00-21:30,0,,,,,,,1,0,,,,,,,113.91182262912,22.541174796573,0
183a756463f3bed4f50e77c5,金品图文(前海店),生活服务,图文快印店,广东省,深圳市,宝安区,广东省深圳市宝安区宝华路前海卓越时代广场e栋2楼214室,,1,0,113.892525,22.552023,19924543577,life,http://api.map.baidu.com/place/detail?uid=183a756463f3bed4f50e77c5&output=html&source=placeapi_v2,,08:30-21:30,,,,,,,,5,2,,,,,,,,,0
b72d32429e1be06172455b3b,深圳市君鹏控股集团有限公司,生活服务,图文快印店,广东省,深圳市,南山区,广东省深圳市南山区前海路1372号鸿海大厦3楼,b72d32429e1be06172455b3b,1,0,113.922021,22.53211,(0755)86672183,life,http://api.map.baidu.com/place/detail?uid=b72d32429e1be06172455b3b&output=html&source=placeapi_v2,,09:00-18:30,0.0,,,,,,,10,2,,,,,,,113.92200997055,22.532218958719,0
db17bffb6c02f1ff03294fb4,科城图文快印(侨新路店),生活服务,图文快印店,广东省,深圳市,南山区,广东省深圳市南山区侨新路28-3号豪园2栋103号,db17bffb6c02f1ff03294fb4,1,0,113.93305,22.534057,(0755)26560202,life,http://api.map.baidu.com/place/detail?uid=db17bffb6c02f1ff03294fb4&output=html&source=placeapi_v2,,10:00-21:00,0,,,,,,,27,2,,,,,,,113.93305015245,22.534015961156,0
779d292f31770ce583a00c6f,无极图文(南山店),生活服务,图文快印店,广东省,深圳市,南山区,广东省深圳市南山区高新南四道21号r1-b栋1a02号,779d292f31770ce583a00c6f,1,0,113.950142,22.541665,(0755)26507858,life,http://api.map.baidu.com/place/detail?uid=779d292f31770ce583a00c6f&output=html&source=placeapi_v2,,08:30-21:30,5.0,,,,,,,1,1,,,,,,,,,0
42b7679a0262facc8f55ecd0,琼辉图文快印,生活服务,图文快印店,广东省,深圳市,南山区,广东省深圳市南山区南山大道2309-10号富强阁1楼10号,42b7679a0262facc8f55ecd0,1,0,113.930428,22.543799,"(0755)26493852,13417371732",life,http://api.map.baidu.com/place/detail?uid=42b7679a0262facc8f55ecd0&output=html&source=placeapi_v2,,09:00-22:00,0,,,,,,,14,0,,,,,,,,,0
2806b5c0334a6fe4256e9884,金品图文(软件产业基地店),生活服务,图文快印店,广东省,深圳市,南山区,广东省深圳市南山区学府路软件产业基地1栋C座39号铺,2806b5c0334a6fe4256e9884,1,0,113.947659,22.530286,"(0755)26606839,15338743976",life,http://api.map.baidu.com/place/detail?uid=2806b5c0334a6fe4256e9884&output=html&source=placeapi_v2,,09:00-19:00,4.4,,,,,,,19,19,,,,,,,113.94784850414,22.530299403758,0
2e83d146aef731509b68b497,晒汇图文(科技园店),生活服务,图文快印店,广东省,深圳市,南山区,广东省深圳市南山区科技路2-8号赋安科技大厦b座212号,2e83d146aef731509b68b497,1,0,113.957771,22.543926,"(0755)26553586,(0755)26747586",life,http://api.map.baidu.com/place/detail?uid=2e83d146aef731509b68b497&output=html&source=placeapi_v2,,09:00-20:00,,,,,,,,1,1,,,,,,,113.95769755834,22.543911328745,0
daf8ba7ee2f9c205eddfcace,百步印社24小时自助打印(深圳大学传播学院店),生活服务,图文快印店,广东省,深圳市,南山区,广东省深圳市南山区白石路深圳大学(粤海校区),,1,0,113.946218,22.535085,,life,http://api.map.baidu.com/place/detail?uid=daf8ba7ee2f9c205eddfcace&output=html&source=placeapi_v2,,00:00-24:00,,,,,,,,4,,,,,,,,,,0
60d9990970b2facc4bcc4aff,T马图文(高新南一道店),生活服务,图文快印店,广东省,深圳市,南山区,深圳市南山区高新南一道21-1号,60d9990970b2facc4bcc4aff,1,0,113.953041,22.543977,(0755)26991096,life,http://api.map.baidu.com/place/detail?uid=60d9990970b2facc4bcc4aff&output=html&source=placeapi_v2,,08:00-17:00,1.1,,,,,,,28,9,,,,,,,113.95311591792,22.544114679744,0
71be52f3a6992c7c902ca3ae,ABG快印(深圳湾科技生态园店),生活服务,图文快印店,广东省,深圳市,南山区,广东省深圳市南山区科技南路16号深圳湾科技生态园三区10栋B座1层,71be52f3a6992c7c902ca3ae,1,0,113.957978,22.536793,(0755)86312323,life,http://api.map.baidu.com/place/detail?uid=71be52f3a6992c7c902ca3ae&output=html&source=placeapi_v2,,10:00-18:00,5.0,,,,,,,12,3,,,,,,,113.95798270362,22.537128651547,0
1867bcd61e11d9b593114c2e,图文快印,生活服务,图文快印店,广东省,深圳市,南山区,广东省深圳市南山区高新南一道3-1号,1867bcd61e11d9b593114c2e,1,0,113.961246,22.544422,18038041606,life,http://api.map.baidu.com/place/detail?uid=1867bcd61e11d9b593114c2e&output=html&source=placeapi_v2,,,,,,,,,,5,2,,,,,,,113.96123581391,22.544499637855,0
500cbc6ee0c7334e2811d19b,永丰图文广告(科兴二店),生活服务,图文快印店,广东省,深圳市,南山区,高新中一道科兴科学园A4栋A-122号,500cbc6ee0c7334e2811d19b,1,0,113.949961,22.554753,"(0755)86716993,18194096193",life,http://api.map.baidu.com/place/detail?uid=500cbc6ee0c7334e2811d19b&output=html&source=placeapi_v2,,08:00-23:00,4.1,,,,,,,12,14,,,,,,,113.94984927126,22.555021521637,0
26fa3673f886a0a8bfa24085,迅速图文广告印刷(科技园店),生活服务,图文快印店,广东省,深圳市,南山区,广东省深圳市南山区高新中四道6号凯丽花园9栋b101,26fa3673f886a0a8bfa24085,1,0,113.945312,22.548387,(0755)21677705,enterprise,http://api.map.baidu.com/place/detail?uid=26fa3673f886a0a8bfa24085&output=html&source=placeapi_v2,,10:00-22:00,5,,,,,,,,6,,,,,,,113.9452494988,22.548264629186,0
faf271465770a84e5cbe8610,万盛源图文快印,生活服务,图文快印店,广东省,深圳市,南山区,广东省深圳市南山区科苑北路5号25栋2楼,faf271465770a84e5cbe8610,1,0,113.951629,22.551101,(0755)26916936,life,http://api.map.baidu.com/place/detail?uid=faf271465770a84e5cbe8610&output=html&source=placeapi_v2,,08:30-00:30,5.0,,,,,,,11,1,,,,,,,,,0
66a34f09939dff37e215f951,三壹云印图文(科苑西店),生活服务,图文快印店,广东省,深圳市,南山区,广东省深圳市南山区科苑路25栋1楼108室,,1,0,113.951298,22.550904,13480785052,life,http://api.map.baidu.com/place/detail?uid=66a34f09939dff37e215f951&output=html&source=placeapi_v2,,09:00-19:30,,,,,,,,23,4,,,,,,,,,0
2b317ab61ffd1a9aa80dd81c,飓升图文快印有限公司,生活服务,图文快印店,广东省,深圳市,南山区,广东省深圳市南山区南海大道4052号缘来居5号铺,2b317ab61ffd1a9aa80dd81c,1,0,113.94067,22.551435,18923481685,life,http://api.map.baidu.com/place/detail?uid=2b317ab61ffd1a9aa80dd81c&output=html&source=placeapi_v2,,09:00-18:30,,,,,,,,17,,,,,,,,113.94048664494,22.551031589559,0
6907af0c8e4f19217bf796db,凌世快印,生活服务,图文快印店,广东省,深圳市,南山区,深圳市南山区桂庙新村68-3-2号,6907af0c8e4f19217bf796db,1,0,113.940288,22.532274,15013603248,life,http://api.map.baidu.com/place/detail?uid=6907af0c8e4f19217bf796db&output=html&source=placeapi_v2,,08:30-23:00,1.2,,,,,,,13,2,,,,,,,113.9402623761,22.532347904354,0
ad49eec98c1e798694ec84c0,科美照相图文打印,生活服务,图文快印店,广东省,深圳市,南山区,广东省深圳市南山区高新南一道中科大厦裙楼一楼118号,ad49eec98c1e798694ec84c0,1,0,113.958738,22.544003,(0755)86671382,life,http://api.map.baidu.com/place/detail?uid=ad49eec98c1e798694ec84c0&output=html&source=placeapi_v2,,09:00-19:00,2.4,,,,,,,15,19,,,,,,,113.95868498743,22.544002720131,0
eec46a529ea462e87adbd23a,本色图文(南山店),生活服务,图文快印店,广东省,深圳市,南山区,广东省深圳市南山区科技路11号伟杰大厦1楼101a,eec46a529ea462e87adbd23a,1,0,113.955742,22.548066,13718317153,life,http://api.map.baidu.com/place/detail?uid=eec46a529ea462e87adbd23a&output=html&source=placeapi_v2,,09:00-22:00,,,,,,,,2,7,,,,,,,,,0
6699af3bf1493794fea77877,互利图文快印,生活服务,图文快印店,广东省,深圳市,南山区,深圳市南山区学府路厚德品园,,1,0,113.936743,22.531906,,life,http://api.map.baidu.com/place/detail?uid=6699af3bf1493794fea77877&output=html&source=placeapi_v2,,,,,,,,,,2,,,,,,,,113.93663454055,22.531732900982,0
5a14dffd2fbf685cec74f89e,鑫丰鹏图文广告,生活服务,图文快印店,广东省,深圳市,南山区,广东省深圳市南山区南光村88号一楼(南山地铁站D口步行200米),5a14dffd2fbf685cec74f89e,1,0,113.932556,22.528821,"(0755)86053335,18825285069",life,http://api.map.baidu.com/place/detail?uid=5a14dffd2fbf685cec74f89e&output=html&source=placeapi_v2,,,0,,,,,,,17,0,,,,,,,113.93257488236,22.52889643534,0
4cf8d24e54cf1be69df779bf,创业印章(总部营业部),生活服务,图文快印店,广东省,深圳市,南山区,广东省深圳市南山区科技中一路9号,4cf8d24e54cf1be69df779bf,1,0,113.941495,22.549259,(0755)86111112,life,http://api.map.baidu.com/place/detail?uid=4cf8d24e54cf1be69df779bf&output=html&source=placeapi_v2,,08:30-18:00,4,,,,,,,24,4,,,,,,,113.94148478073,22.549157951395,0
b42e9b88680f85ecf403b8b8,思睿缔3D打印(南山店),生活服务,图文快印店,广东省,深圳市,南山区,广东省深圳市南山区粤海街道麻雀岭工业区M8鑫腾达大厦西座702室,,1,0,113.947165,22.546817,,life,http://api.map.baidu.com/place/detail?uid=b42e9b88680f85ecf403b8b8&output=html&source=placeapi_v2,,,,,,,,,,1,1,,,,,,,,,0
ff861f92e8dca4284107c106,创业印章(深圳湾生态园旗舰店),生活服务,图文快印店,广东省,深圳市,南山区,广东省深圳市南山区深圳湾科技生态园8栋130室,ff861f92e8dca4284107c106,1,0,113.959049,22.537055,(0755)86565484,life,http://api.map.baidu.com/place/detail?uid=ff861f92e8dca4284107c106&output=html&source=placeapi_v2,,08:30-18:00,3,,,,,,,6,5,,,,,,,113.95902477933,22.537138415593,0
a4668cc6c1b3db39283a9f73,兴华图文广告,生活服务,图文快印店,广东省,深圳市,南山区,广东深圳市南山区高新中二道35-18号cd座3楼,a4668cc6c1b3db39283a9f73,1,0,113.940625,22.551087,"(0755)86334056,(0755)86335435",life,http://api.map.baidu.com/place/detail?uid=a4668cc6c1b3db39283a9f73&output=html&source=placeapi_v2,,08:30-11:00,0.0,,,,,,,7,3,,,,,,,113.94060090433,22.551146525496,0
608084340fd56ee9a8059db9,炎龙印章(瑞峰店),生活服务,图文快印店,广东省,深圳市,南山区,广东省深圳市南山区桂庙路22-88号瑞峰商业广场176号,608084340fd56ee9a8059db9,1,0,113.932076,22.530475,18211554433,life,http://api.map.baidu.com/place/detail?uid=608084340fd56ee9a8059db9&output=html&source=placeapi_v2,,09:00-18:00,4.5,,,,,,,5,2,,,,,,,113.932096314,22.530565029592,0
d69266b5c987726c15c90561,华丰图文快印,生活服务,图文快印店,广东省,深圳市,南山区,广东省深圳市南山区玉泉路25号,d69266b5c987726c15c90561,1,0,113.934028,22.551636,,life,http://api.map.baidu.com/place/detail?uid=d69266b5c987726c15c90561&output=html&source=placeapi_v2,,,,,,,,,,,,,,,,,,,,0
0df94bd41f155a515d0d028c,鸿运图文快印(智慧广场店),生活服务,图文快印店,广东省,深圳市,南山区,广东省深圳市南山区桥香路4068智慧广场B109号,0df94bd41f155a515d0d028c,1,0,113.989043,22.556401,15889712232,life,http://api.map.baidu.com/place/detail?uid=0df94bd41f155a515d0d028c&output=html&source=placeapi_v2,,08:00-23:30,,,,,,,,1,,,,,,,,113.98918869348,22.556609687299,0
e6c45812e3f5df684107c169,莲之印理想店,生活服务,图文快印店,广东省,深圳市,南山区,广东省深圳市南山区香山东街北区a3栋106a,,1,0,113.9988,22.54528,18923439884,life,http://api.map.baidu.com/place/detail?uid=e6c45812e3f5df684107c169&output=html&source=placeapi_v2,,11:00-22:00,,,,,,,,5,,,,,,,,113.9988741651,22.545429183606,0
13180b5bff5e44f3c3364476,深圳市快乐享印文化传播有限公司,生活服务,图文快印店,广东省,深圳市,南山区,广东省深圳市南山区深南大道沙河世纪假日广场5栋,13180b5bff5e44f3c3364476,1,0,113.979562,22.544259,4001008540,life,http://api.map.baidu.com/place/detail?uid=13180b5bff5e44f3c3364476&output=html&source=placeapi_v2,,09:00-18:30,0.0,,,,,,,1,0,,,,,,,113.97964558712,22.544509056574,0
d2ce7b77b64dc4ab7dc876b3,艺川快印(泰然四路店),生活服务,图文快印店,广东省,深圳市,福田区,深圳市福田区泰然工贸园210栋5楼,d2ce7b77b64dc4ab7dc876b3,1,0,114.032718,22.539422,(0755)83406759,life,http://api.map.baidu.com/place/detail?uid=d2ce7b77b64dc4ab7dc876b3&output=html&source=placeapi_v2,,00:00-24:00,0,,,,,,,6,3,,,,,,,,,0
22e320decc36fe5fd1f49e7d,鑫博鑫图文快印(天地源盛唐大厦西座店),生活服务,图文快印店,广东省,深圳市,福田区,广东省深圳市福田区泰然九路盛唐大厦西座1-9商铺,,1,0,114.030451,22.536102,(0755)88996658,life,http://api.map.baidu.com/place/detail?uid=22e320decc36fe5fd1f49e7d&output=html&source=placeapi_v2,,08:00-23:00,3,,,,,,,12,3,,,,,,,114.03042672482,22.536242774333,0
da480f4540cd1935efe4a53d,百图腾数码快印,生活服务,图文快印店,广东省,深圳市,福田区,广东省深圳市福田区泰然六路21号4栋1层,da480f4540cd1935efe4a53d,1,0,114.032663,22.53778,"(0755)82578600,(0755)82578601",life,http://api.map.baidu.com/place/detail?uid=da480f4540cd1935efe4a53d&output=html&source=placeapi_v2,,08:00-24:00,3,,,,,,,14,1,,,,,,,,,0
afe369a0d61f0e3c250bd035,深博快印(车公庙店),生活服务,图文快印店,广东省,深圳市,福田区,广东省深圳市福田区泰然六路23号4栋1楼,afe369a0d61f0e3c250bd035,1,0,114.032594,22.53776,"(0755)82976584,(0755)82977339,(0755)82977369,13528827675",life,http://api.map.baidu.com/place/detail?uid=afe369a0d61f0e3c250bd035&output=html&source=placeapi_v2,,00:00-24:00,3.4,,,,,,,18,6,,,,,,,114.03257779821,22.537880316227,0
1ff9fff5199a488d132935b1,天意快印(车公庙店),生活服务,图文快印店,广东省,深圳市,福田区,广东省深圳市福田区泰然六路17号安华工业区4栋1楼,1ff9fff5199a488d132935b1,1,0,114.032779,22.537784,(0755)82027771,life,http://api.map.baidu.com/place/detail?uid=1ff9fff5199a488d132935b1&output=html&source=placeapi_v2,,08:00-22:00,2.3,,,,,,,7,4,,,,,,,114.03268316495,22.537900473858,0
b5372fb34ccbec098d772712,创业印章(车公庙泰然店),生活服务,图文快印店,广东省,深圳市,福田区,广东省深圳市福田区泰然四路80号安华小区9栋1层103号,b5372fb34ccbec098d772712,1,0,114.033342,22.539869,(0755)83828264,life,http://api.map.baidu.com/place/detail?uid=b5372fb34ccbec098d772712&output=html&source=placeapi_v2,,"08:30-12:00,14:00-18:00",3.5,,,,,,,16,6,,,,,,,114.03337560489,22.539721828388,0
8b8d1b385d7f623d940319a9,深圳市典瑞小马运动与康复训练中心(泰然四路店),生活服务,图文快印店,广东省,深圳市,福田区,福田区泰然四路133号,,1,0,114.031481,22.539114,(0755)83689926,life,http://api.map.baidu.com/place/detail?uid=8b8d1b385d7f623d940319a9&output=html&source=placeapi_v2,,"08:30-12:00,14:00-17:30",0.0,,,,,,,1,1,,,,,,,114.03143321506,22.539370261099,0
227cc2fd248ed3f3c17da244,印刷招牌店,生活服务,图文快印店,广东省,深圳市,福田区,深圳市福田区东头村路下沙社区,,1,0,114.034081,22.529386,18923813964,life,http://api.map.baidu.com/place/detail?uid=227cc2fd248ed3f3c17da244&output=html&source=placeapi_v2,,,,,,,,,,3,,,,,,,,114.03400041558,22.529334558695,0
5302a7b5cd6225053617dcc2,集中地数码图文中心,生活服务,图文快印店,广东省,深圳市,福田区,深圳市福田区下沙村五坊14-4号,5302a7b5cd6225053617dcc2,1,0,114.032878,22.530065,"(0755)82556905,13824367720",life,http://api.map.baidu.com/place/detail?uid=5302a7b5cd6225053617dcc2&output=html&source=placeapi_v2,,09:00-22:00,0,,,,,,,20,0,,,,,,,114.03284173294,22.530189026606,0
ad373e18cb462f57fa42b2cd,吉祥印刷,生活服务,图文快印店,广东省,深圳市,福田区,广东省深圳市福田区沙头街道车公庙泰然四路210栋西侧一楼,ad373e18cb462f57fa42b2cd,1,0,114.032428,22.539098,"13692175262,15014060980",life,http://api.map.baidu.com/place/detail?uid=ad373e18cb462f57fa42b2cd&output=html&source=placeapi_v2,,00:00-23:30,0,,,,,,,9,0,,,,,,,114.03228725,22.539073337725,0
f6c65b52e6f976c38f55ec9b,国彩数码图文(车公庙店),生活服务,图文快印店,广东省,深圳市,福田区,广东省深圳市福田区莲花西路tt国际公寓ab座1楼,f6c65b52e6f976c38f55ec9b,1,0,114.038024,22.537401,,life,http://api.map.baidu.com/place/detail?uid=f6c65b52e6f976c38f55ec9b&output=html&source=placeapi_v2,,08:30-22:00,,,,,,,,,,,,,,,,,,0
c970da0ee41d883b40afe6a5,佳能打印机维修,生活服务,图文快印店,广东省,深圳市,福田区,深圳市福田区泰然七路25号苍松大厦北座10楼(店话-叁陆伍叁陆伍贰壹),,1,0,114.033276,22.538526,,life,http://api.map.baidu.com/place/detail?uid=c970da0ee41d883b40afe6a5&output=html&source=placeapi_v2,,,,,,,,,,1,,,,,,,,,,0
6571a4c3a9f68fc2008972d9,竹林图文,生活服务,图文快印店,广东省,深圳市,福田区,广东省深圳市福田区紫竹六道育星苑1栋首层30号,6571a4c3a9f68fc2008972d9,1,0,114.015551,22.541311,13510512700,life,http://api.map.baidu.com/place/detail?uid=6571a4c3a9f68fc2008972d9&output=html&source=placeapi_v2,,08:30-23:00,2,,,,,,,18,5,,,,,,,114.01551092507,22.541180260725,0
94a0ffcf61ce5d467ec876a3,T马图文(福田总店),生活服务,图文快印店,广东省,深圳市,福田区,广东省深圳市福田区香梅路1025号东方玫瑰花园6栋17号,94a0ffcf61ce5d467ec876a3,1,0,114.047494,22.545729,"18988756771,4008505775",life,http://api.map.baidu.com/place/detail?uid=94a0ffcf61ce5d467ec876a3&output=html&source=placeapi_v2,,08:00-01:00,2.3,,,,,,,40,5,,,,,,,114.04742751052,22.545709681989,0
7524cb4f49f2223504026f2f,梅艳数码照相打印店,生活服务,图文快印店,广东省,深圳市,福田区,广东省深圳市福田区上沙龙秋村二巷10号102室,7524cb4f49f2223504026f2f,1,0,114.037847,22.531285,"(0755)83308351,15914061870",life,http://api.map.baidu.com/place/detail?uid=7524cb4f49f2223504026f2f&output=html&source=placeapi_v2,,08:30-23:00,1,,,,,,,21,5,,,,,,,114.03779680859,22.531298148416,0
0caf0338dbee16f79ee321ff,柯达(大围路店),生活服务,图文快印店,广东省,深圳市,福田区,广东省深圳市福田区大围路三坊b座,0caf0338dbee16f79ee321ff,1,0,114.031609,22.530629,,life,http://api.map.baidu.com/place/detail?uid=0caf0338dbee16f79ee321ff&output=html&source=placeapi_v2,,09:00-20:00,0,,,,,,,14,0,,,,,,,114.03166846306,22.530699898728,0
16c2461de59df15b03ff2d3f,Lee(深圳印力中心店),生活服务,图文快印店,广东省,深圳市,福田区,广东省深圳市福田区香蜜湖街道竹园社区农林路69号深圳印力中心F2,16c2461de59df15b03ff2d3f,1,0,114.017549,22.550802,,life,http://api.map.baidu.com/place/detail?uid=16c2461de59df15b03ff2d3f&output=html&source=placeapi_v2,,,,,,,,,,,,,,,,,,114.01927800965,22.55212646138,0
293981a0929041e693114c06,柯达影像网络(经典数码摄影冲印中心店),生活服务,图文快印店,广东省,深圳市,福田区,深圳市福田区上沙龙秋村一巷10-3号,293981a0929041e693114c06,1,0,114.037962,22.531085,,life,http://api.map.baidu.com/place/detail?uid=293981a0929041e693114c06&output=html&source=placeapi_v2,,10:00-21:00,1,,,,,,,28,6,,,,,,,114.03787358946,22.530994844907,0
6596a0adacc54834b320a8b4,柯达(福沙路店),生活服务,图文快印店,广东省,深圳市,福田区,广东省深圳市福田区上沙东村路贵发大厦北侧,6596a0adacc54834b320a8b4,1,0,114.03949,22.526419,13927445968,life,http://api.map.baidu.com/place/detail?uid=6596a0adacc54834b320a8b4&output=html&source=placeapi_v2,,09:00-21:00,,,,,,,,3,,,,,,,,114.03957569335,22.526296211037,0
8124df32d8397f649a00507c,奈印图文快印(会展中心店),生活服务,图文快印店,广东省,深圳市,福田区,福田区中心五路18号,8124df32d8397f649a00507c,1,0,114.067859,22.539767,19926690966,life,http://api.map.baidu.com/place/detail?uid=8124df32d8397f649a00507c&output=html&source=placeapi_v2,,09:00-24:00,5,,,,,,,14,2,,,,,,,114.06766103096,22.539765377248,0
a362c5de885bb96a28201aeb,鸿图图文(彩田路店),生活服务,图文快印店,广东省,深圳市,福田区,广东省深圳市福田区彩田南路福源大厦三栋首层,a362c5de885bb96a28201aeb,1,0,114.076004,22.538222,"(0755)82991151,13828751464",life,http://api.map.baidu.com/place/detail?uid=a362c5de885bb96a28201aeb&output=html&source=placeapi_v2,,08:00-23:00,0,,,,,,,14,0,,,,,,,114.07598735556,22.538264777953,0
71574e2d8e2756727369d3ab,724图文快印,生活服务,图文快印店,广东省,深圳市,福田区,深圳市福田区民田路兴业银行大厦1楼189号,71574e2d8e2756727369d3ab,1,0,114.05931,22.544213,"(0755)83024022,(0755)83024033",life,http://api.map.baidu.com/place/detail?uid=71574e2d8e2756727369d3ab&output=html&source=placeapi_v2,,00:00-24:00,3.5,,,,,,,11,8,,,,,,,114.0594062739,22.544260975645,0
ce5235a84d3eb8593f9a5e3b,小黑图文,生活服务,图文快印店,广东省,深圳市,福田区,广东省深圳市福田区岗夏村东四坊13-2号,ce5235a84d3eb8593f9a5e3b,1,0,114.07551,22.542485,(0755)82880203,life,http://api.map.baidu.com/place/detail?uid=ce5235a84d3eb8593f9a5e3b&output=html&source=placeapi_v2,,09:00-22:00,5,,,,,,,18,2,,,,,,,114.07529607533,22.542365013633,0
fbbbb98dc823f27bb21e36e8,沙姆图文广告设计快印喷绘,生活服务,图文快印店,广东省,深圳市,福田区,广东省深圳市福田区福华三路111号深圳会展中心2层,fbbbb98dc823f27bb21e36e8,1,0,114.065694,22.536642,13172459712,life,http://api.map.baidu.com/place/detail?uid=fbbbb98dc823f27bb21e36e8&output=html&source=placeapi_v2,,09:00-20:00,5.0,,,,,,,7,2,,,,,,,114.06509308811,22.536640037183,0
408e8ecae7c46194ce04ef93,赛牛快印(购物公园店),生活服务,图文快印店,广东省,深圳市,福田区,深圳市福田区民田路138号购物公园B1,408e8ecae7c46194ce04ef93,1,0,114.060093,22.540719,(0755)88877667,life,http://api.map.baidu.com/place/detail?uid=408e8ecae7c46194ce04ef93&output=html&source=placeapi_v2,,08:30-21:30,3,,,,,,,15,5,,,,,,,114.05970107667,22.541511021355,0
33239a253fadc25e09b93a5f,柯达影像(岗厦店),生活服务,图文快印店,广东省,深圳市,福田区,广东省深圳市福田区福华路299号福华新村32栋1楼4号,33239a253fadc25e09b93a5f,1,0,114.076116,22.540214,13530853187,life,http://api.map.baidu.com/place/detail?uid=33239a253fadc25e09b93a5f&output=html&source=placeapi_v2,,09:30-21:30,4,,,,,,,8,,,,,,,,114.0759650147,22.540327012423,0
c0161a7af7dd95dc631809f4,深圳市方园图文设计有限公司,生活服务,图文快印店,广东省,深圳市,福田区,广东省深圳市福田区福华路245号福华新村1栋109室,c0161a7af7dd95dc631809f4,1,0,114.078147,22.540952,(0755)83750819,life,http://api.map.baidu.com/place/detail?uid=c0161a7af7dd95dc631809f4&output=html&source=placeapi_v2,,08:00-22:00,0.0,,,,,,,13,,,,,,,,114.07811122466,22.541079444254,0
3da58c867d56abec0189728a,柯达(东怡店),生活服务,图文快印店,广东省,深圳市,福田区,广东省深圳市福田区金田路2004-11号田面花园3栋1楼,3da58c867d56abec0189728a,1,0,114.076881,22.536714,(0755)82523939,life,http://api.map.baidu.com/place/detail?uid=3da58c867d56abec0189728a&output=html&source=placeapi_v2,,10:30-21:00,0,,,,,,,13,1,,,,,,,,,0
58076212e642fde66140a9df,创业印章(安联大厦店),生活服务,图文快印店,广东省,深圳市,福田区,广东省深圳市福田区金田路4018号安联大厦首层1B01-A-H,58076212e642fde66140a9df,1,0,114.070082,22.548126,(0755)23487715,life,http://api.map.baidu.com/place/detail?uid=58076212e642fde66140a9df&output=html&source=placeapi_v2,,08:30-18:00,4,,,,,,,10,3,,,,,,,114.06969447034,22.548122371687,0
4941d11f28703f364e776e79,艺林数码摄影冲印中心,生活服务,图文快印店,广东省,深圳市,福田区,广东深圳市福田区福田南路皇城广场7-22号,4941d11f28703f364e776e79,1,0,114.082588,22.531091,(0755)83395761,life,http://api.map.baidu.com/place/detail?uid=4941d11f28703f364e776e79&output=html&source=placeapi_v2,,09:00-21:00,1.6,,,,,,,13,6,,,,,,,114.08266179514,22.531265610911,0
27091ea5566ce2c09ff779a0,创业印章(岗厦店),生活服务,图文快印店,广东省,深圳市,福田区,广东省深圳市福田区福中路24号振业花园一楼,27091ea5566ce2c09ff779a0,1,0,114.078385,22.550764,18814226231,life,http://api.map.baidu.com/place/detail?uid=27091ea5566ce2c09ff779a0&output=html&source=placeapi_v2,,,1,,,,,,,3,1,,,,,,,,,0
fa8cc2b86b0a9d423517dcac,福贝喷绘图文,生活服务,图文快印店,广东省,深圳市,福田区,广东省深圳市福田区福宁街26号,fa8cc2b86b0a9d423517dcac,1,0,114.086005,22.538338,"(0755)83952258,18925281905",life,http://api.map.baidu.com/place/detail?uid=fa8cc2b86b0a9d423517dcac&output=html&source=placeapi_v2,,09:00-24:00,0,,,,,,,20,1,,,,,,,114.08596817296,22.538296632154,0
54dab44c8084b3c0c27da2e7,创业印章(石厦店),生活服务,图文快印店,广东省,深圳市,福田区,广东深圳市福田区福民路164号博伦花园1层6号(福田区委对面),54dab44c8084b3c0c27da2e7,1,0,114.061729,22.529028,(0755)83820949,life,http://api.map.baidu.com/place/detail?uid=54dab44c8084b3c0c27da2e7&output=html&source=placeapi_v2,,08:30-18:00,1,,,,,,,19,6,,,,,,,114.06179700757,22.528985726794,0
d7792e5852b06af8715e8079,红绿蓝照相馆(福民楼南),生活服务,图文快印店,广东省,深圳市,福田区,广东省深圳市福田区福星路大门坊103号一层109室,d7792e5852b06af8715e8079,1,0,114.086955,22.537042,(0755)83757962,life,http://api.map.baidu.com/place/detail?uid=d7792e5852b06af8715e8079&output=html&source=placeapi_v2,,09:00-23:00,0,,,,,,,18,2,,,,,,,114.08707336272,22.536946100869,0
2bb8ccacb1afa6a3ddee8b1f,一鸣印章(刻章店刻公章),生活服务,图文快印店,广东省,深圳市,福田区,深圳市福田区田面村35栋102号,,1,0,114.082355,22.549959,,life,http://api.map.baidu.com/place/detail?uid=2bb8ccacb1afa6a3ddee8b1f&output=html&source=placeapi_v2,,09:00-19:00,,,,,,,,5,1,,,,,,,114.08235348041,22.550006673234,0
9f297595aa26db1af32d83e5,海利广告图文快印照相冲印店,生活服务,图文快印店,广东省,深圳市,罗湖区,广东省深圳市罗湖区嘉宾路4018号爵士大厦B座一楼门口(靠近友琪便利店),9f297595aa26db1af32d83e5,1,0,114.121392,22.54616,"(0755)25898459,13430570223",life,http://api.map.baidu.com/place/detail?uid=9f297595aa26db1af32d83e5&output=html&source=placeapi_v2,,07:00-24:00,4.5,,,,,,,46,13,,,,,,,114.12145757903,22.54617749297,0
9b39e20bf2f5ed1ab23c813c,珍珍图文,生活服务,图文快印店,广东省,深圳市,罗湖区,广东深圳市罗湖区红宝路47号,9b39e20bf2f5ed1ab23c813c,1,0,114.114948,22.552631,13622365825,life,http://api.map.baidu.com/place/detail?uid=9b39e20bf2f5ed1ab23c813c&output=html&source=placeapi_v2,,09:30-20:00,4,,,,,,,23,3,,,,,,,114.11493664369,22.552791993778,0
bcc18e3eecca043208ccdd53,佳快图文广告(地王店),生活服务,图文快印店,广东省,深圳市,罗湖区,广东省深圳市罗湖区解放路3068号,bcc18e3eecca043208ccdd53,1,0,114.118631,22.550493,15338805323,life,http://api.map.baidu.com/place/detail?uid=bcc18e3eecca043208ccdd53&output=html&source=placeapi_v2,,,,,,,,,,10,2,,,,,,,,,0
a68926dfb154e5ae71210bff,大信图文广告(煤场路),生活服务,图文快印店,广东省,深圳市,罗湖区,广东省深圳市罗湖区宝安南路2066号大信大厦1楼,a68926dfb154e5ae71210bff,1,0,114.117093,22.555331,"(0755)25469891,13423992924",life,http://api.map.baidu.com/place/detail?uid=a68926dfb154e5ae71210bff&output=html&source=placeapi_v2,,10:00-22:00,0,,,,,,,12,0,,,,,,,114.11714910369,22.555265588063,0
e7ae1bd800b35253077ce8af,大树图文(振中路店),生活服务,图文快印店,广东省,深圳市,福田区,广东省深圳市福田区振中路8号,e7ae1bd800b35253077ce8af,1,0,114.102305,22.548956,18923498461,life,http://api.map.baidu.com/place/detail?uid=e7ae1bd800b35253077ce8af&output=html&source=placeapi_v2,,00:00-24:00,0,,,,,,,19,2,,,,,,,,,0
32c0d29de0f5d8f04c6d4648,来图印工作室(罗湖商业城店),生活服务,图文快印店,广东省,深圳市,罗湖区,广东省深圳市罗湖区广场路25号罗湖商业城F4,32c0d29de0f5d8f04c6d4648,1,0,114.125413,22.536476,,life,http://api.map.baidu.com/place/detail?uid=32c0d29de0f5d8f04c6d4648&output=html&source=placeapi_v2,,10:00-22:00,,,,,,,,,,,,,,,,,,0
fb0590a39f748c33f7231026,奥达图文广告,生活服务,图文快印店,广东省,深圳市,罗湖区,广东省深圳市罗湖区红桂路2049-1号,fb0590a39f748c33f7231026,1,0,114.113861,22.555941,18929392159,life,http://api.map.baidu.com/place/detail?uid=fb0590a39f748c33f7231026&output=html&source=placeapi_v2,,10:00-22:00,,,,,,,,21,,,,,,,,114.11383713931,22.555997826858,0
edd9273ea4f934fbabf7290a,无限图文NO.5(南虹街店),生活服务,图文快印店,广东省,深圳市,罗湖区,广东省深圳市罗湖区迎春路南虹街11号,edd9273ea4f934fbabf7290a,1,0,114.124461,22.548257,13145892388,life,http://api.map.baidu.com/place/detail?uid=edd9273ea4f934fbabf7290a&output=html&source=placeapi_v2,,09:00-21:00,2.7,,,,,,,24,8,,,,,,,114.12465086378,22.548303215633,0
933828d24afb76bd04026ff3,柯达(文山楼店),生活服务,图文快印店,广东省,深圳市,罗湖区,广东省深圳市罗湖区新园路2号文山楼1楼,933828d24afb76bd04026ff3,1,0,114.124063,22.552246,,life,http://api.map.baidu.com/place/detail?uid=933828d24afb76bd04026ff3&output=html&source=placeapi_v2,,10:00-21:00,5,,,,,,,17,2,,,,,,,114.12388720708,22.552365393461,0
95f33fdadf1f2cfa85420efb,光龙彩快印广告(金龙二店),生活服务,图文快印店,广东省,深圳市,罗湖区,广东省深圳市罗湖区宝安南路2087号,95f33fdadf1f2cfa85420efb,1,0,114.116408,22.55213,"(0755)25906930,18926442450",life,http://api.map.baidu.com/place/detail?uid=95f33fdadf1f2cfa85420efb&output=html&source=placeapi_v2,,,0,,,,,,,15,2,,,,,,,114.11660632864,22.552253080827,0
c301133650b42f2846e27432,盛达图文(松岭路店),生活服务,图文快印店,广东省,深圳市,福田区,广东省深圳市福田区深南中路统建楼1栋104室,c301133650b42f2846e27432,1,0,114.100097,22.546243,13530276651,life,http://api.map.baidu.com/place/detail?uid=c301133650b42f2846e27432&output=html&source=placeapi_v2,,09:00-21:00,0,,,,,,,11,1,,,,,,,114.10010063144,22.546159081192,0
40663528b586efd3932ca362,万昌隆图文(振华路店),生活服务,图文快印店,广东省,深圳市,福田区,广东省深圳市福田区振华路45号汽车大厦2楼,40663528b586efd3932ca362,1,0,114.10022,22.550449,(0755)83341863,life,http://api.map.baidu.com/place/detail?uid=40663528b586efd3932ca362&output=html&source=placeapi_v2,,10:00-22:00,0,,,,,,,21,1,,,,,,,114.10021290435,22.55058454125,0
ba1e5d9d764fa2888c1a890c,特徕福图文店,生活服务,图文快印店,广东省,深圳市,福田区,广东省深圳市福田区振华路8号设计大厦1401号,ba1e5d9d764fa2888c1a890c,1,0,114.101183,22.550865,,life,http://api.map.baidu.com/place/detail?uid=ba1e5d9d764fa2888c1a890c&output=html&source=placeapi_v2,,,,,,,,,,,,,,,,,,114.10170552789,22.550699906067,0
a91a7b71075014f1abf0cde3,沙姆数码图文(振华路店),生活服务,图文快印店,广东省,深圳市,福田区,深圳市福田区振华路45号汽车大厦1层,a91a7b71075014f1abf0cde3,1,0,114.100452,22.550278,,life,http://api.map.baidu.com/place/detail?uid=a91a7b71075014f1abf0cde3&output=html&source=placeapi_v2,,,,,,,,,,,,,,,,,,,,0
de86808e2aa623c23b221c9c,泉胜招牌印刷,生活服务,图文快印店,广东省,深圳市,福田区,广东省深圳市福田区燕南路42-3号,de86808e2aa623c23b221c9c,1,0,114.099733,22.549273,(0755)83234004,life,http://api.map.baidu.com/place/detail?uid=de86808e2aa623c23b221c9c&output=html&source=placeapi_v2,,,0.0,,,,,,,7,,,,,,,,114.09959295049,22.549358684191,0
33795574e146ac74e8e582c5,博美图文(新湖路店),生活服务,图文快印店,广东省,深圳市,宝安区,深圳市宝安区海湾明珠花园119商铺,33795574e146ac74e8e582c5,1,0,113.868172,22.582121,,life,http://api.map.baidu.com/place/detail?uid=33795574e146ac74e8e582c5&output=html&source=placeapi_v2,,,2,,,,,,,8,2,,,,,,,113.86824074568,22.582203101037,0
dc2da55c8560c70a51e5c54e,君逸快印图文广告(西乡店),生活服务,图文快印店,广东省,深圳市,宝安区,广东省深圳市宝安区西乡街道槟城西岸1座115号(悦和路7-56号),dc2da55c8560c70a51e5c54e,1,0,113.864529,22.576958,15622809293,life,http://api.map.baidu.com/place/detail?uid=dc2da55c8560c70a51e5c54e&output=html&source=placeapi_v2,,09:00-22:00,0.0,,,,,,,30,2,,,,,,,113.86465671386,22.577126764545,0
c07dda9f64c816da6c47601b,耕耘图文(西乡分店),生活服务,图文快印店,广东省,深圳市,宝安区,广东省深圳市宝安区宝源路168号名优采购中心a座102号,c07dda9f64c816da6c47601b,1,0,113.872853,22.573681,13686813426,life,http://api.map.baidu.com/place/detail?uid=c07dda9f64c816da6c47601b&output=html&source=placeapi_v2,,08:00-22:00,0.0,,,,,,,11,,,,,,,,113.87276467128,22.573572351645,0
ba486d565229809851e5c54c,首创图文(西乡大道店),生活服务,图文快印店,广东省,深圳市,宝安区,广东省深圳市宝安区西乡大道337-15号天琴阁1层337-15号,ba486d565229809851e5c54c,1,0,113.870652,22.578951,13717133261,life,http://api.map.baidu.com/place/detail?uid=ba486d565229809851e5c54c&output=html&source=placeapi_v2,,08:30-22:00,3.5,,,,,,,23,2,,,,,,,113.87056760364,22.579027324412,0
744d9aadbff3a42eadb22a59,照片精修打印(坪州新辉店),生活服务,图文快印店,广东省,深圳市,宝安区,深圳市宝安区新湖路轻铁西花园东北侧,,1,0,113.876104,22.575478,,life,http://api.map.baidu.com/place/detail?uid=744d9aadbff3a42eadb22a59&output=html&source=placeapi_v2,,,,,,,,,,1,,,,,,,,113.87612715535,22.575536918144,0
efb926183a5a9dd9fb2d61aa,柯达照相馆(新辉店),生活服务,图文快印店,广东省,深圳市,宝安区,广东省深圳市宝安区一巷14-2号金港华庭42区,efb926183a5a9dd9fb2d61aa,1,0,113.87273,22.575825,18038083381,life,http://api.map.baidu.com/place/detail?uid=efb926183a5a9dd9fb2d61aa&output=html&source=placeapi_v2,,09:00-22:00,0,,,,,,,8,0,,,,,,,113.87264499981,22.575648000287,0
dc8792d3198180544d776e97,乐雅图文快印,生活服务,图文快印店,广东省,深圳市,宝安区,广东省深圳市宝安区创业二路39号,dc8792d3198180544d776e97,1,0,113.907173,22.572473,(0755)27802293,life,http://api.map.baidu.com/place/detail?uid=dc8792d3198180544d776e97&output=html&source=placeapi_v2,,09:00-22:00,0,,,,,,,19,2,,,,,,,113.90721977547,22.572417431717,0
07ba222b82ef32af9cf779f9,印的好专业图文印刷设计,生活服务,图文快印店,广东省,深圳市,宝安区,广东省深圳市宝安区十六巷裕丰花园82区1楼02号,07ba222b82ef32af9cf779f9,1,0,113.886156,22.571014,15813822885,life,http://api.map.baidu.com/place/detail?uid=07ba222b82ef32af9cf779f9&output=html&source=placeapi_v2,,00:00-24:00,0,,,,,,,17,2,,,,,,,113.88608681766,22.571111427244,0
7750239fb187d2d69a005049,兴盛图文大图复印(自由路店),生活服务,图文快印店,广东省,深圳市,宝安区,广东省深圳市宝安区自由路泰华俊庭45区11-6号,7750239fb187d2d69a005049,1,0,113.901,22.570159,15989580989,life,http://api.map.baidu.com/place/detail?uid=7750239fb187d2d69a005049&output=html&source=placeapi_v2,,09:00-21:00,4.4,,,,,,,22,6,,,,,,,113.90110024705,22.570282268496,0
0e99a7c0fa2c8876c7f50da8,钧隆快印(上川总店),生活服务,图文快印店,广东省,深圳市,宝安区,广东省深圳市宝安区上川一路11号群贤花园50区a栋2楼,0e99a7c0fa2c8876c7f50da8,1,0,113.89133,22.572525,(0755)27666848,life,http://api.map.baidu.com/place/detail?uid=0e99a7c0fa2c8876c7f50da8&output=html&source=placeapi_v2,,08:30-22:00,5,,,,,,,30,5,,,,,,,113.89134298825,22.572511393438,0
c71b27495dbd880357bfffc2,钧隆快印(创业店),生活服务,图文快印店,广东省,深圳市,宝安区,广东省深圳市宝安区创业一路2108号b栋2104室,,1,0,113.895572,22.563152,(0755)23229648,life,http://api.map.baidu.com/place/detail?uid=c71b27495dbd880357bfffc2&output=html&source=placeapi_v2,,08:30-22:00,3.7,,,,,,,11,3,,,,,,,113.89564841564,22.563079255134,0
7844184c9cc0a78bb4265581,钧隆快印(建安店),生活服务,图文快印店,广东省,深圳市,宝安区,广东省深圳市宝安区建安一路64号裕宝大厦六区1楼,7844184c9cc0a78bb4265581,1,0,113.914904,22.565781,(0755)23212458,life,http://api.map.baidu.com/place/detail?uid=7844184c9cc0a78bb4265581&output=html&source=placeapi_v2,,08:30-22:00,0,,,,,,,17,0,,,,,,,113.91486320732,22.565820134615,0
c9a047707af9df252b06ce66,好图百年数码图文快印(瑞康奇商务大厦店),生活服务,图文快印店,广东省,深圳市,宝安区,广东省深圳市宝安区新安街道新安三路瑞康奇大厦一楼商铺4~5号,c9a047707af9df252b06ce66,1,0,113.918099,22.580039,(0755)29951016,life,http://api.map.baidu.com/place/detail?uid=c9a047707af9df252b06ce66&output=html&source=placeapi_v2,,08:30-20:00,3.1,,,,,,,23,11,,,,,,,113.91797072276,22.579858840632,0
056f42e6c9ce029a00ff2dcf,世达图文快印,生活服务,图文快印店,广东省,深圳市,宝安区,广东省深圳市宝安区前进一路102号,056f42e6c9ce029a00ff2dcf,1,0,113.910181,22.575897,"(0755)27823782,14775702672",life,http://api.map.baidu.com/place/detail?uid=056f42e6c9ce029a00ff2dcf&output=html&source=placeapi_v2,,08:30-23:30,,,,,,,,7,,,,,,,,,,0
1032a34ae69d62bcc51e5155,震荣快印,生活服务,图文快印店,广东省,深圳市,宝安区,广东省深圳市宝安区创业一路好旺角c栋,1032a34ae69d62bcc51e5155,1,0,113.895811,22.563362,(0755)29790595,life,http://api.map.baidu.com/place/detail?uid=1032a34ae69d62bcc51e5155&output=html&source=placeapi_v2,,09:00-21:00,0.0,,,,,,,23,,,,,,,,113.89582254408,22.563233730604,0
2d5bdb639e5fe32dc42ba119,钧隆快印(前进分店),生活服务,图文快印店,广东省,深圳市,宝安区,广东省深圳市宝安区前进一路285号,2d5bdb639e5fe32dc42ba119,1,0,113.904752,22.580612,(0755)27819376,life,http://api.map.baidu.com/place/detail?uid=2d5bdb639e5fe32dc42ba119&output=html&source=placeapi_v2,,00:00-24:00,3.7,,,,,,,26,5,,,,,,,113.90477277689,22.580632141845,0
64ae8b2c92f03312471a325a,精华广告复印店,生活服务,图文快印店,广东省,深圳市,宝安区,广东省深圳市宝安区建安一路20号,64ae8b2c92f03312471a325a,1,0,113.918218,22.562447,13760339844,life,http://api.map.baidu.com/place/detail?uid=64ae8b2c92f03312471a325a&output=html&source=placeapi_v2,,08:30-00:30,,,,,,,,,,,,,,,,,,0
14fb2f244fc91411cd04efd3,建成文印制作中心,生活服务,图文快印店,广东省,深圳市,宝安区,广东省深圳市宝安区前进一路泰华花园1栋104号,14fb2f244fc91411cd04efd3,1,0,113.904668,22.579834,(0755)27831113,life,http://api.map.baidu.com/place/detail?uid=14fb2f244fc91411cd04efd3&output=html&source=placeapi_v2,,08:30-21:30,0,,,,,,,12,1,,,,,,,113.90471534911,22.579793173012,0
9b97b6bdbf56392e7ec8761d,深圳市睿彩图文快印有限公司,生活服务,图文快印店,广东省,深圳市,宝安区,广东省深圳市宝安区建安一路24区515,9b97b6bdbf56392e7ec8761d,1,0,113.904853,22.575392,"(0755)27822230,13266768099",life,http://api.map.baidu.com/place/detail?uid=9b97b6bdbf56392e7ec8761d&output=html&source=placeapi_v2,,08:30-22:00,,,,,,,,21,,,,,,,,113.90489025279,22.575534876382,0
9cdb1c2681f2843d631c67ab,创业印章(洪浪北路店),生活服务,图文快印店,广东省,深圳市,宝安区,广东深圳市宝安区新安街道办新安路东北侧员工宿舍H栋一层TATA公寓H栋115号铺,9cdb1c2681f2843d631c67ab,1,0,113.920784,22.577761,"(0755)27849588,(0755)86111112",life,http://api.map.baidu.com/place/detail?uid=9cdb1c2681f2843d631c67ab&output=html&source=placeapi_v2,,08:30-18:00,3,,,,,,,46,3,,,,,,,113.92075784073,22.57779241984,0
4ff10f36b332a0b929fc4815,西海岸柯达快速彩色(川安路步行街店),生活服务,图文快印店,广东省,深圳市,宝安区,广东省深圳市宝安区川安路39号,4ff10f36b332a0b929fc4815,1,0,113.895368,22.569898,(0755)29959876,life,http://api.map.baidu.com/place/detail?uid=4ff10f36b332a0b929fc4815&output=html&source=placeapi_v2,,09:00-20:00,2,,,,,,,23,7,,,,,,,113.89546195706,22.569937843553,0
cb355f3da4a0bd0cc51b7569,创业印章(勤诚达店),生活服务,图文快印店,广东省,深圳市,宝安区,广东省深圳市宝安区新安街道前进二路与公园路交汇处勤诚达和园1255号,cb355f3da4a0bd0cc51b7569,1,0,113.916033,22.579077,(0755)27849588,life,http://api.map.baidu.com/place/detail?uid=cb355f3da4a0bd0cc51b7569&output=html&source=placeapi_v2,,09:00-18:00,,,,,,,,9,,,,,,,,113.91592674894,22.578991679707,0
1054a0dab34b6da68505bf95,创业印章(金成时代店),生活服务,图文快印店,广东省,深圳市,宝安区,广东省深圳市宝安区罗田路16号名门华府105号,1054a0dab34b6da68505bf95,1,0,113.888966,22.568175,(0755)23015750,life,http://api.map.baidu.com/place/detail?uid=1054a0dab34b6da68505bf95&output=html&source=placeapi_v2,,08:30-18:00,1,,,,,,,9,2,,,,,,,113.88902971322,22.56806885062,0
3e1c2b5159b1b99480a00cb7,创业印章(新安创新店),生活服务,图文快印店,广东省,深圳市,宝安区,广东省深圳市宝安区新安街道罗田路8号名门华府105号,3e1c2b5159b1b99480a00cb7,1,0,113.890505,22.569648,"(0755)23015750,13632970493",life,http://api.map.baidu.com/place/detail?uid=3e1c2b5159b1b99480a00cb7&output=html&source=placeapi_v2,,09:00-18:30,0,,,,,,,32,0,,,,,,,113.89058365689,22.569619897726,0
25edfb3c931e76469a00507a,飞洋印刷,生活服务,图文快印店,广东省,深圳市,宝安区,广东省深圳市宝安区龙井二路50号二区204,25edfb3c931e76469a00507a,1,0,113.917813,22.563173,"(0755)27750399,(0755)27787537",enterprise,http://api.map.baidu.com/place/detail?uid=25edfb3c931e76469a00507a&output=html&source=placeapi_v2,,09:00-21:00,1.2,,,,,,,,3,,,,,,,113.91770349933,22.563279969299,0
78fc723013cc146cc71e51a5,华佳华数码摄影,生活服务,图文快印店,广东省,深圳市,宝安区,广东深圳市宝安区自由路141-4号,78fc723013cc146cc71e51a5,1,0,113.893985,22.577207,"(0755)27441085,13480802110,13556809630",life,http://api.map.baidu.com/place/detail?uid=78fc723013cc146cc71e51a5&output=html&source=placeapi_v2,,09:00-21:00,5,,,,,,,20,4,,,,,,,113.89404784992,22.577264459881,0
ec75160f0dca89fbf523101d,图特美印刷(宝民二路店),生活服务,图文快印店,广东省,深圳市,宝安区,广东省深圳市宝安区上川路89号35区,ec75160f0dca89fbf523101d,1,0,113.892252,22.584192,"(0755)29641658,(0755)29641659",life,http://api.map.baidu.com/place/detail?uid=ec75160f0dca89fbf523101d&output=html&source=placeapi_v2,,,0.0,,,,,,,19,,,,,,,,113.89241859052,22.584370316155,0
553c5c8fff80d899095cb3a4,轩艺图文快印(西丽店),生活服务,图文快印店,广东省,深圳市,南山区,广东省深圳市南山区留仙大道创智云城一期a5座146号,,1,0,113.94673,22.584581,18948304062,life,http://api.map.baidu.com/place/detail?uid=553c5c8fff80d899095cb3a4&output=html&source=placeapi_v2,,08:00-20:00,,,,,,,,5,2,,,,,,,113.9469615065,22.585262571411,0
8cfc5fa5a51fd289f70e7705,大同图文快印(龙辉花园店),生活服务,图文快印店,广东省,深圳市,南山区,广东省深圳市南山区留仙大道4120-3号32栋,8cfc5fa5a51fd289f70e7705,1,0,113.964948,22.573577,(0755)26975687,life,http://api.map.baidu.com/place/detail?uid=8cfc5fa5a51fd289f70e7705&output=html&source=placeapi_v2,,09:00-21:00,5,,,,,,,11,1,,,,,,,113.96488808048,22.573804596725,0
ddf7f41896a010efc91b95c2,精艺图文快印(西丽华昌大厦西南),生活服务,图文快印店,广东省,深圳市,南山区,广东省深圳市南山区西丽南路70-4号,ddf7f41896a010efc91b95c2,1,0,113.959739,22.580583,13048916763,life,http://api.map.baidu.com/place/detail?uid=ddf7f41896a010efc91b95c2&output=html&source=placeapi_v2,,08:00-22:00,1,,,,,,,18,1,,,,,,,113.95960143218,22.580678489764,0
53a5984da8dd781c33169b0d,色朗快印(朗山路店),生活服务,图文快印店,广东省,深圳市,南山区,广东省深圳市南山区高新北六道昱大顺科技园a座1楼110号铺,53a5984da8dd781c33169b0d,1,0,113.951688,22.55964,(0755)86713358,life,http://api.map.baidu.com/place/detail?uid=53a5984da8dd781c33169b0d&output=html&source=placeapi_v2,,10:00-20:00,1,,,,,,,11,1,,,,,,,113.95156439789,22.560009232618,0
500cbc6ee0c7334e2811d19b,永丰图文广告(科兴二店),生活服务,图文快印店,广东省,深圳市,南山区,高新中一道科兴科学园A4栋A-122号,500cbc6ee0c7334e2811d19b,1,0,113.949961,22.554753,"(0755)86716993,18194096193",life,http://api.map.baidu.com/place/detail?uid=500cbc6ee0c7334e2811d19b&output=html&source=placeapi_v2,,08:00-23:00,4.1,,,,,,,12,14,,,,,,,113.94984927126,22.555021521637,0
144a1a3939adc8e2f4b9165c,文图快印,生活服务,图文快印店,广东省,深圳市,南山区,广东省深圳市南山区朗山路中7号南航工业大厦一楼,144a1a3939adc8e2f4b9165c,1,0,113.957215,22.561268,19925447029,life,http://api.map.baidu.com/place/detail?uid=144a1a3939adc8e2f4b9165c&output=html&source=placeapi_v2,,08:00-23:00,,,,,,,,1,,,,,,,,,,0
1e2268565f4d2de33a04b1a6,金品数码快印,生活服务,图文快印店,广东省,深圳市,南山区,广东省深圳市南山区中山园路tcl国际e城g4栋b106号,1e2268565f4d2de33a04b1a6,1,0,113.933677,22.578841,15673824027,life,http://api.map.baidu.com/place/detail?uid=1e2268565f4d2de33a04b1a6&output=html&source=placeapi_v2,,09:00-18:00,4.3,,,,,,,10,6,,,,,,,113.93375236113,22.578700733784,0
37a432ad07c19b400869d97e,其士数码图文(西丽店),生活服务,图文快印店,广东省,深圳市,南山区,广东省深圳市南山区西丽南路76-3号,37a432ad07c19b400869d97e,1,0,113.960239,22.580578,(0755)26722543,life,http://api.map.baidu.com/place/detail?uid=37a432ad07c19b400869d97e&output=html&source=placeapi_v2,,08:30-21:00,2,,,,,,,13,3,,,,,,,113.96027523677,22.580626509418,0
db20b4afbc787ca0adcb6641,富士照相印刷(西丽南路店),生活服务,图文快印店,广东省,深圳市,南山区,广东省深圳市南山区西丽南路72-1号,db20b4afbc787ca0adcb6641,1,0,113.95993,22.580851,"(0755)26628388,18923843928",life,http://api.map.baidu.com/place/detail?uid=db20b4afbc787ca0adcb6641&output=html&source=placeapi_v2,,09:00-21:00,3,,,,,,,32,3,,,,,,,113.9598141123,22.580934887142,0
0df94bd41f155a515d0d028c,鸿运图文快印(智慧广场店),生活服务,图文快印店,广东省,深圳市,南山区,广东省深圳市南山区桥香路4068智慧广场B109号,0df94bd41f155a515d0d028c,1,0,113.989043,22.556401,15889712232,life,http://api.map.baidu.com/place/detail?uid=0df94bd41f155a515d0d028c&output=html&source=placeapi_v2,,08:00-23:30,,,,,,,,1,,,,,,,,113.98918869348,22.556609687299,0
88fcf62446e6afa372455b40,深佳图文(侨城坊店),生活服务,图文快印店,广东省,深圳市,南山区,南山区侨深路东方科技园华科大厦4F-3号,88fcf62446e6afa372455b40,1,0,113.988701,22.558142,18320849988,life,http://api.map.baidu.com/place/detail?uid=88fcf62446e6afa372455b40&output=html&source=placeapi_v2,,09:00-21:00,2.7,,,,,,,6,5,,,,,,,113.98869158019,22.557974915963,0
d024f59ff20a9a0d1e580089,艺通影像印务中心,生活服务,图文快印店,广东省,深圳市,南山区,广东省深圳市南山区龙井村路艺通影像西区89栋102室,d024f59ff20a9a0d1e580089,1,0,113.979509,22.566352,,life,http://api.map.baidu.com/place/detail?uid=d024f59ff20a9a0d1e580089&output=html&source=placeapi_v2,,,0.0,,,,,,,19,3,,,,,,,113.97946396951,22.566410302576,0
a58c93f9185586b7ca29150d,深正标书图文,生活服务,图文快印店,广东省,深圳市,福田区,广东省深圳市福田区梅华路下梅林市场2楼,a58c93f9185586b7ca29150d,1,0,114.048613,22.56911,(0755)83311921,life,http://api.map.baidu.com/place/detail?uid=a58c93f9185586b7ca29150d&output=html&source=placeapi_v2,,09:00-22:00,0,,,,,,,14,1,,,,,,,114.04862066595,22.569040580295,0
d1fc73ff8b4c96ca28d7ab03,新云图文快印,生活服务,图文快印店,广东省,深圳市,福田区,广东省深圳市福田区梅华路247号,,1,0,114.049127,22.568554,15814483308,life,http://api.map.baidu.com/place/detail?uid=d1fc73ff8b4c96ca28d7ab03&output=html&source=placeapi_v2,,,,,,,,,,,,,,,,,,114.04910630967,22.568724038143,0
08abb3a0547d377bc2f1cf73,恒之博数码图文快印(梅林店),生活服务,图文快印店,广东省,深圳市,福田区,广东省深圳市福田区中康路卓越城1期2号楼首层08号铺,08abb3a0547d377bc2f1cf73,1,0,114.0672,22.577721,(0755)83215219,life,http://api.map.baidu.com/place/detail?uid=08abb3a0547d377bc2f1cf73&output=html&source=placeapi_v2,,10:00-21:00,3.1,,,,,,,5,6,,,,,,,114.06743685433,22.57772490479,0
f8d57c047d37cc05a8059df6,印德美印章,生活服务,图文快印店,广东省,深圳市,福田区,广东省深圳市福田区中康路23号东方富苑1楼126室,f8d57c047d37cc05a8059df6,1,0,114.065432,22.570891,"(0755)22928464,18924626949",life,http://api.map.baidu.com/place/detail?uid=f8d57c047d37cc05a8059df6&output=html&source=placeapi_v2,50,09:00-18:00,0,,,,,,,37,0,,,,,,,114.06540300262,22.571019540594,0
7dbf8582447b786409b93a86,腾飞图文(梅林路店),生活服务,图文快印店,广东省,深圳市,福田区,广东省深圳市福田区梅林路113号,7dbf8582447b786409b93a86,1,0,114.064547,22.573885,(0755)83228458,life,http://api.map.baidu.com/place/detail?uid=7dbf8582447b786409b93a86&output=html&source=placeapi_v2,,09:00-21:00,5,,,,,,,7,1,,,,,,,114.06450606882,22.574026748979,0
4d26ae14d6e9466045e27450,海纳图文广告快印,生活服务,图文快印店,广东省,深圳市,福田区,广东省深圳市福田区上梅林卓越城一期2栋1A号,,1,0,114.067233,22.578033,"(0755)82794544,18928431051",life,http://api.map.baidu.com/place/detail?uid=4d26ae14d6e9466045e27450&output=html&source=placeapi_v2,,09:00-22:00,,,,,,,,,,,,,,,,114.06743122464,22.578019999476,0
4345a00e76500502d518b7c7,特徕福图文(梅林店),生活服务,图文快印店,广东省,深圳市,福田区,广东省深圳市福田区中康路31号东梅公寓1楼,4345a00e76500502d518b7c7,1,0,114.065042,22.572867,18520831985,life,http://api.map.baidu.com/place/detail?uid=4345a00e76500502d518b7c7&output=html&source=placeapi_v2,,00:00-24:00,5,,,,,,,12,3,,,,,,,114.06503824874,22.572829746202,0
748a39692b7a4fe46f3e1b6a,柯达(照相馆店),生活服务,图文快印店,广东省,深圳市,福田区,广东省深圳市福田区香梅路水榭花都一期48栋104号,,1,0,114.056992,22.564013,(0755)83064496,life,http://api.map.baidu.com/place/detail?uid=748a39692b7a4fe46f3e1b6a&output=html&source=placeapi_v2,,08:00-22:00,1,,,,,,,7,1,,,,,,,114.05690752529,22.564050268454,0
7e9737284d399eeb49fd3f00,亿云利图文广告(梅林购物广场店),生活服务,图文快印店,广东省,深圳市,福田区,广东省深圳市福田区梅华路110-1号梅林购物广场110-1号,7e9737284d399eeb49fd3f00,1,0,114.058475,22.570514,"(0755)83311380,13510627551",life,http://api.map.baidu.com/place/detail?uid=7e9737284d399eeb49fd3f00&output=html&source=placeapi_v2,,09:00-24:00,,,,,,,,8,,,,,,,,114.05866717104,22.570619085806,0
5d8425fd659da2a4fa0cad56,湘宇图文广告,生活服务,图文快印店,广东省,深圳市,罗湖区,广东省深圳市罗湖区宝岗路165-9号,5d8425fd659da2a4fa0cad56,1,0,114.118792,22.573519,"13724263116,15899797773",enterprise,http://api.map.baidu.com/place/detail?uid=5d8425fd659da2a4fa0cad56&output=html&source=placeapi_v2,,08:00-22:00,5,,,,,,,,1,,,,,,,114.11879391725,22.573474109397,0
a68926dfb154e5ae71210bff,大信图文广告(煤场路),生活服务,图文快印店,广东省,深圳市,罗湖区,广东省深圳市罗湖区宝安南路2066号大信大厦1楼,a68926dfb154e5ae71210bff,1,0,114.117093,22.555331,"(0755)25469891,13423992924",life,http://api.map.baidu.com/place/detail?uid=a68926dfb154e5ae71210bff&output=html&source=placeapi_v2,,10:00-22:00,0,,,,,,,12,0,,,,,,,114.11714910369,22.555265588063,0
4f94ddd27554a6e08f55ecf6,英杰图文设计装订公司,生活服务,图文快印店,广东省,深圳市,罗湖区,广东省深圳市罗湖区宝安南路3097号洪涛大厦10楼1001室,4f94ddd27554a6e08f55ecf6,1,0,114.115016,22.561484,(0755)25599982,life,http://api.map.baidu.com/place/detail?uid=4f94ddd27554a6e08f55ecf6&output=html&source=placeapi_v2,,09:00-22:00,4,,,,,,,2,1,,,,,,,114.1150178568,22.561344540221,0
b1e10ea54835171bc4f02538,赛捷快印图文广告(西湖大厦店),生活服务,图文快印店,广东省,深圳市,罗湖区,广东省深圳市罗湖区宝安南路西湖大厦3070-9号商铺,b1e10ea54835171bc4f02538,1,0,114.115845,22.56139,(0755)25112060,life,http://api.map.baidu.com/place/detail?uid=b1e10ea54835171bc4f02538&output=html&source=placeapi_v2,,08:30-23:00,,,,,,,,10,3,,,,,,,114.11568997347,22.561388467745,0
88b2f5e21313ba13bca822de,艺盛数码图文,生活服务,图文快印店,广东省,深圳市,福田区,广东省深圳市福田区八卦四路413栋4楼,88b2f5e21313ba13bca822de,1,0,114.102884,22.568249,(0755)83388996,life,http://api.map.baidu.com/place/detail?uid=88b2f5e21313ba13bca822de&output=html&source=placeapi_v2,,"08:00-12:00,13:00-24:00",0,,,,,,,18,3,,,,,,,114.10282872419,22.568095598892,0
c1ff80173439bd5f4f3a5935,深博快印(八卦岭店),生活服务,图文快印店,广东省,深圳市,福田区,广东省深圳市福田区八卦三路1015号栋521栋1楼,,1,0,114.10501,22.567912,"(0755)22958653,(0755)82426818",life,http://api.map.baidu.com/place/detail?uid=c1ff80173439bd5f4f3a5935&output=html&source=placeapi_v2,,08:30-20:30,5,,,,,,,18,2,,,,,,,114.1050056544,22.568043607822,0
fb0590a39f748c33f7231026,奥达图文广告,生活服务,图文快印店,广东省,深圳市,罗湖区,广东省深圳市罗湖区红桂路2049-1号,fb0590a39f748c33f7231026,1,0,114.113861,22.555941,18929392159,life,http://api.map.baidu.com/place/detail?uid=fb0590a39f748c33f7231026&output=html&source=placeapi_v2,,10:00-22:00,,,,,,,,21,,,,,,,,114.11383713931,22.555997826858,0
f51da5c93c5c17c92806ce02,百步印社24小时自助打印(宝龙嘉园店),生活服务,图文快印店,广东省,深圳市,罗湖区,深圳市罗湖区河西一路宝龙嘉园,,1,0,114.119492,22.565384,13510837083,life,http://api.map.baidu.com/place/detail?uid=f51da5c93c5c17c92806ce02&output=html&source=placeapi_v2,,00:00-24:00,,,,,,,,2,,,,,,,,114.11949028637,22.565112789675,0
a8067a1ae1d564102fb96ddc,鼎盛图文(八卦三路店),生活服务,图文快印店,广东省,深圳市,福田区,广东省深圳市福田区八卦三路259号521栋1楼a1008号,a8067a1ae1d564102fb96ddc,1,0,114.104788,22.56788,13510128298,life,http://api.map.baidu.com/place/detail?uid=a8067a1ae1d564102fb96ddc&output=html&source=placeapi_v2,,10:00-22:00,0,,,,,,,24,2,,,,,,,114.10479224037,22.568078912145,0
716099d594c1e81297f08c50,天慈数码快印(第三分店),生活服务,图文快印店,广东省,深圳市,福田区,广东省深圳市福田区八卦二路535栋1楼,716099d594c1e81297f08c50,1,0,114.103472,22.565857,"(0755)22955781,13714751290",life,http://api.map.baidu.com/place/detail?uid=716099d594c1e81297f08c50&output=html&source=placeapi_v2,,08:00-24:00,2,,,,,,,19,3,,,,,,,114.10331799976,22.565857106631,0
045fe1d320ccd7e625d2bb53,柯达(照相馆店),生活服务,图文快印店,广东省,深圳市,罗湖区,广东省深圳市罗湖区宝岗路200号,045fe1d320ccd7e625d2bb53,1,0,114.119536,22.575139,18923701523,life,http://api.map.baidu.com/place/detail?uid=045fe1d320ccd7e625d2bb53&output=html&source=placeapi_v2,,09:00-21:00,,,,,,,,3,,,,,,,,114.11943137819,22.575162105397,0
fe6d6935d080af6421f01791,金盾印章(八卦路店),生活服务,图文快印店,广东省,深圳市,福田区,广东省深圳市福田区八卦三路511栋1层10号铺,fe6d6935d080af6421f01791,1,0,114.10597,22.567778,"(0755)82414697,13823717718",life,http://api.map.baidu.com/place/detail?uid=fe6d6935d080af6421f01791&output=html&source=placeapi_v2,,09:00-21:00,0,,,,,,,23,0,,,,,,,114.10610693474,22.567778565789,0
b481f2d90f41da92940319e0,复印店,生活服务,图文快印店,广东省,深圳市,罗湖区,广东省深圳市罗湖区碧波一街外贸经济开发大厦,b481f2d90f41da92940319e0,1,0,114.146838,22.568169,13025400633,life,http://api.map.baidu.com/place/detail?uid=b481f2d90f41da92940319e0&output=html&source=placeapi_v2,,09:00-21:00,,,,,,,,,,,,,,,,114.14687796758,22.568161578352,0
cb30a2eada7b106bb35c6add,鑫彩图文快印(固戍一路店),生活服务,图文快印店,广东省,深圳市,宝安区,广东省深圳市宝安区固戍一路547号,cb30a2eada7b106bb35c6add,1,0,113.86047,22.606568,(0755)23011511,life,http://api.map.baidu.com/place/detail?uid=cb30a2eada7b106bb35c6add&output=html&source=placeapi_v2,20,09:00-22:00,5.0,,,,,,,31,4,,,,,,,113.86040761561,22.606660581419,0
1ab374b871c204992eb96d5f,鑫诚图文广告印刷(宝安大道店),生活服务,图文快印店,广东省,深圳市,宝安区,广东省深圳市宝安区宝安大道4006-16号,1ab374b871c204992eb96d5f,1,0,113.869512,22.588752,15768111528,life,http://api.map.baidu.com/place/detail?uid=1ab374b871c204992eb96d5f&output=html&source=placeapi_v2,,08:00-22:30,5,,,,,,,18,3,,,,,,,113.86947257821,22.588657040591,0
e6ee2fd2d6a5fc362a11d18d,鸿明达印刷,生活服务,图文快印店,广东省,深圳市,宝安区,广东省深圳市宝安区共和工业路56号2楼,e6ee2fd2d6a5fc362a11d18d,1,0,113.874067,22.58882,(0755)29968062,life,http://api.map.baidu.com/place/detail?uid=e6ee2fd2d6a5fc362a11d18d&output=html&source=placeapi_v2,,,,,,,,,,13,,,,,,,,113.87407408889,22.588645789748,0
7001435ce4902780260bd02a,灿顺设计印刷,生活服务,图文快印店,广东省,深圳市,宝安区,深圳市宝安区宝安大道4006-2号,7001435ce4902780260bd02a,1,0,113.869993,22.588906,(0755)27580443,life,http://api.map.baidu.com/place/detail?uid=7001435ce4902780260bd02a&output=html&source=placeapi_v2,,08:00-20:00,0.0,,,,,,,13,,,,,,,,113.87013192367,22.588797300478,0
59712cb5bdce4b1b33169b5c,必图社宝安店(优印社快印),生活服务,图文快印店,广东省,深圳市,宝安区,广东省深圳市宝安区西乡大道187号,59712cb5bdce4b1b33169b5c,1,0,113.892443,22.595742,(0755)29601775,life,http://api.map.baidu.com/place/detail?uid=59712cb5bdce4b1b33169b5c&output=html&source=placeapi_v2,,09:00-22:00,,,,,,,,23,3,,,,,,,113.89243627186,22.595822567224,0
e7e3579911053f171288244c,标书装订蓝图打印(梓颢店),生活服务,图文快印店,广东省,深圳市,宝安区,广东省深圳市宝安区西乡街道嘉华花园30号,e7e3579911053f171288244c,1,0,113.895982,22.589549,15817213251,life,http://api.map.baidu.com/place/detail?uid=e7e3579911053f171288244c&output=html&source=placeapi_v2,,09:30-21:30,,,,,,,,4,,,,,,,,113.89611601779,22.589749542341,0
1e83650a34da8451fe0eb038,鹏程图文(流塘路店),生活服务,图文快印店,广东省,深圳市,宝安区,广东深圳市宝安区流塘路32-5号,1e83650a34da8451fe0eb038,1,0,113.895415,22.589687,"(0755)29123105,15817213251",life,http://api.map.baidu.com/place/detail?uid=1e83650a34da8451fe0eb038&output=html&source=placeapi_v2,,09:00-23:00,5,,,,,,,16,5,,,,,,,,,0
6952b2a4eb2d61206849f325,丽新印务,生活服务,图文快印店,广东省,深圳市,南山区,广东省深圳市南山区新高路125-2号2栋1号,6952b2a4eb2d61206849f325,1,0,113.956771,22.590742,"(0755)26586818,(0755)26621105,13699838529",life,http://api.map.baidu.com/place/detail?uid=6952b2a4eb2d61206849f325&output=html&source=placeapi_v2,,08:00-22:00,0,,,,,,,14,3,,,,,,,113.95678237073,22.590775428187,0
5278a9c76285297f5a3ac886,大智图文快印店(塘朗店),生活服务,图文快印店,广东省,深圳市,南山区,广东省深圳市南山区学苑大道1181号福满家园1层08号铺,5278a9c76285297f5a3ac886,1,0,113.998837,22.598325,18026928197,life,http://api.map.baidu.com/place/detail?uid=5278a9c76285297f5a3ac886&output=html&source=placeapi_v2,,08:00-22:00,3,,,,,,,12,2,,,,,,,113.99884803249,22.598406059381,0
ee9893388be341f940afe600,信雅图文快印(西丽店),生活服务,图文快印店,广东省,深圳市,南山区,广东省深圳市南山区平山一路240-1号,ee9893388be341f940afe600,1,0,113.97477,22.591809,(0755)26032488,life,http://api.map.baidu.com/place/detail?uid=ee9893388be341f940afe600&output=html&source=placeapi_v2,,08:30-22:00,4,,,,,,,31,5,,,,,,,113.97484228557,22.591948046535,0
6253077e767247a63ce23119,信雅图文快印(博林天瑞店),生活服务,图文快印店,广东省,深圳市,南山区,广东省深圳市南山区平山一路240号,6253077e767247a63ce23119,1,0,113.978379,22.590432,18948751350,life,http://api.map.baidu.com/place/detail?uid=6253077e767247a63ce23119&output=html&source=placeapi_v2,,,0,,,,,,,11,1,,,,,,,,,0
db0855b8718ed2782811d15f,云集图文(精彩连锁大学城店),生活服务,图文快印店,广东省,深圳市,南山区,广东省深圳市南山区平山一路2号云谷二期1栋115号铺,db0855b8718ed2782811d15f,1,0,113.976553,22.590566,13530103968,life,http://api.map.baidu.com/place/detail?uid=db0855b8718ed2782811d15f&output=html&source=placeapi_v2,,09:00-21:00,1.5,,,,,,,12,4,,,,,,,113.97655369322,22.590647730041,0
8e14096f07127023b21e365e,图文快印装订,生活服务,图文快印店,广东省,深圳市,龙华区,广东省深圳市龙华区逸秀新村人行天桥,,1,0,114.042989,22.606291,,life,http://api.map.baidu.com/place/detail?uid=8e14096f07127023b21e365e&output=html&source=placeapi_v2,,,,,,,,,,,,,,,,,,,,0
12606da56d2d417852e5c50e,鸿利印刷部,生活服务,图文快印店,广东省,深圳市,龙华区,广东省深圳市龙华区一区100栋104室,12606da56d2d417852e5c50e,1,0,114.045859,22.610299,(0755)81488269,life,http://api.map.baidu.com/place/detail?uid=12606da56d2d417852e5c50e&output=html&source=placeapi_v2,,08:00-22:30,,,,,,,,20,,,,,,,,114.0458138784,22.610247111307,0
0e1a51d3bab669adf50e779d,富华图文(星河WORLD・COCOPark店),生活服务,图文快印店,广东省,深圳市,龙岗区,龙岗区坂田街道雅宝路1号星河WORLD1层101-9号,0e1a51d3bab669adf50e779d,1,0,114.068055,22.607913,18902310700,life,http://api.map.baidu.com/place/detail?uid=0e1a51d3bab669adf50e779d&output=html&source=placeapi_v2,,08:30-21:30,5.0,,,,,,,3,2,,,,,,,114.0675942123,22.608264368613,0
c36bd7c2e5a7a87d9122e07d,柯达(影像民乐店),生活服务,图文快印店,广东省,深圳市,龙华区,民乐一区商住楼7号,c36bd7c2e5a7a87d9122e07d,1,0,114.0595,22.603201,17722447911,life,http://api.map.baidu.com/place/detail?uid=c36bd7c2e5a7a87d9122e07d&output=html&source=placeapi_v2,,10:00-21:00,2,,,,,,,15,3,,,,,,,114.05949801201,22.60328911381,0
0dfd767edeb080f557bfff89,聚鑫图文快印(吉华店),生活服务,图文快印店,广东省,深圳市,龙岗区,广东省深圳市龙岗区西环路2号,0dfd767edeb080f557bfff89,1,0,114.119195,22.614621,"(0755)84868401,18038142453",life,http://api.map.baidu.com/place/detail?uid=0dfd767edeb080f557bfff89&output=html&source=placeapi_v2,,09:00-19:00,,,,,,,,18,2,,,,,,,114.11927910014,22.614507058099,0
ebe87f216e7b09ba1ef74dc6,海燕图文快印,生活服务,图文快印店,广东省,深圳市,龙岗区,广东省深圳市龙岗区中兴路36-1号,ebe87f216e7b09ba1ef74dc6,1,0,114.129972,22.614331,"(0755)28538735,18028728271",life,http://api.map.baidu.com/place/detail?uid=ebe87f216e7b09ba1ef74dc6&output=html&source=placeapi_v2,,09:00-22:00,3.7,,,,,,,16,6,,,,,,,114.13006312214,22.614157529357,0
66bf1ced16797a419f09f76e,创业印章(公园路店),生活服务,图文快印店,广东省,深圳市,龙岗区,广东深圳市龙岗区布吉街道吉华路180号-1,66bf1ced16797a419f09f76e,1,0,114.124428,22.609544,(0755)28210411,life,http://api.map.baidu.com/place/detail?uid=66bf1ced16797a419f09f76e&output=html&source=placeapi_v2,,08:30-18:00,,,,,,,,,,,,,,,,114.12426776702,22.60951312456,0
02b960a9957862251ef74db6,呈视广告,生活服务,图文快印店,广东省,深圳市,龙岗区,广东省深圳市龙岗区京南路24号金百信商业街b106,02b960a9957862251ef74db6,1,0,114.130622,22.607341,18818569028,life,http://api.map.baidu.com/place/detail?uid=02b960a9957862251ef74db6&output=html&source=placeapi_v2,,09:00-21:30,,,,,,,,23,7,,,,,,,114.13047580935,22.607354285582,0
e5a9caa1a26c3bc1badf8f53,恒汇图文设计,生活服务,图文快印店,广东省,深圳市,盐田区,广东省深圳市盐田区洪安围村8-1号华侨新村二期1层1号店,,1,0,114.272948,22.595124,"(0755)25208918,(0755)25208928,18988773378,18988773379",life,http://api.map.baidu.com/place/detail?uid=e5a9caa1a26c3bc1badf8f53&output=html&source=placeapi_v2,,08:30-22:30,5,,,,,,,7,1,,,,,,,114.27313140958,22.595120728123,0
5ffb1816aa3eb9216e476090,佳丽数码冲印(北山道),生活服务,图文快印店,广东省,深圳市,盐田区,广东省深圳市盐田区北山道133号,5ffb1816aa3eb9216e476090,1,0,114.273192,22.595676,(0755)25201118,life,http://api.map.baidu.com/place/detail?uid=5ffb1816aa3eb9216e476090&output=html&source=placeapi_v2,,08:00-22:00,0,,,,,,,18,1,,,,,,,114.27315602405,22.595588839561,0
06a32149020ac49228b97c88,佳丽照相广告图文彩印店,生活服务,图文快印店,广东省,深圳市,盐田区,广东省深圳市盐田区洪安围90号,06a32149020ac49228b97c88,1,0,114.317434,22.605006,15019492161,life,http://api.map.baidu.com/place/detail?uid=06a32149020ac49228b97c88&output=html&source=placeapi_v2,,07:30-21:30,5,,,,,,,6,3,,,,,,,114.31752152847,22.604860376855,0
633249dceec3fc1888f15d8b,新凤凰印刷,生活服务,图文快印店,广东省,深圳市,宝安区,广东省深圳市宝安区西3巷1号,,1,0,113.851579,22.631865,(0755)29911992,life,http://api.map.baidu.com/place/detail?uid=633249dceec3fc1888f15d8b&output=html&source=placeapi_v2,,08:30-21:00,2.0,,,,,,,18,,,,,,,,,,0
2c7ebe3245e5b697ad31e50b,快优印数码图文(红山店),生活服务,图文快印店,广东省,深圳市,龙华区,广东省深圳市龙华区红木街3~6汇龙湾花园11号,2c7ebe3245e5b697ad31e50b,1,0,114.034374,22.628639,"18025477254,18588224914",life,http://api.map.baidu.com/place/detail?uid=2c7ebe3245e5b697ad31e50b&output=html&source=placeapi_v2,,09:00-21:00,5,,,,,,,8,7,,,,,,,114.03435360717,22.628788121163,0
6194751a672207d3f503b8af,旭瑞图文快印(北站店),生活服务,图文快印店,广东省,深圳市,龙华区,广东省深圳市龙华区创业花园159号,6194751a672207d3f503b8af,1,0,114.034172,22.622903,13688832820,life,http://api.map.baidu.com/place/detail?uid=6194751a672207d3f503b8af&output=html&source=placeapi_v2,,08:30-21:30,5,,,,,,,10,4,,,,,,,114.0342305728,22.622947435536,0
75aaeb87f984f954ede4a5b9,广告图文印刷工厂直营店,生活服务,图文快印店,广东省,深圳市,龙华区,广东省深圳市龙华区龙发路74号,75aaeb87f984f954ede4a5b9,1,0,114.028876,22.647316,18038118732,life,http://api.map.baidu.com/place/detail?uid=75aaeb87f984f954ede4a5b9&output=html&source=placeapi_v2,,10:00-21:00,,,,,,,,4,,,,,,,,,,0
ecfc2748cb6a677eae31e51a,星磊图文快印(龙华店),生活服务,图文快印店,广东省,深圳市,龙华区,广东省深圳市龙华区民治街道工业东路1113号锦湖大厦C栋,ecfc2748cb6a677eae31e51a,1,0,114.044753,22.645888,(0755)21035934,life,http://api.map.baidu.com/place/detail?uid=ecfc2748cb6a677eae31e51a&output=html&source=placeapi_v2,,09:00-22:00,,,,,,,,8,,,,,,,,114.04486587019,22.645972263259,0
026af221dbe171b2c4effba1,信义海图文(龙华店),生活服务,图文快印店,广东省,深圳市,龙华区,广东省深圳市龙华区民治大道979号,026af221dbe171b2c4effba1,1,0,114.043749,22.643122,(0755)21035391,life,http://api.map.baidu.com/place/detail?uid=026af221dbe171b2c4effba1&output=html&source=placeapi_v2,,08:30-23:30,5,,,,,,,113,27,,,,,,,114.04389806907,22.64306606856,0
1d72335a19f0fceb9703195a,新云图文快印,生活服务,图文快印店,广东省,深圳市,龙华区,广东省深圳市龙华区工业路115号辉华大厦1楼,1d72335a19f0fceb9703195a,1,0,114.045448,22.645674,15814483308,life,http://api.map.baidu.com/place/detail?uid=1d72335a19f0fceb9703195a&output=html&source=placeapi_v2,,09:00-22:00,,,,,,,,6,,,,,,,,114.04552113645,22.645880538071,0
6cfdf9e05ab8847e2afc48c9,广告图文快印,生活服务,图文快印店,广东省,深圳市,龙华区,深圳市龙华区龙华人民路七里香榭花园小区,,1,0,114.031496,22.63656,,life,http://api.map.baidu.com/place/detail?uid=6cfdf9e05ab8847e2afc48c9&output=html&source=placeapi_v2,,,,,,,,,,3,,,,,,,,114.03150033195,22.636520029816,0
7de67f7aa06ba5fe6cc02c5a,创业印章(万众城店),生活服务,图文快印店,广东省,深圳市,龙华区,广东省深圳市龙华区民治街道民治大道华星大厦504号创业印章,7de67f7aa06ba5fe6cc02c5a,1,0,114.044411,22.634872,"(0755)29048380,13641409961",life,http://api.map.baidu.com/place/detail?uid=7de67f7aa06ba5fe6cc02c5a&output=html&source=placeapi_v2,,09:00-18:30,0,,,,,,,4,0,,,,,,,114.0441191863,22.634903831145,0
649df5d6615dadf8fc0eb02a,亿颗印章刻章店刻公章,生活服务,图文快印店,广东省,深圳市,龙华区,广东深圳市龙华区人民路3230-18号风和日丽花园42栋,,1,0,114.034894,22.647477,,life,http://api.map.baidu.com/place/detail?uid=649df5d6615dadf8fc0eb02a&output=html&source=placeapi_v2,,,,,,,,,,2,,,,,,,,,,0
ce1a4c9488a138f571210bc9,图文快印(坂田店),生活服务,图文快印店,广东省,深圳市,龙岗区,深圳市龙岗区和东街7天酒店(五和地铁站店)南侧约40米,ce1a4c9488a138f571210bc9,1,0,114.067374,22.637378,,life,http://api.map.baidu.com/place/detail?uid=ce1a4c9488a138f571210bc9&output=html&source=placeapi_v2,,,,,,,,,,1,,,,,,,,114.06720441149,22.637375389616,0
18f925fdb2b98a1f0f0e6bf8,创业印章(吉华路店),生活服务,图文快印店,广东省,深圳市,龙岗区,广东省深圳市龙岗区吉华路590号-b,18f925fdb2b98a1f0f0e6bf8,1,0,114.070629,22.641418,"(0755)28760397,18926581695",life,http://api.map.baidu.com/place/detail?uid=18f925fdb2b98a1f0f0e6bf8&output=html&source=placeapi_v2,,09:00-18:00,1,,,,,,,16,1,,,,,,,114.0707310116,22.641262762748,0
593e21e74dbb76347c29bd9a,鑫彩湘图文广告(五和店),生活服务,图文快印店,广东省,深圳市,龙岗区,广东省深圳市龙岗区布龙路121~122号,593e21e74dbb76347c29bd9a,1,0,114.064282,22.634017,(0755)28499787,life,http://api.map.baidu.com/place/detail?uid=593e21e74dbb76347c29bd9a&output=html&source=placeapi_v2,,08:30-23:00,,,,,,,,5,3,,,,,,,,,0
71cc364b6f5a642d3d9a5e32,创业印章(坂田五和店),生活服务,图文快印店,广东省,深圳市,龙岗区,广东省深圳市龙岗区坂田街道五和南路100号-5,71cc364b6f5a642d3d9a5e32,1,0,114.067714,22.630425,(0755)84824101,life,http://api.map.baidu.com/place/detail?uid=71cc364b6f5a642d3d9a5e32&output=html&source=placeapi_v2,,08:30-18:00,1,,,,,,,12,1,,,,,,,114.06742975861,22.630337350078,0
29d596014e684b162d473394,宏达相馆(五和店),生活服务,图文快印店,广东省,深圳市,龙岗区,广东省深圳市龙岗区和|北路21-5号,29d596014e684b162d473394,1,0,114.069197,22.630686,13760373014,life,http://api.map.baidu.com/place/detail?uid=29d596014e684b162d473394&output=html&source=placeapi_v2,,09:00-22:00,,,,,,,,9,,,,,,,,114.06908585668,22.630703117741,0
3b7cd372a19602b6b34c49fb,万唯图文广告摄影,生活服务,图文快印店,广东省,深圳市,龙岗区,广东省深圳市龙岗区立信路96号信德居1楼7号铺,3b7cd372a19602b6b34c49fb,1,0,114.155379,22.632883,"13480724175,15989382515",life,http://api.map.baidu.com/place/detail?uid=3b7cd372a19602b6b34c49fb&output=html&source=placeapi_v2,,08:30-21:00,5,,,,,,,60,8,,,,,,,114.1552296244,22.632899920237,0
690997cd71a5a410734b8793,大图复印(莲心路店),生活服务,图文快印店,广东省,深圳市,龙岗区,深圳市龙岗区连心路24号,690997cd71a5a410734b8793,1,0,114.205282,22.649387,18926459293,life,http://api.map.baidu.com/place/detail?uid=690997cd71a5a410734b8793&output=html&source=placeapi_v2,,09:00-21:00,5,,,,,,,9,4,,,,,,,114.20520498116,22.649372440009,0
24b11def26210d0926e0a0de,鸿博图文快印(横岗店),生活服务,图文快印店,广东省,深圳市,龙岗区,广东省深圳市龙岗区龙岗大道3189~3191号,24b11def26210d0926e0a0de,1,0,114.198667,22.645644,(0755)89233216,life,http://api.map.baidu.com/place/detail?uid=24b11def26210d0926e0a0de&output=html&source=placeapi_v2,,09:00-22:30,3.9,,,,,,,33,9,,,,,,,114.19882468992,22.645439598523,0
c1a9a35613a0b6f8c336448b,创业印章(厦安街店),生活服务,图文快印店,广东省,深圳市,龙岗区,广东省深圳市龙岗区厦安街2号105号,c1a9a35613a0b6f8c336448b,1,0,114.196058,22.644177,"(0755)28509567,13632916115",life,http://api.map.baidu.com/place/detail?uid=c1a9a35613a0b6f8c336448b&output=html&source=placeapi_v2,,09:00-18:30,4.6,,,,,,,19,11,,,,,,,114.1963695976,22.644123688249,0
8385750217b894141cf74d5f,开运印章葵涌店,生活服务,图文快印店,广东省,深圳市,龙岗区,广东省深圳市龙岗区金业大道140号b区b9栋1楼,8385750217b894141cf74d5f,1,0,114.432783,22.644684,13925284868,life,http://api.map.baidu.com/place/detail?uid=8385750217b894141cf74d5f&output=html&source=placeapi_v2,,,,,,,,,,4,,,,,,,,,,0
3eadbc455bc46b33373a71ea,天天快印(政丰北路店),生活服务,图文快印店,广东省,深圳市,宝安区,广东省深圳市宝安区政丰北路108号,3eadbc455bc46b33373a71ea,1,0,113.82644,22.679842,(0755)27394110,life,http://api.map.baidu.com/place/detail?uid=3eadbc455bc46b33373a71ea&output=html&source=placeapi_v2,,,5,,,,,,,18,3,,,,,,,,,0
49da494e2db9e14715764395,创业印章(白石厦店),生活服务,图文快印店,广东省,深圳市,宝安区,广东省深圳市宝安区福永大道2号,49da494e2db9e14715764395,1,0,113.834311,22.679843,(0755)29896926,life,http://api.map.baidu.com/place/detail?uid=49da494e2db9e14715764395&output=html&source=placeapi_v2,,08:30-18:00,5,,,,,,,7,2,,,,,,,113.83435284551,22.679782463431,0
f60a15ed04f0f7edba17e7a6,飞利达数码冲印中心(康之宝超级广场),生活服务,图文快印店,广东省,深圳市,宝安区,广东省深圳市宝安区怀德村德丰路康之宝商场一楼A1A2号,f60a15ed04f0f7edba17e7a6,1,0,113.826632,22.677228,(0755)27386832,life,http://api.map.baidu.com/place/detail?uid=f60a15ed04f0f7edba17e7a6&output=html&source=placeapi_v2,,09:30-21:00,5,,,,,,,17,4,,,,,,,113.82672663507,22.677107204821,0
81598249ae30f3266d20b929,新概念图文快印(三联路店),生活服务,图文快印店,广东省,深圳市,龙华区,深圳市龙华区龙华街道物业大厦1层8号(华园道427号),81598249ae30f3266d20b929,1,0,114.02672,22.663666,13480748969,life,http://api.map.baidu.com/place/detail?uid=81598249ae30f3266d20b929&output=html&source=placeapi_v2,,08:00-23:00,0,,,,,,,11,2,,,,,,,114.02668924749,22.663736742814,0
00889ff7e0b7a81c2efaa73e,聚鑫图文快印,生活服务,图文快印店,广东省,深圳市,龙华区,广东省深圳市龙华区东环一路374~376号狮头岭村综合办公大楼1层,00889ff7e0b7a81c2efaa73e,1,0,114.028574,22.669102,"(0755)28122169,18688998861",life,http://api.map.baidu.com/place/detail?uid=00889ff7e0b7a81c2efaa73e&output=html&source=placeapi_v2,,08:30-22:30,4.2,,,,,,,26,5,,,,,,,114.0285447613,22.669085162431,0
090a160d15a59e9600ec0150,数码印刷图文快印,生活服务,图文快印店,广东省,深圳市,龙华区,深圳市龙华区龙观大道狮头岭村-东区,090a160d15a59e9600ec0150,1,0,114.028547,22.669138,(0755)28122169,life,http://api.map.baidu.com/place/detail?uid=090a160d15a59e9600ec0150&output=html&source=placeapi_v2,,,,,,,,,,1,,,,,,,,,,0
14f7ffb99e3c0cf716c905b2,华彩图文(华龙路店),生活服务,图文快印店,广东省,深圳市,龙华区,广东省深圳市龙华区骏华南路34号,14f7ffb99e3c0cf716c905b2,1,0,114.03083,22.661754,(0755)29575331,life,http://api.map.baidu.com/place/detail?uid=14f7ffb99e3c0cf716c905b2&output=html&source=placeapi_v2,,00:00-24:00,1,,,,,,,13,3,,,,,,,114.0308253955,22.661728986709,0
aa0c2bcccf010ae1c929156a,麦彩印务图文广告印刷(龙华汽车站店),生活服务,图文快印店,广东省,深圳市,龙华区,龙华街道金博龙工业园博龙大厦E栋一楼,aa0c2bcccf010ae1c929156a,1,0,114.034624,22.675766,15818578388,life,http://api.map.baidu.com/place/detail?uid=aa0c2bcccf010ae1c929156a&output=html&source=placeapi_v2,,09:00-22:00,,,,,,,,2,2,,,,,,,,,0
447272d50493f315a11de926,富士施乐打印机专卖店,生活服务,图文快印店,广东省,深圳市,龙华区,广东省深圳市龙华区龙环一路365号龙华电子市场a区1楼14号,447272d50493f315a11de926,1,0,114.02738,22.668484,"(0755)61560859,13652353983",life,http://api.map.baidu.com/place/detail?uid=447272d50493f315a11de926&output=html&source=placeapi_v2,,10:00-21:30,0.0,,,,,,,11,3,,,,,,,114.02727503431,22.668512598401,0
b713181e34a72a5bf5c59cde,深佳图文数码快印,生活服务,图文快印店,广东省,深圳市,龙华区,广东省深圳市龙华区梅龙大道清湖铭泉政商中心1楼,b713181e34a72a5bf5c59cde,1,0,114.049015,22.671954,18820253369,life,http://api.map.baidu.com/place/detail?uid=b713181e34a72a5bf5c59cde&output=html&source=placeapi_v2,,08:30-21:30,0.0,,,,,,,15,,,,,,,,114.04910468226,22.67192617151,0
a7b04280a5ffc76171455bcc,珍珍照相馆照相复印(清龙路店),生活服务,图文快印店,广东省,深圳市,龙华区,深圳市龙华区清龙路12号附近,,1,0,114.042221,22.672445,(0755)28122662,life,http://api.map.baidu.com/place/detail?uid=a7b04280a5ffc76171455bcc&output=html&source=placeapi_v2,,10:00-21:00,1,,,,,,,8,2,,,,,,,114.04232788224,22.672673867752,0
1dbd5ce8a434e563a80dd81e,时代图文快印,生活服务,图文快印店,广东省,深圳市,龙华区,广东省深圳市龙华区龙华街道清湖路贤华名苑15号商铺时代图文快印,1dbd5ce8a434e563a80dd81e,1,0,114.047202,22.67438,"(0755)23772017,13316466266",life,http://api.map.baidu.com/place/detail?uid=1dbd5ce8a434e563a80dd81e&output=html&source=placeapi_v2,,,,,,,,,,5,,,,,,,,114.04716018917,22.674297496263,0
7d141357567111315cd4fe88,柯达数码影像(山咀头村一区五巷店),生活服务,图文快印店,广东省,深圳市,龙华区,广东省深圳市龙华区三巷2号柯达相馆一区1楼,7d141357567111315cd4fe88,1,0,114.02935,22.662014,13528818103,life,http://api.map.baidu.com/place/detail?uid=7d141357567111315cd4fe88&output=html&source=placeapi_v2,,09:00-20:00,1,,,,,,,18,5,,,,,,,114.02937567054,22.661972225742,0
db74a5fc57e40af2aeb22a0c,永航印刷,生活服务,图文快印店,广东省,深圳市,龙华区,广东省深圳市龙华区龙观大道739-1号,db74a5fc57e40af2aeb22a0c,1,0,114.018138,22.664273,18923790469,life,http://api.map.baidu.com/place/detail?uid=db74a5fc57e40af2aeb22a0c&output=html&source=placeapi_v2,,08:00-21:00,,,,,,,,22,,,,,,,,114.01813652475,22.66436618104,0
e8c81c94bce4754bfea77818,快邦招牌广告图文印刷,生活服务,图文快印店,广东省,深圳市,龙华区,广东省深圳市龙华区东环二路287号,e8c81c94bce4754bfea77818,1,0,114.040064,22.663564,15999666072,life,http://api.map.baidu.com/place/detail?uid=e8c81c94bce4754bfea77818&output=html&source=placeapi_v2,,09:00-22:00,,,,,,,,9,1,,,,,,,114.04016615944,22.663674764864,0
c9320a5ce649476deee4a56c,浩明印章(清湖路店),生活服务,图文快印店,广东省,深圳市,龙华区,广东省深圳市龙华区清湖路5号,c9320a5ce649476deee4a56c,1,0,114.048884,22.673382,,life,http://api.map.baidu.com/place/detail?uid=c9320a5ce649476deee4a56c&output=html&source=placeapi_v2,,09:00-21:00,,,,,,,,16,,,,,,,,114.04891757119,22.673449918645,0
e6d8d7b8194cb84859bbbcc9,创业印章(清湖路店),生活服务,图文快印店,广东省,深圳市,龙华区,广东省深圳市龙华区龙华街道清湖路1号1楼(近龙华行政大厅),e6d8d7b8194cb84859bbbcc9,1,0,114.049065,22.673233,(0755)81472034,life,http://api.map.baidu.com/place/detail?uid=e6d8d7b8194cb84859bbbcc9&output=html&source=placeapi_v2,,"08:30-12:00,14:00-17:30",,,,,,,,5,1,,,,,,,114.04912162039,22.673372120839,0
6aea18969344b2b81b94c640,金宝丽印章,生活服务,图文快印店,广东省,深圳市,龙华区,深圳市龙华区清湖路维也纳酒店(清湖路店)西北侧,,1,0,114.049056,22.673223,,life,http://api.map.baidu.com/place/detail?uid=6aea18969344b2b81b94c640&output=html&source=placeapi_v2,,,,,,,,,,1,,,,,,,,114.04910559552,22.673197261464,0
3c549b5c452d67686cc02c09,聚鑫图文快印(宝能科技园店),生活服务,图文快印店,广东省,深圳市,龙华区,龙华区清祥路1号宝能科技园9栋一层C座M2号,3c549b5c452d67686cc02c09,1,0,114.070796,22.680388,17722652141,life,http://api.map.baidu.com/place/detail?uid=3c549b5c452d67686cc02c09&output=html&source=placeapi_v2,,09:00-18:00,5,,,,,,,15,2,,,,,,,,,0
c0213c22e1b3c2dd4e2fdfb8,沙姆图文广告招牌设计喷绘(新梅十巷店),生活服务,图文快印店,广东省,深圳市,龙岗区,龙岗区新梅十巷瓦岗寨石锅鱼西北15米,c0213c22e1b3c2dd4e2fdfb8,1,0,114.068434,22.66611,13172459712,life,http://api.map.baidu.com/place/detail?uid=c0213c22e1b3c2dd4e2fdfb8&output=html&source=placeapi_v2,,,,,,,,,,1,,,,,,,,114.06829946567,22.666195041539,0
12e9ce9c92f31b546ca3cc74,便利店照相复印,生活服务,图文快印店,广东省,深圳市,龙岗区,广东省深圳市龙岗区雪岗路2016-29号,,1,0,114.077877,22.663317,,life,http://api.map.baidu.com/place/detail?uid=12e9ce9c92f31b546ca3cc74&output=html&source=placeapi_v2,,10:00-21:00,,,,,,,,2,,,,,,,,114.07813517349,22.663410339647,0
53cadcb8e1df9f275d0d025e,沙姆图文广告设计快印喷绘(台菱店),生活服务,图文快印店,广东省,深圳市,龙岗区,龙岗区五和大道台菱大厦内,53cadcb8e1df9f275d0d025e,1,0,114.075646,22.678631,13172459712,life,http://api.map.baidu.com/place/detail?uid=53cadcb8e1df9f275d0d025e&output=html&source=placeapi_v2,,09:00-20:30,,,,,,,,7,,,,,,,,114.07539986914,22.67874146332,0
74a537628681667007026f32,舒服数码摄影店(照相复印打印),生活服务,图文快印店,广东省,深圳市,龙华区,广东省深圳市龙华区珠三角环线高速清湖商业广场1层(富士康北大门口),74a537628681667007026f32,1,0,114.059146,22.67266,"(0755)81716796,13860612539",life,http://api.map.baidu.com/place/detail?uid=74a537628681667007026f32&output=html&source=placeapi_v2,,07:30-22:00,5,,,,,,,7,1,,,,,,,114.05924356685,22.672464094846,0
cf4f768c8a393dc7ddee8b7b,恒之博数码图文快印(中海信店),生活服务,图文快印店,广东省,深圳市,龙岗区,深圳市龙岗区布吉街道布澜路中海信创新产业城15栋06号铺,cf4f768c8a393dc7ddee8b7b,1,0,114.121319,22.656991,(0755)84828241,life,http://api.map.baidu.com/place/detail?uid=cf4f768c8a393dc7ddee8b7b&output=html&source=placeapi_v2,,08:30-18:00,0,,,,,,,15,0,,,,,,,114.12131056056,22.657310446802,0
116358be014225a7f2193763,招牌印刷店,生活服务,图文快印店,广东省,深圳市,龙岗区,广东省深圳市龙岗区贤合路91号,116358be014225a7f2193763,1,0,114.203784,22.656105,18824393315,life,http://api.map.baidu.com/place/detail?uid=116358be014225a7f2193763&output=html&source=placeapi_v2,,,,,,,,,,3,,,,,,,,114.20387815068,22.65614710118,0
82c419a87d8c47849703196e,鹦彩数码快印店,生活服务,图文快印店,广东省,深圳市,龙岗区,广东深圳市龙岗区永湖地铁站1楼,82c419a87d8c47849703196e,1,0,114.224944,22.665152,(0755)89522323,life,http://api.map.baidu.com/place/detail?uid=82c419a87d8c47849703196e&output=html&source=placeapi_v2,,,1,,,,,,,22,2,,,,,,,114.22471581301,22.665244426835,0
16c1235d38777aa53686f4c9,图文设计印刷,生活服务,图文快印店,广东省,深圳市,宝安区,深圳市宝安区大洋路福永商会信息大厦东南侧约30米,16c1235d38777aa53686f4c9,1,0,113.816967,22.690232,15818613169,life,http://api.map.baidu.com/place/detail?uid=16c1235d38777aa53686f4c9&output=html&source=placeapi_v2,,,,,,,,,,,,,,,,,,,,0
eef58d73f78adce5df1e528c,柯达照相馆(墟背老街店),生活服务,图文快印店,广东省,深圳市,宝安区,广东省深圳市宝安区68号石岩老街一区2号,eef58d73f78adce5df1e528c,1,0,113.938721,22.685032,13641454781,life,http://api.map.baidu.com/place/detail?uid=eef58d73f78adce5df1e528c&output=html&source=placeapi_v2,,09:00-21:00,,,,,,,,8,,,,,,,,113.93882847928,22.685049092101,0
907f0ef1e07fbebeed74f887,章无忧印章店,生活服务,图文快印店,广东省,深圳市,龙华区,广东省深圳市龙华区华宁路21-10号,,1,0,113.995481,22.694747,"13392180808,13410883325",life,http://api.map.baidu.com/place/detail?uid=907f0ef1e07fbebeed74f887&output=html&source=placeapi_v2,,,,,,,,,,9,,,,,,,,113.99544165706,22.69487705552,0
aabe4beabe32d7b3f4e73b86,沙姆图文广告设计快印喷绘(昌隆店),生活服务,图文快印店,广东省,深圳市,龙华区,龙华区观澜环观中路粮食集团观澜工业园宿舍4栋内,aabe4beabe32d7b3f4e73b86,1,0,114.078299,22.715781,15218036369,life,http://api.map.baidu.com/place/detail?uid=aabe4beabe32d7b3f4e73b86&output=html&source=placeapi_v2,,09:00-21:00,,,,,,,,,,,,,,,,,,0
9d195a9154205adbe856fabd,创业印章(观澜营业部),生活服务,图文快印店,广东省,深圳市,龙华区,广东省深圳市龙华区大和路202-5号,9d195a9154205adbe856fabd,1,0,114.056284,22.703509,(0755)29183753,life,http://api.map.baidu.com/place/detail?uid=9d195a9154205adbe856fabd&output=html&source=placeapi_v2,,09:00-18:30,4.3,,,,,,,17,3,,,,,,,114.05611849955,22.703464945006,0
476b0ab6105544cffa0cada5,深博快印(平湖印刷工厂店),生活服务,图文快印店,广东省,深圳市,龙岗区,广东省深圳市龙岗区同富路14号1楼,476b0ab6105544cffa0cada5,1,0,114.12582,22.69151,(0755)22958653,life,http://api.map.baidu.com/place/detail?uid=476b0ab6105544cffa0cada5&output=html&source=placeapi_v2,,,0.0,,,,,,,8,,,,,,,,114.12576139397,22.691359792368,0
3f6d7427c133d139eb1e9733,得利高移印丝印(维峰大厦西北),生活服务,图文快印店,广东省,深圳市,龙岗区,广东省深圳市龙岗区平龙西路130号南油花园a栋,3f6d7427c133d139eb1e9733,1,0,114.116559,22.702711,(0755)89698575,life,http://api.map.baidu.com/place/detail?uid=3f6d7427c133d139eb1e9733&output=html&source=placeapi_v2,,,0,,,,,,,16,1,,,,,,,114.1165581067,22.702680834845,0
13f960d8e4859809b426553b,爱回收(平湖印象里店),生活服务,图文快印店,广东省,深圳市,龙岗区,广东省深圳市龙岗区平湖凤凰大道33号平湖印象里1号门扶梯口,13f960d8e4859809b426553b,1,0,114.158743,22.694896,,life,http://api.map.baidu.com/place/detail?uid=13f960d8e4859809b426553b&output=html&source=placeapi_v2,,10:00-22:00,0,,,,,,,5,0,,,,,,,,,0
49f7d9288eaaddfbd4851fb7,印术佳图文广告快印,生活服务,图文快印店,广东省,深圳市,龙岗区,广东省深圳市龙岗区爱新路18-3号,,1,0,114.243385,22.696618,19902923982,life,http://api.map.baidu.com/place/detail?uid=49f7d9288eaaddfbd4851fb7&output=html&source=placeapi_v2,,08:00-23:00,,,,,,,,,,,,,,,,114.24330825864,22.696534402801,0
1fcb8256fb67791516c905b0,图文快印,生活服务,图文快印店,广东省,深圳市,坪山区,深圳市坪山区和平路深圳市坪山中心小学北侧,1fcb8256fb67791516c905b0,1,0,114.351472,22.694547,,life,http://api.map.baidu.com/place/detail?uid=1fcb8256fb67791516c905b0&output=html&source=placeapi_v2,,,,,,,,,,2,,,,,,,,,,0
f1069c09035f81e16f3e1b19,金一百图文广告(坪山店),生活服务,图文快印店,广东省,深圳市,坪山区,广东省深圳市坪山区新和四路万科金域东郡4栋一楼商铺,f1069c09035f81e16f3e1b19,1,0,114.350225,22.711664,18126470089,life,http://api.map.baidu.com/place/detail?uid=f1069c09035f81e16f3e1b19&output=html&source=placeapi_v2,,09:00-22:00,,,,,,,,32,13,,,,,,,,,0
492412075f78750dc06c1465,大图复印(蚝乡路店),生活服务,图文快印店,广东省,深圳市,宝安区,广东省深圳市宝安区环镇路144号,492412075f78750dc06c1465,1,0,113.819084,22.74505,13544290863,life,http://api.map.baidu.com/place/detail?uid=492412075f78750dc06c1465&output=html&source=placeapi_v2,,08:00-20:00,,,,,,,,11,,,,,,,,113.81893916083,22.745069163989,0
69a25cca80a1105c4afc8da6,大图复印(蚝乡路店),生活服务,图文快印店,广东省,深圳市,宝安区,深圳市宝安区蚝乡路岗盛芳园南区1号,69a25cca80a1105c4afc8da6,1,0,113.821924,22.742056,13620952019,life,http://api.map.baidu.com/place/detail?uid=69a25cca80a1105c4afc8da6&output=html&source=placeapi_v2,,07:30-21:30,5,,,,,,,12,1,,,,,,,,,0
0b64849b4f9cc337a2a93438,柯达(岗背路店),生活服务,图文快印店,广东省,深圳市,宝安区,广东省深圳市宝安区新沙路443号1楼,0b64849b4f9cc337a2a93438,1,0,113.826967,22.73501,(0755)29755100,life,http://api.map.baidu.com/place/detail?uid=0b64849b4f9cc337a2a93438&output=html&source=placeapi_v2,,09:00-21:00,0,,,,,,,12,1,,,,,,,,,0
ed16476ed77663ea364aae2f,柯达(新沙路店),生活服务,图文快印店,广东省,深圳市,宝安区,广东省深圳市宝安区上南大街天虹商场1楼,ed16476ed77663ea364aae2f,1,0,113.816725,22.737978,(0755)27213283,life,http://api.map.baidu.com/place/detail?uid=ed16476ed77663ea364aae2f&output=html&source=placeapi_v2,,09:00-21:00,,,,,,,,3,,,,,,,,113.81670965728,22.738065389666,0
0197555febc7f42014c8f631,乐意印章(国税店),生活服务,图文快印店,广东省,深圳市,宝安区,广东省深圳市宝安区蚝乡路中心名座四期b栋,0197555febc7f42014c8f631,1,0,113.834401,22.741425,(0755)27204125,life,http://api.map.baidu.com/place/detail?uid=0197555febc7f42014c8f631&output=html&source=placeapi_v2,,"08:30-12:00,14:00-18:00",,,,,,,,17,,,,,,,,113.83448122414,22.741412197257,0
663b3c2cb0f5bde6cafa5f02,创业印章(沙井蚝乡店),生活服务,图文快印店,广东省,深圳市,宝安区,中心路中心名座A座1层1F-01号,663b3c2cb0f5bde6cafa5f02,1,0,113.834294,22.740873,(0755)27720457,life,http://api.map.baidu.com/place/detail?uid=663b3c2cb0f5bde6cafa5f02&output=html&source=placeapi_v2,,,5,,,,,,,20,1,,,,,,,113.834387415,22.740917715921,0
2c20e5b96aaac529c4f02569,鼎力印章(沙井店),生活服务,图文快印店,广东省,深圳市,宝安区,广东省深圳市宝安区中心路中心名座a栋1F-06号,2c20e5b96aaac529c4f02569,1,0,113.834335,22.741121,,life,http://api.map.baidu.com/place/detail?uid=2c20e5b96aaac529c4f02569&output=html&source=placeapi_v2,,09:00-21:00,,,,,,,,12,,,,,,,,113.83442620293,22.741107103551,0
6abc61a6ed147f3258f6be32,快印王图文数码直印中心,生活服务,图文快印店,广东省,深圳市,宝安区,深圳市宝安区沙井东环路黄埔华庭花园西侧约40米,6abc61a6ed147f3258f6be32,1,0,113.853213,22.718148,(0755)23590209,life,http://api.map.baidu.com/place/detail?uid=6abc61a6ed147f3258f6be32&output=html&source=placeapi_v2,,,,,,,,,,4,1,,,,,,,113.85337467668,22.718105894138,0
f3c446758de7e4779d95de7c,柯达(数码照相馆店),生活服务,图文快印店,广东省,深圳市,宝安区,广东省深圳市宝安区上南大街53号,f3c446758de7e4779d95de7c,1,0,113.852624,22.722785,13670004733,life,http://api.map.baidu.com/place/detail?uid=f3c446758de7e4779d95de7c&output=html&source=placeapi_v2,,10:00-21:00,5,,,,,,,22,3,,,,,,,113.85271006534,22.722809629411,0
1014ff69a378e0c5b1077de0,创晨印章(沙井店),生活服务,图文快印店,广东省,深圳市,宝安区,广东省深圳市宝安区新沙路23-1号,1014ff69a378e0c5b1077de0,1,0,113.846753,22.731227,"(0755)27227416,(0755)27227918",life,http://api.map.baidu.com/place/detail?uid=1014ff69a378e0c5b1077de0&output=html&source=placeapi_v2,,08:30-20:00,,,,,,,,14,,,,,,,,113.84680372369,22.731292538246,0
e73d2997e0051a6097ec846c,丽影招牌印刷照相(田寮店),生活服务,图文快印店,广东省,深圳市,光明区,广东省深圳市光明区文明路6号,e73d2997e0051a6097ec846c,1,0,113.9102,22.733078,(0755)29424133,life,http://api.map.baidu.com/place/detail?uid=e73d2997e0051a6097ec846c&output=html&source=placeapi_v2,,09:00-20:30,3,,,,,,,2,2,,,,,,,,,0
f7954fe5f7afc02b6b49f3d8,亮亮照相广告图文店,生活服务,图文快印店,广东省,深圳市,光明区,广东省深圳市光明区长圳路102-2号,f7954fe5f7afc02b6b49f3d8,1,0,113.919487,22.724241,"(0755)81480193,18818991837",life,http://api.map.baidu.com/place/detail?uid=f7954fe5f7afc02b6b49f3d8&output=html&source=placeapi_v2,,07:30-23:00,3,,,,,,,10,2,,,,,,,113.91946044656,22.724134868463,0
96422fc30b32024114948e55,飓升图文快印(光明店),生活服务,图文快印店,广东省,深圳市,光明区,深圳市光明区同业路新纶科技产业园西北侧约40米,,1,0,113.936054,22.74083,13510945351,life,http://api.map.baidu.com/place/detail?uid=96422fc30b32024114948e55&output=html&source=placeapi_v2,,10:00-20:00,,,,,,,,9,,,,,,,,113.93615446992,22.740695841815,0
aabe4beabe32d7b3f4e73b86,沙姆图文广告设计快印喷绘(昌隆店),生活服务,图文快印店,广东省,深圳市,龙华区,龙华区观澜环观中路粮食集团观澜工业园宿舍4栋内,aabe4beabe32d7b3f4e73b86,1,0,114.078299,22.715781,15218036369,life,http://api.map.baidu.com/place/detail?uid=aabe4beabe32d7b3f4e73b86&output=html&source=placeapi_v2,,09:00-21:00,,,,,,,,,,,,,,,,,,0
81242404932db6f977026906,兴业图文(新澜大街店),生活服务,图文快印店,广东省,深圳市,龙华区,广东深圳市龙华区新澜大街13号,81242404932db6f977026906,1,0,114.058783,22.720907,(0755)28080105,life,http://api.map.baidu.com/place/detail?uid=81242404932db6f977026906&output=html&source=placeapi_v2,,09:00-21:00,2,,,,,,,5,2,,,,,,,,,0
63111dd915591e461df74d72,时代摄影图文,生活服务,图文快印店,广东省,深圳市,龙岗区,龙岗中心城龙平西路157-15号,63111dd915591e461df74d72,1,0,114.234377,22.734702,13923488582,life,http://api.map.baidu.com/place/detail?uid=63111dd915591e461df74d72&output=html&source=placeapi_v2,,09:00-21:00,3.7,,,,,,,21,3,,,,,,,114.23433623383,22.734738186732,0
bcc5cad347f1d967bb17e7d9,美晶图文快印(龙翔大道店),生活服务,图文快印店,广东省,深圳市,龙岗区,广东省深圳市龙岗区龙翔大道7089号,bcc5cad347f1d967bb17e7d9,1,0,114.247685,22.72021,(0755)89205140,life,http://api.map.baidu.com/place/detail?uid=bcc5cad347f1d967bb17e7d9&output=html&source=placeapi_v2,,08:30-22:00,5,,,,,,,17,4,,,,,,,114.24771839432,22.72017724246,0
f4e8d02e93614aa5028972e9,华景图文数码快印(龙岗店),生活服务,图文快印店,广东省,深圳市,龙岗区,广东省深圳市龙岗区中心城清林中路和兴花园二期226号,,1,0,114.236456,22.726207,(0755)89727277,life,http://api.map.baidu.com/place/detail?uid=f4e8d02e93614aa5028972e9&output=html&source=placeapi_v2,,09:00-22:00,5,,,,,,,18,3,,,,,,,114.23637215434,22.726094928538,0
817d95d5042687d280a00cf9,信诺图文(龙岗店),生活服务,图文快印店,广东省,深圳市,龙岗区,清林路372号,817d95d5042687d280a00cf9,1,0,114.229591,22.726053,18938035200,life,http://api.map.baidu.com/place/detail?uid=817d95d5042687d280a00cf9&output=html&source=placeapi_v2,,08:30-21:00,5,,,,,,,16,2,,,,,,,114.22964532738,22.725984429051,0
db2c557888891bc6725e8088,印盟图文广告(龙岗店),生活服务,图文快印店,广东省,深圳市,龙岗区,广东省深圳市龙岗区清林路518号天健现代城4栋,db2c557888891bc6725e8088,1,0,114.225478,22.725946,(0755)84864375,life,http://api.map.baidu.com/place/detail?uid=db2c557888891bc6725e8088&output=html&source=placeapi_v2,,00:00-24:00,3,,,,,,,12,4,,,,,,,114.22548693822,22.725855058016,0
d4eaf658fba1fd2f3a04b1ff,深博快印(龙岗中心城店),生活服务,图文快印店,广东省,深圳市,龙岗区,广东省深圳市龙岗区欣景路72号1楼,d4eaf658fba1fd2f3a04b1ff,1,0,114.256893,22.734355,13923413161,life,http://api.map.baidu.com/place/detail?uid=d4eaf658fba1fd2f3a04b1ff&output=html&source=placeapi_v2,,09:00-18:00,5,,,,,,,10,2,,,,,,,114.25704352775,22.734333687308,0
a82730688e8312f0bea240ad,快图美(龙福路店),生活服务,图文快印店,广东省,深圳市,龙岗区,广东省深圳市龙岗区中心城龙福路尚景华园8栋1楼,a82730688e8312f0bea240ad,1,0,114.248893,22.732181,"(0755)28960661,(0755)28960662",life,http://api.map.baidu.com/place/detail?uid=a82730688e8312f0bea240ad&output=html&source=placeapi_v2,,09:00-20:00,0,,,,,,,9,1,,,,,,,,,0
5983c1c0a242a391c4f50d70,宏浩图文(精彩连锁龙岗中心店),生活服务,图文快印店,广东省,深圳市,龙岗区,广东省深圳市龙岗区龙城街道欣景路31号,5983c1c0a242a391c4f50d70,1,0,114.257235,22.735178,(0755)28999791,life,http://api.map.baidu.com/place/detail?uid=5983c1c0a242a391c4f50d70&output=html&source=placeapi_v2,,09:00-21:00,,,,,,,,6,,,,,,,,114.25709689518,22.735173515368,0
bdde79e5d16c7f001288246d,鑫美佳图文,生活服务,图文快印店,广东省,深圳市,龙岗区,广东省深圳市龙岗区中心城龙福一村12栋111号铺德政路37号,bdde79e5d16c7f001288246d,1,0,114.252028,22.728927,18926771085,enterprise,http://api.map.baidu.com/place/detail?uid=bdde79e5d16c7f001288246d&output=html&source=placeapi_v2,,10:00-22:00,1.0,,,,,,,,1,,,,,,,114.252177405,22.728713967204,0
1a5f283b78d9eccd4c3a59ba,创业印章(龙岗营业部),生活服务,图文快印店,广东省,深圳市,龙岗区,广东省深圳市龙岗区德政路3号,1a5f283b78d9eccd4c3a59ba,1,0,114.249521,22.72323,(0755)28908431,life,http://api.map.baidu.com/place/detail?uid=1a5f283b78d9eccd4c3a59ba&output=html&source=placeapi_v2,,,0,,,,,,,32,1,,,,,,,114.24970112346,22.723402419672,0
562e397515110c87b54f54fc,龙文轩印章,生活服务,图文快印店,广东省,深圳市,龙岗区,广东省深圳市龙岗区龙翔大道7133号,562e397515110c87b54f54fc,1,0,114.248598,22.721523,13692249936,life,http://api.map.baidu.com/place/detail?uid=562e397515110c87b54f54fc&output=html&source=placeapi_v2,,09:00-21:00,,,,,,,,11,,,,,,,,114.24878351696,22.721647302045,0
eb5398dc8f60adeff03cba10,妙文斋印章公司,生活服务,图文快印店,广东省,深圳市,龙岗区,广东省深圳市龙岗区德政路9-1号,eb5398dc8f60adeff03cba10,1,0,114.249421,22.723408,(0755)28910703,life,http://api.map.baidu.com/place/detail?uid=eb5398dc8f60adeff03cba10&output=html&source=placeapi_v2,,,,,,,,,,14,,,,,,,,114.24960903277,22.723497688031,0
53f509bd8a6eef02d13ce3bf,合众印章店,生活服务,图文快印店,广东省,深圳市,龙岗区,广东省深圳市龙岗区紫薇路14号,53f509bd8a6eef02d13ce3bf,1,0,114.248736,22.723421,,life,http://api.map.baidu.com/place/detail?uid=53f509bd8a6eef02d13ce3bf&output=html&source=placeapi_v2,,,,,,,,,,7,,,,,,,,114.24870442295,22.72345490665,0
cc0348ef3e573d9e28201a0b,龙保印章,生活服务,图文快印店,广东省,深圳市,龙岗区,深圳市龙岗区德政路13号;德政路11-2号,cc0348ef3e573d9e28201a0b,1,0,114.249361,22.723535,(0755)28920634,life,http://api.map.baidu.com/place/detail?uid=cc0348ef3e573d9e28201a0b&output=html&source=placeapi_v2,,09:00-21:00,,,,,,,,16,,,,,,,,114.24952993517,22.723632908163,0
b23c480ae39bf0593686f449,金品图文快印,生活服务,图文快印店,广东省,深圳市,龙岗区,广东省深圳市龙岗区盛龙路32号,b23c480ae39bf0593686f449,1,0,114.262971,22.733216,13682471605,life,http://api.map.baidu.com/place/detail?uid=b23c480ae39bf0593686f449&output=html&source=placeapi_v2,,08:00-22:00,,,,,,,,12,,,,,,,,114.26293551718,22.733251462167,0
903f1b798a53d0040f0a7044,忠信广告图文,生活服务,图文快印店,广东省,深圳市,龙岗区,广东省深圳市龙岗区三和商业街4-1号,903f1b798a53d0040f0a7044,1,0,114.288808,22.733591,13714737982,life,http://api.map.baidu.com/place/detail?uid=903f1b798a53d0040f0a7044&output=html&source=placeapi_v2,,08:00-21:30,,,,,,,,27,,,,,,,,114.28888137133,22.733650231002,0
6d1e9a58246edec328b97c92,鑫鸿照相图文,生活服务,图文快印店,广东省,深圳市,龙岗区,深圳市龙岗区龙平东路天虹商场(龙岗双龙店)东北侧约160米,6d1e9a58246edec328b97c92,1,0,114.28634,22.736283,13824343883,life,http://api.map.baidu.com/place/detail?uid=6d1e9a58246edec328b97c92&output=html&source=placeapi_v2,,08:00-23:00,,,,,,,,4,,,,,,,,114.28643507612,22.736092047243,0
e3de6752b6eca2cc5abbbc81,深圳市俪图图文设计有限公司(总店),生活服务,图文快印店,广东省,深圳市,龙岗区,广东省深圳市龙岗区龙园路123号2楼,e3de6752b6eca2cc5abbbc81,1,0,114.267977,22.731073,(0755)84874631,life,http://api.map.baidu.com/place/detail?uid=e3de6752b6eca2cc5abbbc81&output=html&source=placeapi_v2,20,09:00-21:00,5.0,,,,,,,20,4,,,,,,,,,0
d8302e0cb552b2e9fd0eb087,鸿景数码照相,生活服务,图文快印店,广东省,深圳市,龙岗区,广东省深圳市龙岗区福宁路21-1号,d8302e0cb552b2e9fd0eb087,1,0,114.280175,22.738673,15889336760,life,http://api.map.baidu.com/place/detail?uid=d8302e0cb552b2e9fd0eb087&output=html&source=placeapi_v2,,09:00-20:00,0,,,,,,,25,1,,,,,,,114.28024006399,22.738789588714,0
2d83178af565952f8936eecd,创业印章(平南营业部),生活服务,图文快印店,广东省,深圳市,龙岗区,广东省深圳市龙岗区龙岗路15-2号华兴苑商场101房,,1,0,114.277036,22.727743,"(0755)84807593,(0755)86111112",life,http://api.map.baidu.com/place/detail?uid=2d83178af565952f8936eecd&output=html&source=placeapi_v2,,"08:30-12:00,14:00-17:30",1,,,,,,,23,3,,,,,,,114.27710451064,22.727774038526,0
181310df68613bcb6c3e1b13,一乐图文输出中心,生活服务,图文快印店,广东省,深圳市,龙岗区,广东省深圳市龙岗区碧新路龙岗段2066-23号,181310df68613bcb6c3e1b13,1,0,114.276358,22.722884,"(0755)89908659,18025302343",life,http://api.map.baidu.com/place/detail?uid=181310df68613bcb6c3e1b13&output=html&source=placeapi_v2,,09:00-21:00,0,,,,,,,13,1,,,,,,,114.27650948834,22.722800753005,0
eabf4188fc8be99ccac3db39,创业印章(远洋新干线店),生活服务,图文快印店,广东省,深圳市,龙岗区,广东深圳市龙岗区龙岗路15号-1远洋新干线1栋113室,eabf4188fc8be99ccac3db39,1,0,114.267665,22.725215,(0755)85200653,life,http://api.map.baidu.com/place/detail?uid=eabf4188fc8be99ccac3db39&output=html&source=placeapi_v2,,08:30-18:00,4.5,,,,,,,9,6,,,,,,,114.26765024041,22.725240955348,0
afa2c761a226d1af8c55ec7c,洲琴优印通广告・图文快印,生活服务,图文快印店,广东省,深圳市,龙岗区,广东省深圳市龙岗区龙湖路55号,,1,0,114.296347,22.724397,13155276083,life,http://api.map.baidu.com/place/detail?uid=afa2c761a226d1af8c55ec7c&output=html&source=placeapi_v2,,09:00-23:00,,,,,,,,1,,,,,,,,,,0
114d033c3bfbfd64d518b7e8,宏鑫印章,生活服务,图文快印店,广东省,深圳市,龙岗区,广东省深圳市龙岗区郭屋三巷6-1号2号店103号,,1,0,114.263419,22.734736,13430884442,life,http://api.map.baidu.com/place/detail?uid=114d033c3bfbfd64d518b7e8&output=html&source=placeapi_v2,,,,,,,,,,7,,,,,,,,,,0
ad2df2f92d4cebdcc4f50d15,丽彩鑫复印店,生活服务,图文快印店,广东省,深圳市,宝安区,东方一路86-5号附近,ad2df2f92d4cebdcc4f50d15,1,0,113.856355,22.763625,(0755)81778617,life,http://api.map.baidu.com/place/detail?uid=ad2df2f92d4cebdcc4f50d15&output=html&source=placeapi_v2,,08:00-20:00,5,,,,,,,21,1,,,,,,,113.85631899964,22.763624004162,0
0ca5b7c49eef550088f15df4,东盛绘图印刷部,生活服务,图文快印店,广东省,深圳市,宝安区,广东省深圳市宝安区东方村226号,0ca5b7c49eef550088f15df4,1,0,113.852228,22.768389,"(0755)27099002,13530775250",life,http://api.map.baidu.com/place/detail?uid=0ca5b7c49eef550088f15df4&output=html&source=placeapi_v2,,,,,,,,,,16,,,,,,,,113.85231322182,22.768345571001,0
940031904e700acd1f38943c,惠普打印机专卖,生活服务,图文快印店,广东省,深圳市,宝安区,广东省深圳市宝安区东方大道天虹商场松岗店南侧约60米,940031904e700acd1f38943c,1,0,113.85796,22.767863,(0755)27096713,life,http://api.map.baidu.com/place/detail?uid=940031904e700acd1f38943c&output=html&source=placeapi_v2,,08:30-19:00,,,,,,,,3,,,,,,,,113.85809755203,22.767876297101,0
aabf64699f74047579b55cde,印纪图文快印,生活服务,图文快印店,广东省,深圳市,宝安区,广东省深圳市宝安区立业路40-8号,,1,0,113.860154,22.774072,(0755)27502165,life,http://api.map.baidu.com/place/detail?uid=aabf64699f74047579b55cde&output=html&source=placeapi_v2,,,,,,,,,,4,,,,,,,,,,0
8b02741b4a95a40e5fd4fe19,乐意印章(松岗店),生活服务,图文快印店,广东省,深圳市,宝安区,广东省深圳市宝安区楼岗路宝利豪庭1栋090室,8b02741b4a95a40e5fd4fe19,1,0,113.857948,22.767922,(0755)27064684,life,http://api.map.baidu.com/place/detail?uid=8b02741b4a95a40e5fd4fe19&output=html&source=placeapi_v2,,,,,,,,,,9,,,,,,,,113.85809515984,22.767934859995,0
10e0481f995676d22b06ce68,合信图文,生活服务,图文快印店,广东省,深圳市,宝安区,深圳市宝安区湾头二路五洲商务酒店(松瑞路店)东南侧约40米,10e0481f995676d22b06ce68,1,0,113.844843,22.76672,,life,http://api.map.baidu.com/place/detail?uid=10e0481f995676d22b06ce68&output=html&source=placeapi_v2,,,,,,,,,,8,,,,,,,,,,0
557cbaa8f6cf245f704b8769,艺彩数码照相馆(楼岗大道店),生活服务,图文快印店,广东省,深圳市,宝安区,广东省深圳市宝安区楼岗大道43-3号,557cbaa8f6cf245f704b8769,1,0,113.862166,22.771424,15889739508,life,http://api.map.baidu.com/place/detail?uid=557cbaa8f6cf245f704b8769&output=html&source=placeapi_v2,,08:30-22:30,5,,,,,,,19,1,,,,,,,113.86214739444,22.77159985902,0
5a80ea77807652504afd3faa,创业印章(宝利豪庭店),生活服务,图文快印店,广东省,深圳市,宝安区,广东省深圳市宝安区金开路宝利豪庭二区1栋090号,5a80ea77807652504afd3faa,1,0,113.857869,22.767746,(0755)29564873,life,http://api.map.baidu.com/place/detail?uid=5a80ea77807652504afd3faa&output=html&source=placeapi_v2,,09:00-18:30,4.1,,,,,,,12,13,,,,,,,113.85811236419,22.767767225825,0
493e92647024c7b9d8eced88,善于图文数码快印,生活服务,图文快印店,广东省,深圳市,宝安区,宝安区燕罗路6号101号,493e92647024c7b9d8eced88,1,0,113.860362,22.779124,(0755)23317395,life,http://api.map.baidu.com/place/detail?uid=493e92647024c7b9d8eced88&output=html&source=placeapi_v2,,08:30-22:00,5,,,,,,,16,3,,,,,,,113.86018733403,22.779159522922,0
31b5050792d55efe4e6d46a8,非梵图文快印(光明店),生活服务,图文快印店,广东省,深圳市,光明区,广东省深圳市光明区公明南环大道益田假日府邸110号店铺,31b5050792d55efe4e6d46a8,1,0,113.909433,22.772521,18926409529,life,http://api.map.baidu.com/place/detail?uid=31b5050792d55efe4e6d46a8&output=html&source=placeapi_v2,,09:00-20:30,5,,,,,,,14,6,,,,,,,113.90933876318,22.772478073424,0
34d0158e23409743d13ce387,腾图图文(华夏路店),生活服务,图文快印店,广东省,深圳市,光明区,广东省深圳市光明区华夏路美景花园7栋7号,34d0158e23409743d13ce387,1,0,113.948724,22.760913,(0755)27779990,life,http://api.map.baidu.com/place/detail?uid=34d0158e23409743d13ce387&output=html&source=placeapi_v2,,09:30-18:00,0,,,,,,,17,1,,,,,,,113.94867999998,22.760869004112,0
d7727c19bc70dfaa0e3ddafc,璐怡图文,生活服务,图文快印店,广东省,深圳市,光明区,广东省深圳市光明区光明大街211号,d7727c19bc70dfaa0e3ddafc,1,0,113.955032,22.766027,,life,http://api.map.baidu.com/place/detail?uid=d7727c19bc70dfaa0e3ddafc&output=html&source=placeapi_v2,,10:00-21:00,5,,,,,,,12,1,,,,,,,113.95511449407,22.766141654585,0
37d75beb7475e3a7f02d837f,光明星图文广告(光明店),生活服务,图文快印店,广东省,深圳市,光明区,深圳市光明区华夏路怡景园2期6幢111号,,1,0,113.948341,22.759522,"(0755)29722563,13316473107",life,http://api.map.baidu.com/place/detail?uid=37d75beb7475e3a7f02d837f&output=html&source=placeapi_v2,,08:00-23:00,,,,,,,,4,,,,,,,,113.9483997071,22.759465864387,0
6ac0feb04666c19a90114ceb,创美佳图文快印,生活服务,图文快印店,广东省,深圳市,光明区,广东省深圳市光明区牛山路15-10号怡景二期6栋15-11号,6ac0feb04666c19a90114ceb,1,0,113.948319,22.759507,"13530000951,15012993723",life,http://api.map.baidu.com/place/detail?uid=6ac0feb04666c19a90114ceb&output=html&source=placeapi_v2,,08:30-21:30,5,,,,,,,24,2,,,,,,,,,0
d31e5e873887456076e5b615,众博图文快印(光明店),生活服务,图文快印店,广东省,深圳市,光明区,广东省深圳市光明区凤凰街道038~039龙光玖龙台2栋A座2栋,,1,0,113.939474,22.749416,19924529062,life,http://api.map.baidu.com/place/detail?uid=d31e5e873887456076e5b615&output=html&source=placeapi_v2,,09:00-21:00,,,,,,,,4,2,,,,,,,113.93937857553,22.74932733139,0
8cc8291f52c19d959f09f7ff,照相复印,生活服务,图文快印店,广东省,深圳市,光明区,深圳市光明区光明大街光明招待所(光明荔园路店)西南侧约90米,8cc8291f52c19d959f09f7ff,1,0,113.950815,22.76897,,life,http://api.map.baidu.com/place/detail?uid=8cc8291f52c19d959f09f7ff&output=html&source=placeapi_v2,,,,,,,,,,1,,,,,,,,,,0
48f32bfa2b8109622b06ced2,优印图文数码快印,生活服务,图文快印店,广东省,深圳市,龙岗区,广东省深圳市龙岗区新城路42号水岸新都二期15栋105室,48f32bfa2b8109622b06ced2,1,0,114.28643,22.754186,17503032215,life,http://api.map.baidu.com/place/detail?uid=48f32bfa2b8109622b06ced2&output=html&source=placeapi_v2,,00:00-24:00,,,,,,,,9,3,,,,,,,,,0
605a5f294825861b52e5c56b,丽景图文快印文印部,生活服务,图文快印店,广东省,深圳市,光明区,广东省深圳市光明区金辉路广雅花园4栋105号,,1,0,113.901255,22.785927,"(0755)27730630,(0755)27733511",life,http://api.map.baidu.com/place/detail?uid=605a5f294825861b52e5c56b&output=html&source=placeapi_v2,,,0,,,,,,,12,4,,,,,,,,,0
7f2fc2276d5c5cb09ee3218c,大兴图文(光明店),生活服务,图文快印店,广东省,深圳市,光明区,广东省深圳市光明区松白路5066-3号,7f2fc2276d5c5cb09ee3218c,1,0,113.892818,22.78619,13725556758,life,http://api.map.baidu.com/place/detail?uid=7f2fc2276d5c5cb09ee3218c&output=html&source=placeapi_v2,,08:00-21:30,4.6,,,,,,,18,6,,,,,,,113.89273347714,22.786001851941,0
48d26bd53123d4673c9a5ec7,万顺图文广告(公明店),生活服务,图文快印店,广东省,深圳市,光明区,光明区马田街道松白路5038-1号,48d26bd53123d4673c9a5ec7,1,0,113.896496,22.785319,18138820654,life,http://api.map.baidu.com/place/detail?uid=48d26bd53123d4673c9a5ec7&output=html&source=placeapi_v2,,00:00-24:00,5.0,,,,,,,13,3,,,,,,,,,0
549ac7f8d487171e0ab93a34,图文印刷,生活服务,图文快印店,广东省,深圳市,光明区,深圳市光明区民生大道晨曦楼西南侧,,1,0,113.895953,22.791485,,life,http://api.map.baidu.com/place/detail?uid=549ac7f8d487171e0ab93a34&output=html&source=placeapi_v2,,09:00-22:30,,,,,,,,,,,,,,,,113.89594148601,22.791331068005,0
78b22eb1773ab80781288a94,创业印章(静文路店),生活服务,图文快印店,广东省,深圳市,光明区,广东省深圳市光明区建设东路78号108号,78b22eb1773ab80781288a94,1,0,113.902548,22.786441,(0755)23248347,life,http://api.map.baidu.com/place/detail?uid=78b22eb1773ab80781288a94&output=html&source=placeapi_v2,,08:30-18:00,0,,,,,,,11,0,,,,,,,,,0
1d992ec081635dbb902ca330,格之格打印耗材专卖店,生活服务,图文快印店,广东省,深圳市,光明区,深圳市光明区民生大道公明街心公园西北侧约50米,1d992ec081635dbb902ca330,1,0,113.894983,22.791754,13189783074,life,http://api.map.baidu.com/place/detail?uid=1d992ec081635dbb902ca330&output=html&source=placeapi_v2,,,,,,,,,,7,,,,,,,,113.89508940012,22.791839537765,0
5676db6394bd1ea0c056ac7e,乐意印章(公明店),生活服务,图文快印店,广东省,深圳市,光明区,广东省深圳市光明区广场路48号广雅花园2栋111号,5676db6394bd1ea0c056ac7e,1,0,113.901913,22.786427,(0755)27101521,life,http://api.map.baidu.com/place/detail?uid=5676db6394bd1ea0c056ac7e&output=html&source=placeapi_v2,,09:00-17:30,5,,,,,,,7,1,,,,,,,113.9019060738,22.78656767352,0
3d9bdbd2842501f1f2193756,华艺印章,生活服务,图文快印店,广东省,深圳市,光明区,深圳市光明区建设西路南一巷国业百货(公明店)西南侧约100米,,1,0,113.895894,22.786626,(0755)27738003,life,http://api.map.baidu.com/place/detail?uid=3d9bdbd2842501f1f2193756&output=html&source=placeapi_v2,,09:00-20:00,5,,,,,,,8,2,,,,,,,113.89597227274,22.7867245967,0
