uid,name,cat_L1,cat_L2,province,city,area,address,street_id,detail,child_num,loc_lng,loc_lat,telephone,type,detail_url,price,shop_hours,overall_rating,taste_rating,service_rating,environment_rating,facility_rating,hygiene_rating,technology_rating,image_num,comment_num,groupon_num,discount_num,favorite_num,checkin_num,brand,content_tag,naviloc_lng,naviloc_lat,child_num
79b84d981f02f06929fc48ad,通达图文工美广告,生活服务,图文快印店,新疆维吾尔自治区,乌鲁木齐市,沙依巴克区,新疆维吾尔自治区乌鲁木齐市沙依巴克区仓房沟路448号(凌庆粮油市场5104号西侧),79b84d981f02f06929fc48ad,1,0,87.602649,43.777607,"(0991)5627760,15276557701",life,http://api.map.baidu.com/place/detail?uid=79b84d981f02f06929fc48ad&output=html&source=placeapi_v2,,11:00-20:00,0.0,,,,,,,3,,,,,,,,87.602462787754,43.77767367894,0
c0754ec0806d2601b6147f55,志航复印打印店,生活服务,图文快印店,新疆维吾尔自治区,乌鲁木齐市,沙依巴克区,新疆维吾尔自治区乌鲁木齐市沙依巴克区伊宁路53号,c0754ec0806d2601b6147f55,1,0,87.602664,43.792356,15022993885,life,http://api.map.baidu.com/place/detail?uid=c0754ec0806d2601b6147f55&output=html&source=placeapi_v2,,09:00-21:00,,,,,,,,5,,,,,,,,,,0
f8acd2b9f61f23cd3686f452,五桥图文快印店,生活服务,图文快印店,新疆维吾尔自治区,乌鲁木齐市,天山区,新疆维吾尔自治区乌鲁木齐市天山区新华南路988号,,1,0,87.61652,43.776335,,life,http://api.map.baidu.com/place/detail?uid=f8acd2b9f61f23cd3686f452&output=html&source=placeapi_v2,,,,,,,,,,2,1,,,,,,,87.616444595825,43.776349996894,0
87d87b4b937beb449e9d680c,旭艺图文快印,生活服务,图文快印店,新疆维吾尔自治区,乌鲁木齐市,天山区,新疆乌鲁木齐市天山区和平南路120号,87d87b4b937beb449e9d680c,1,0,87.630556,43.795062,13579813068,life,http://api.map.baidu.com/place/detail?uid=87d87b4b937beb449e9d680c&output=html&source=placeapi_v2,,,5,,,,,,,6,2,,,,,,,87.630337029594,43.795084669944,0
afb03103b950b3940a5cb343,爱之家打字复印店(团结路店),生活服务,图文快印店,新疆维吾尔自治区,乌鲁木齐市,天山区,新疆维吾尔自治区乌鲁木齐市天山区团结路699号,,1,0,87.631809,43.780453,,life,http://api.map.baidu.com/place/detail?uid=afb03103b950b3940a5cb343&output=html&source=placeapi_v2,,,,,,,,,,4,,,,,,,,87.631867523356,43.780431752412,0
4b6b1b198e2afddfab175a5f,华茂打字复印部,生活服务,图文快印店,新疆维吾尔自治区,乌鲁木齐市,天山区,新疆乌鲁木齐市天山区新华南路493号,4b6b1b198e2afddfab175a5f,1,0,87.618027,43.790467,,life,http://api.map.baidu.com/place/detail?uid=4b6b1b198e2afddfab175a5f&output=html&source=placeapi_v2,,09:00-21:00,0.0,,,,,,,5,,,,,,,,,,0
0bce1f501bd7a0021ce99968,兴光华复印服务部,生活服务,图文快印店,新疆维吾尔自治区,乌鲁木齐市,沙依巴克区,新疆维吾尔自治区乌鲁木齐市沙依巴克区钱塘江路55号,0bce1f501bd7a0021ce99968,1,0,87.61127,43.78689,(0991)5892891,life,http://api.map.baidu.com/place/detail?uid=0bce1f501bd7a0021ce99968&output=html&source=placeapi_v2,,09:00-21:00,0,,,,,,,6,1,,,,,,,,,0
cb7aef919b4eef58abf72945,小孙印务,生活服务,图文快印店,新疆维吾尔自治区,乌鲁木齐市,天山区,乌鲁木齐市天山区胜利路666号(新疆大学内仲实路D-02号),,1,0,87.622634,43.769268,18997914238,life,http://api.map.baidu.com/place/detail?uid=cb7aef919b4eef58abf72945&output=html&source=placeapi_v2,,,0.0,,,,,,,4,1,,,,,,,87.622435532442,43.76952718709,0
83fb88bb74dac273c8213d31,阳乐摄影店,生活服务,图文快印店,新疆维吾尔自治区,乌鲁木齐市,天山区,新疆维吾尔自治区乌鲁木齐市天山区和平南路青海寺巷19号,83fb88bb74dac273c8213d31,1,0,87.628152,43.792197,13899864017,life,http://api.map.baidu.com/place/detail?uid=83fb88bb74dac273c8213d31&output=html&source=placeapi_v2,,10:00-22:00,5,,,,,,,3,1,,,,,,,,,0
26ecec8b4168f6dcae31e5c4,文体复印店,生活服务,图文快印店,新疆维吾尔自治区,乌鲁木齐市,天山区,幸福路930号,26ecec8b4168f6dcae31e5c4,1,0,87.657202,43.78933,18997991535,life,http://api.map.baidu.com/place/detail?uid=26ecec8b4168f6dcae31e5c4&output=html&source=placeapi_v2,,00:00-24:00,,,,,,,,3,,,,,,,,,,0
9c6ef9a5c84fe7078d77271d,昕欣图文快印,生活服务,图文快印店,新疆维吾尔自治区,乌鲁木齐市,沙依巴克区,白湖路1号伊水湾小区一期商铺S5C1C101号,9c6ef9a5c84fe7078d77271d,1,0,87.472256,43.817795,18139607298,life,http://api.map.baidu.com/place/detail?uid=9c6ef9a5c84fe7078d77271d&output=html&source=placeapi_v2,,09:30-22:30,0,,,,,,,6,2,,,,,,,,,0
9da0e8e410aa6f403904b130,大新图文,生活服务,图文快印店,新疆维吾尔自治区,乌鲁木齐市,沙依巴克区,新疆维吾尔自治区乌鲁木齐市沙依巴克区揽秀园西街164号老红山市场一汽配小2楼,9da0e8e410aa6f403904b130,1,0,87.601743,43.811877,,life,http://api.map.baidu.com/place/detail?uid=9da0e8e410aa6f403904b130&output=html&source=placeapi_v2,,10:00-20:00,,,,,,,,7,,,,,,,,,,0
4c82c50a5e006b9fede4a599,图文喷绘复印快照(揽秀园西街店),生活服务,图文快印店,新疆维吾尔自治区,乌鲁木齐市,沙依巴克区,乌鲁木齐市沙依巴克区揽秀园西街天安名门北侧约70米,4c82c50a5e006b9fede4a599,1,0,87.603212,43.811547,(0991)4522761,life,http://api.map.baidu.com/place/detail?uid=4c82c50a5e006b9fede4a599&output=html&source=placeapi_v2,,10:00-20:00,1.0,,,,,,,,1,,,,,,,,,0
78e32e602b74bb5188f15d7c,流芳图文,生活服务,图文快印店,新疆维吾尔自治区,乌鲁木齐市,沙依巴克区,新疆维吾尔自治区乌鲁木齐市沙依巴克区哈密南路31号众福苑一期门面,78e32e602b74bb5188f15d7c,1,0,87.594333,43.818729,18690629100,life,http://api.map.baidu.com/place/detail?uid=78e32e602b74bb5188f15d7c&output=html&source=placeapi_v2,,,1,,,,,,,6,4,,,,,,,87.594521151706,43.81879613789,0
90120160612a6081bea8224a,零点・图文・制作中心,生活服务,图文快印店,新疆维吾尔自治区,乌鲁木齐市,沙依巴克区,新疆维吾尔自治区乌鲁木齐市沙依巴克区公园北街272号,90120160612a6081bea8224a,1,0,87.606383,43.800718,13669937082,life,http://api.map.baidu.com/place/detail?uid=90120160612a6081bea8224a&output=html&source=placeapi_v2,,08:00-20:00,0,,,,,,,9,1,,,,,,,87.606224722618,43.800747582174,0
6d18378f360cbf9f601c6779,辉煌图文速印,生活服务,图文快印店,新疆维吾尔自治区,乌鲁木齐市,沙依巴克区,新疆维吾尔自治区乌鲁木齐市沙依巴克区南昌路605号,,1,0,87.578054,43.81986,"18690179288,18899183156",life,http://api.map.baidu.com/place/detail?uid=6d18378f360cbf9f601c6779&output=html&source=placeapi_v2,,09:00-22:00,,,,,,,,2,,,,,,,,87.578064066575,43.819803512018,0
85c788a28aae4739b31e3679,打字复印店,生活服务,图文快印店,新疆维吾尔自治区,乌鲁木齐市,沙依巴克区,新疆维吾尔自治区乌鲁木齐市沙依巴克区友好北路滨河北路西巷229号东二区,85c788a28aae4739b31e3679,1,0,87.608213,43.810172,,life,http://api.map.baidu.com/place/detail?uid=85c788a28aae4739b31e3679&output=html&source=placeapi_v2,,09:00-21:00,3,,,,,,,1,2,,,,,,,87.608337119555,43.810146578128,0
ff278f2166294e6ecf06a4e5,一方图文(扬子江路店),生活服务,图文快印店,新疆维吾尔自治区,乌鲁木齐市,沙依巴克区,新疆维吾尔自治区乌鲁木齐市沙依巴克区扬子江路119号,ff278f2166294e6ecf06a4e5,1,0,87.604294,43.806803,18997968699,life,http://api.map.baidu.com/place/detail?uid=ff278f2166294e6ecf06a4e5&output=html&source=placeapi_v2,,,0.0,,,,,,,9,,,,,,,,87.604564845015,43.80673700547,0
54d23dbcdae2c2a1b04c49f8,鑫达工美图文,生活服务,图文快印店,新疆维吾尔自治区,乌鲁木齐市,沙依巴克区,新疆维吾尔自治区乌鲁木齐市沙依巴克区西北路1040号,54d23dbcdae2c2a1b04c49f8,1,0,87.60187,43.814163,13565986656,life,http://api.map.baidu.com/place/detail?uid=54d23dbcdae2c2a1b04c49f8&output=html&source=placeapi_v2,,09:00-20:00,0,,,,,,,4,1,,,,,,,,,0
48f9f769cd67c912a8175a8c,鹏达图文(博物馆南巷),生活服务,图文快印店,新疆维吾尔自治区,乌鲁木齐市,沙依巴克区,新疆维吾尔自治区乌鲁木齐市沙依巴克区博物馆南巷24号,48f9f769cd67c912a8175a8c,1,0,87.591387,43.824746,"(0991)5100422,15009002196",life,http://api.map.baidu.com/place/detail?uid=48f9f769cd67c912a8175a8c&output=html&source=placeapi_v2,,,0.0,,,,,,,9,,,,,,,,,,0
4b984c8beb0ebdf8220262ab,华彩飞阳图文喷绘,生活服务,图文快印店,新疆维吾尔自治区,乌鲁木齐市,沙依巴克区,新疆维吾尔自治区乌鲁木齐市沙依巴克区滨河中路西巷35号,4b984c8beb0ebdf8220262ab,1,0,87.599532,43.827101,"13999192103,18999922238",life,http://api.map.baidu.com/place/detail?uid=4b984c8beb0ebdf8220262ab&output=html&source=placeapi_v2,,10:00-20:30,,,,,,,,5,,,,,,,,,,0
ef421835abf7cfec0782c230,鑫金源文印室,生活服务,图文快印店,新疆维吾尔自治区,乌鲁木齐市,沙依巴克区,新疆维吾尔自治区乌鲁木齐市沙依巴克区扬子江路42号红十月小区北一区1号楼10a,ef421835abf7cfec0782c230,1,0,87.600881,43.805383,15099635259,life,http://api.map.baidu.com/place/detail?uid=ef421835abf7cfec0782c230&output=html&source=placeapi_v2,,10:00-20:00,0,,,,,,,12,1,,,,,,,,,0
895111ad60351becab175af4,小鹿打字复印店,生活服务,图文快印店,新疆维吾尔自治区,乌鲁木齐市,沙依巴克区,新疆维吾尔自治区乌鲁木齐市沙依巴克区南昌北路174号,895111ad60351becab175af4,1,0,87.58368,43.82245,(0991)4557269,life,http://api.map.baidu.com/place/detail?uid=895111ad60351becab175af4&output=html&source=placeapi_v2,,09:00-21:00,,,,,,,,10,,,,,,,,87.583461505678,43.822352370224,0
df6977487b0bdb1095f08ce6,喷绘复印,生活服务,图文快印店,新疆维吾尔自治区,乌鲁木齐市,沙依巴克区,乌鲁木齐市沙依巴克区克拉玛依西街93号,df6977487b0bdb1095f08ce6,1,0,87.586361,43.828779,,life,http://api.map.baidu.com/place/detail?uid=df6977487b0bdb1095f08ce6&output=html&source=placeapi_v2,,,1.0,,,,,,,3,1,,,,,,,87.586426969909,43.828707489857,0
5d7f86f87364139185420e83,腾祥彩印,生活服务,图文快印店,新疆维吾尔自治区,乌鲁木齐市,沙依巴克区,新疆维吾尔自治区乌鲁木齐市沙依巴克区长江路76号,5d7f86f87364139185420e83,1,0,87.602126,43.798595,(0991)5865317,life,http://api.map.baidu.com/place/detail?uid=5d7f86f87364139185420e83&output=html&source=placeapi_v2,,,,,,,,,,2,,,,,,,,87.601966428775,43.798625220288,0
2d34bd495a26e7ed31870aee,金艺诚图文快印店,生活服务,图文快印店,新疆维吾尔自治区,乌鲁木齐市,水磨沟区,乌鲁木齐市水磨沟区西虹东路590号,2d34bd495a26e7ed31870aee,1,0,87.625517,43.823911,15981799094,life,http://api.map.baidu.com/place/detail?uid=2d34bd495a26e7ed31870aee&output=html&source=placeapi_v2,,10:00-20:00,5,,,,,,,12,1,,,,,,,87.625402690698,43.824057179801,0
6ce84831ccb4e87b7adbd2f7,天山区新华南路印之彩快印店,生活服务,图文快印店,新疆维吾尔自治区,乌鲁木齐市,天山区,新疆维吾尔自治区乌鲁木齐市天山区新华南路77号,6ce84831ccb4e87b7adbd2f7,1,0,87.618563,43.798019,15899113848,life,http://api.map.baidu.com/place/detail?uid=6ce84831ccb4e87b7adbd2f7&output=html&source=placeapi_v2,,10:00-02:00,,,,,,,,3,,,,,,,,87.618769671892,43.798015463009,0
87d87b4b937beb449e9d680c,旭艺图文快印,生活服务,图文快印店,新疆维吾尔自治区,乌鲁木齐市,天山区,新疆乌鲁木齐市天山区和平南路120号,87d87b4b937beb449e9d680c,1,0,87.630556,43.795062,13579813068,life,http://api.map.baidu.com/place/detail?uid=87d87b4b937beb449e9d680c&output=html&source=placeapi_v2,,,5,,,,,,,6,2,,,,,,,87.630337029594,43.795084669944,0
e3f879d771ab7597f60e77c1,鑫概念数码图文,生活服务,图文快印店,新疆维吾尔自治区,乌鲁木齐市,天山区,新疆维吾尔自治区乌鲁木齐市天山区红山路187号,e3f879d771ab7597f60e77c1,1,0,87.623497,43.813215,13999136832,life,http://api.map.baidu.com/place/detail?uid=e3f879d771ab7597f60e77c1&output=html&source=placeapi_v2,,10:30-21:30,,,,,,,,7,,,,,,,,87.623611131299,43.813113696982,0
42ff9403033c0b409f09f742,大明喷绘快印,生活服务,图文快印店,新疆维吾尔自治区,乌鲁木齐市,水磨沟区,乌鲁木齐市水磨沟区绿苑一巷壹家美辰商务宾馆(南湖路店)北侧约60米,42ff9403033c0b409f09f742,1,0,87.621588,43.824996,"(0991)4625368,13579270885",life,http://api.map.baidu.com/place/detail?uid=42ff9403033c0b409f09f742&output=html&source=placeapi_v2,,10:00-22:00,,,,,,,,7,,,,,,,,87.621470879255,43.824960695624,0
003e7f5e567e974449fd3f7b,中兴图文(光明路店),生活服务,图文快印店,新疆维吾尔自治区,乌鲁木齐市,天山区,新疆乌鲁木齐市天山区光明路153号,003e7f5e567e974449fd3f7b,1,0,87.618834,43.809216,13899910775,life,http://api.map.baidu.com/place/detail?uid=003e7f5e567e974449fd3f7b&output=html&source=placeapi_v2,,09:30-24:00,0.0,,,,,,,5,1,,,,,,,87.618802087066,43.809053195972,0
b7804d21c3048cc4fea77844,凯印数码图文店(西虹东路店),生活服务,图文快印店,新疆维吾尔自治区,乌鲁木齐市,水磨沟区,新疆维吾尔自治区乌鲁木齐市水磨沟区西虹东路608号,b7804d21c3048cc4fea77844,1,0,87.625968,43.82401,"(0991)2658608,13899927575",life,http://api.map.baidu.com/place/detail?uid=b7804d21c3048cc4fea77844&output=html&source=placeapi_v2,,09:00-21:00,3.0,,,,,,,6,,,,,,,,87.625872734176,43.824216389923,0
bfe5445bbcb663033ae4a6af,多点图文,生活服务,图文快印店,新疆维吾尔自治区,乌鲁木齐市,天山区,新疆维吾尔自治区乌鲁木齐市天山区青年路266号,bfe5445bbcb663033ae4a6af,1,0,87.641632,43.811367,15099605911,life,http://api.map.baidu.com/place/detail?uid=bfe5445bbcb663033ae4a6af&output=html&source=placeapi_v2,,10:00-20:00,0,,,,,,,13,1,,,,,,,87.641575993842,43.811469736635,0
696acb855fea9a342afc48cb,光明图文,生活服务,图文快印店,新疆维吾尔自治区,乌鲁木齐市,天山区,新疆维吾尔自治区乌鲁木齐市天山区光明路72号金碧华府b座1楼门面,696acb855fea9a342afc48cb,1,0,87.616011,43.808884,"(0991)2688629,(0991)8867529",life,http://api.map.baidu.com/place/detail?uid=696acb855fea9a342afc48cb&output=html&source=placeapi_v2,,09:30-22:00,0.0,,,,,,,6,,,,,,,,87.615968394103,43.809029874822,0
9c99ff33e2d87d96bea240fb,佳盛图文(红山路店),生活服务,图文快印店,新疆维吾尔自治区,乌鲁木齐市,天山区,乌鲁木齐市天山区红山路133号,9c99ff33e2d87d96bea240fb,1,0,87.620387,43.812396,(0991)8801027,life,http://api.map.baidu.com/place/detail?uid=9c99ff33e2d87d96bea240fb&output=html&source=placeapi_v2,,,0,,,,,,,13,1,,,,,,,,,0
cae0f77ed13eb7f22cb96d58,大唐图文(红山路店),生活服务,图文快印店,新疆维吾尔自治区,乌鲁木齐市,天山区,新疆维吾尔自治区乌鲁木齐市天山区红山路135号,cae0f77ed13eb7f22cb96d58,1,0,87.620363,43.812434,13899857350,life,http://api.map.baidu.com/place/detail?uid=cae0f77ed13eb7f22cb96d58&output=html&source=placeapi_v2,,10:00-22:00,0.0,,,,,,,9,,,,,,,,87.620397824757,43.812348690429,0
4c82c50a5e006b9fede4a599,图文喷绘复印快照(揽秀园西街店),生活服务,图文快印店,新疆维吾尔自治区,乌鲁木齐市,沙依巴克区,乌鲁木齐市沙依巴克区揽秀园西街天安名门北侧约70米,4c82c50a5e006b9fede4a599,1,0,87.603212,43.811547,(0991)4522761,life,http://api.map.baidu.com/place/detail?uid=4c82c50a5e006b9fede4a599&output=html&source=placeapi_v2,,10:00-20:00,1.0,,,,,,,,1,,,,,,,,,0
8a154f1347d79751f4b91634,印彩图文快印,生活服务,图文快印店,新疆维吾尔自治区,乌鲁木齐市,天山区,新疆乌鲁木齐市天山区新华北路63号,,1,0,87.613978,43.808171,,life,http://api.map.baidu.com/place/detail?uid=8a154f1347d79751f4b91634&output=html&source=placeapi_v2,,,,,,,,,,,,,,,,,,,,0
83e1d6c9ab3573745e17c31d,万顺图文(新民路店),生活服务,图文快印店,新疆维吾尔自治区,乌鲁木齐市,水磨沟区,新疆维吾尔自治区乌鲁木齐市水磨沟区新民路548号,83e1d6c9ab3573745e17c31d,1,0,87.622861,43.819495,"(0991)8829982,15352511675",life,http://api.map.baidu.com/place/detail?uid=83e1d6c9ab3573745e17c31d&output=html&source=placeapi_v2,,11:00-19:30,,,,,,,,6,,,,,,,,,,0
5a58d8e504506a6d100daa04,大观图文有限公司,生活服务,图文快印店,新疆维吾尔自治区,乌鲁木齐市,天山区,新疆乌鲁木齐市天山区光明路121号建设广场8楼,5a58d8e504506a6d100daa04,1,0,87.616922,43.809417,(0991)8861725,life,http://api.map.baidu.com/place/detail?uid=5a58d8e504506a6d100daa04&output=html&source=placeapi_v2,,10:00-02:30,0,,,,,,,1,0,,,,,,,87.617216031941,43.809431618009,0
5a2086a00b52e506f723101a,天山区金新数码图印店,生活服务,图文快印店,新疆维吾尔自治区,乌鲁木齐市,天山区,新疆乌鲁木齐市天山区解放北路185号天元大厦2楼,5a2086a00b52e506f723101a,1,0,87.627259,43.803082,18140798898,life,http://api.map.baidu.com/place/detail?uid=5a2086a00b52e506f723101a&output=html&source=placeapi_v2,,10:00-20:00,5.0,,,,,,,9,5,,,,,,,87.62739296875,43.803079579365,0
26c723c37d67b52383a00c6b,快印王图文(新疆建设大厦店),生活服务,图文快印店,新疆维吾尔自治区,乌鲁木齐市,天山区,新疆维吾尔自治区乌鲁木齐市天山区红山路106号,26c723c37d67b52383a00c6b,1,0,87.617647,43.811426,(0991)2638655,life,http://api.map.baidu.com/place/detail?uid=26c723c37d67b52383a00c6b&output=html&source=placeapi_v2,,09:00-23:00,0,,,,,,,3,0,,,,,,,87.617565340733,43.811536730018,0
85c788a28aae4739b31e3679,打字复印店,生活服务,图文快印店,新疆维吾尔自治区,乌鲁木齐市,沙依巴克区,新疆维吾尔自治区乌鲁木齐市沙依巴克区友好北路滨河北路西巷229号东二区,85c788a28aae4739b31e3679,1,0,87.608213,43.810172,,life,http://api.map.baidu.com/place/detail?uid=85c788a28aae4739b31e3679&output=html&source=placeapi_v2,,09:00-21:00,3,,,,,,,1,2,,,,,,,87.608337119555,43.810146578128,0
a72fd8c252f6becdafee7aa2,宏运源图文店,生活服务,图文快印店,新疆维吾尔自治区,乌鲁木齐市,天山区,新疆维吾尔自治区乌鲁木齐市天山区东风路141号,a72fd8c252f6becdafee7aa2,1,0,87.636691,43.803253,"15160987150,18199101365",life,http://api.map.baidu.com/place/detail?uid=a72fd8c252f6becdafee7aa2&output=html&source=placeapi_v2,,10:00-21:00,,,,,,,,3,,,,,,,,87.636919192361,43.803280343667,0
bdc9a95a3768f57fb54f541e,美创图文(西虹东路店),生活服务,图文快印店,新疆维吾尔自治区,乌鲁木齐市,水磨沟区,新疆维吾尔自治区乌鲁木齐市水磨沟区西虹东路593号,bdc9a95a3768f57fb54f541e,1,0,87.626842,43.825024,(0991)4678325,life,http://api.map.baidu.com/place/detail?uid=bdc9a95a3768f57fb54f541e&output=html&source=placeapi_v2,,10:00-20:30,,,,,,,,9,,,,,,,,87.627009437392,43.824776274052,0
398218f48f75b9b1f942b227,创源图文,生活服务,图文快印店,新疆维吾尔自治区,乌鲁木齐市,天山区,新疆乌鲁木齐市天山区青年路695号,398218f48f75b9b1f942b227,1,0,87.651554,43.815245,(0991)2659336,life,http://api.map.baidu.com/place/detail?uid=398218f48f75b9b1f942b227&output=html&source=placeapi_v2,,09:00-24:00,5,,,,,,,12,4,,,,,,,87.651809219193,43.815074324594,0
e8f7a5fa750c6c8db21e3614,贵祥印章制作中心,生活服务,图文快印店,新疆维吾尔自治区,乌鲁木齐市,天山区,新疆维吾尔自治区乌鲁木齐市天山区解放北路137号,e8f7a5fa750c6c8db21e3614,1,0,87.627213,43.804626,(0991)2322697,life,http://api.map.baidu.com/place/detail?uid=e8f7a5fa750c6c8db21e3614&output=html&source=placeapi_v2,,09:00-21:00,5,,,,,,,9,2,,,,,,,87.62743293526,43.804621496122,0
ff278f2166294e6ecf06a4e5,一方图文(扬子江路店),生活服务,图文快印店,新疆维吾尔自治区,乌鲁木齐市,沙依巴克区,新疆维吾尔自治区乌鲁木齐市沙依巴克区扬子江路119号,ff278f2166294e6ecf06a4e5,1,0,87.604294,43.806803,18997968699,life,http://api.map.baidu.com/place/detail?uid=ff278f2166294e6ecf06a4e5&output=html&source=placeapi_v2,,,0.0,,,,,,,9,,,,,,,,87.604564845015,43.80673700547,0
f77b8ffe469eed52c8213d91,印博图文广告,生活服务,图文快印店,新疆维吾尔自治区,乌鲁木齐市,天山区,新疆维吾尔自治区乌鲁木齐市天山区前进街144号,f77b8ffe469eed52c8213d91,1,0,87.638515,43.808193,13639903212,life,http://api.map.baidu.com/place/detail?uid=f77b8ffe469eed52c8213d91&output=html&source=placeapi_v2,,10:00-19:00,5,,,,,,,14,3,,,,,,,,,0
713dddba05e9b99e283a9f4a,博润彩印快印,生活服务,图文快印店,新疆维吾尔自治区,乌鲁木齐市,水磨沟区,新疆维吾尔自治区乌鲁木齐市水磨沟区西虹东路235号,713dddba05e9b99e283a9f4a,1,0,87.613601,43.821516,,life,http://api.map.baidu.com/place/detail?uid=713dddba05e9b99e283a9f4a&output=html&source=placeapi_v2,,,0,,,,,,,8,1,,,,,,,87.613662837227,43.821354769169,0
8eba42492b2db9351b11d576,福瑞祥快印,生活服务,图文快印店,新疆维吾尔自治区,乌鲁木齐市,水磨沟区,新疆维吾尔自治区乌鲁木齐市水磨沟区新兴街48号,8eba42492b2db9351b11d576,1,0,87.615058,43.820076,"(0991)4650683,13579221068",life,http://api.map.baidu.com/place/detail?uid=8eba42492b2db9351b11d576&output=html&source=placeapi_v2,,,3,,,,,,,5,3,,,,,,,87.615041763942,43.820137804202,0
65a2bddb8a575318c51b7594,天山区艺林打字复印店,生活服务,图文快印店,新疆维吾尔自治区,乌鲁木齐市,天山区,乌鲁木齐市天山区西河坝后街瑞达国际东侧,,1,0,87.615711,43.798433,18997952389,life,http://api.map.baidu.com/place/detail?uid=65a2bddb8a575318c51b7594&output=html&source=placeapi_v2,,,,,,,,,,2,,,,,,,,87.61554363169,43.798425482166,0
398218f48f75b9b1f942b227,创源图文,生活服务,图文快印店,新疆维吾尔自治区,乌鲁木齐市,天山区,新疆乌鲁木齐市天山区青年路695号,398218f48f75b9b1f942b227,1,0,87.651554,43.815245,(0991)2659336,life,http://api.map.baidu.com/place/detail?uid=398218f48f75b9b1f942b227&output=html&source=placeapi_v2,,09:00-24:00,5,,,,,,,12,4,,,,,,,87.651809219193,43.815074324594,0
6795202f5155821772210bb3,远上图文标书24小时服务,生活服务,图文快印店,新疆维吾尔自治区,乌鲁木齐市,沙依巴克区,乌鲁木齐市沙依巴克区澎湖路万达华府,6795202f5155821772210bb3,1,0,87.522296,43.848467,"18299166505,19990210627",life,http://api.map.baidu.com/place/detail?uid=6795202f5155821772210bb3&output=html&source=placeapi_v2,,00:00-24:00,0.0,,,,,,,4,0,,,,,,,,,0
11465311db5cfc536cc02c41,友好图文(万达店),生活服务,图文快印店,新疆维吾尔自治区,乌鲁木齐市,沙依巴克区,新疆维吾尔自治区乌鲁木齐市沙依巴克区云台山街万达华府2期8-117号,11465311db5cfc536cc02c41,1,0,87.521907,43.844596,(0991)3920007,life,http://api.map.baidu.com/place/detail?uid=11465311db5cfc536cc02c41&output=html&source=placeapi_v2,,10:00-20:00,,,,,,,,4,1,,,,,,,87.521840524715,43.844403900253,0
350c2ca62c22e69fa8175a40,四方图文,生活服务,图文快印店,新疆维吾尔自治区,乌鲁木齐市,沙依巴克区,新疆维吾尔自治区乌鲁木齐市沙依巴克区玄武湖路555号万达中心13号楼119号,350c2ca62c22e69fa8175a40,1,0,87.52378,43.843924,18690316468,life,http://api.map.baidu.com/place/detail?uid=350c2ca62c22e69fa8175a40&output=html&source=placeapi_v2,,10:00-20:00,0.0,,,,,,,1,1,,,,,,,,,0
6795202f5155821772210bb3,远上图文标书24小时服务,生活服务,图文快印店,新疆维吾尔自治区,乌鲁木齐市,沙依巴克区,乌鲁木齐市沙依巴克区澎湖路万达华府,6795202f5155821772210bb3,1,0,87.522296,43.848467,"18299166505,19990210627",life,http://api.map.baidu.com/place/detail?uid=6795202f5155821772210bb3&output=html&source=placeapi_v2,,00:00-24:00,0.0,,,,,,,4,0,,,,,,,,,0
11465311db5cfc536cc02c41,友好图文(万达店),生活服务,图文快印店,新疆维吾尔自治区,乌鲁木齐市,沙依巴克区,新疆维吾尔自治区乌鲁木齐市沙依巴克区云台山街万达华府2期8-117号,11465311db5cfc536cc02c41,1,0,87.521907,43.844596,(0991)3920007,life,http://api.map.baidu.com/place/detail?uid=11465311db5cfc536cc02c41&output=html&source=placeapi_v2,,10:00-20:00,,,,,,,,4,1,,,,,,,87.521840524715,43.844403900253,0
350c2ca62c22e69fa8175a40,四方图文,生活服务,图文快印店,新疆维吾尔自治区,乌鲁木齐市,沙依巴克区,新疆维吾尔自治区乌鲁木齐市沙依巴克区玄武湖路555号万达中心13号楼119号,350c2ca62c22e69fa8175a40,1,0,87.52378,43.843924,18690316468,life,http://api.map.baidu.com/place/detail?uid=350c2ca62c22e69fa8175a40&output=html&source=placeapi_v2,,10:00-20:00,0.0,,,,,,,1,1,,,,,,,,,0
8dd10a54b928ad605bf6be3b,文慧图文(鲤鱼山店),生活服务,图文快印店,新疆维吾尔自治区,乌鲁木齐市,新市区,新疆维吾尔自治区乌鲁木齐市新市区鲤鱼山南路86号,8dd10a54b928ad605bf6be3b,1,0,87.591276,43.843245,(0991)4323778,life,http://api.map.baidu.com/place/detail?uid=8dd10a54b928ad605bf6be3b&output=html&source=placeapi_v2,,10:00-22:00,0,,,,,,,7,1,,,,,,,,,0
921994de3a1615c75b1093de,广告图文,生活服务,图文快印店,新疆维吾尔自治区,乌鲁木齐市,新市区,乌鲁木齐市新市区北京南路准噶尔大酒店(乌鲁木齐店)东南侧约70米,921994de3a1615c75b1093de,1,0,87.581421,43.8447,,life,http://api.map.baidu.com/place/detail?uid=921994de3a1615c75b1093de&output=html&source=placeapi_v2,,,,,,,,,,3,,,,,,,,87.581689941931,43.844763522101,0
cb0a11fdd0bcef9a2cb908e1,印友图文(贵州路店),生活服务,图文快印店,新疆维吾尔自治区,乌鲁木齐市,新市区,新疆维吾尔自治区乌鲁木齐市新市区贵州路137号,cb0a11fdd0bcef9a2cb908e1,1,0,87.573405,43.852929,13999811853,life,http://api.map.baidu.com/place/detail?uid=cb0a11fdd0bcef9a2cb908e1&output=html&source=placeapi_v2,,09:00-24:00,0.0,,,,,,,10,,,,,,,,87.573413310331,43.852896601088,0
4f83d49d58d18cd7ae080f3a,新怡心图文印务,生活服务,图文快印店,新疆维吾尔自治区,乌鲁木齐市,新市区,新疆维吾尔自治区乌鲁木齐市新市区北京南路70号,4f83d49d58d18cd7ae080f3a,1,0,87.581927,43.846247,"13899813613,18699155466",life,http://api.map.baidu.com/place/detail?uid=4f83d49d58d18cd7ae080f3a&output=html&source=placeapi_v2,,09:30-19:00,5.0,,,,,,,7,1,,,,,,,87.581844591333,43.84629977755,0
ddde1caf363e742aa8059d68,印像图文,生活服务,图文快印店,新疆维吾尔自治区,乌鲁木齐市,沙依巴克区,乌鲁木齐市沙依巴克区春熙街79号,ddde1caf363e742aa8059d68,1,0,87.581493,43.831117,,life,http://api.map.baidu.com/place/detail?uid=ddde1caf363e742aa8059d68&output=html&source=placeapi_v2,,,0.0,,,,,,,7,,,,,,,,,,0
170ab7698827c274cd04ef2f,一点兰数码快印,生活服务,图文快印店,新疆维吾尔自治区,乌鲁木齐市,新市区,新疆维吾尔自治区乌鲁木齐市新市区贵州路143号,170ab7698827c274cd04ef2f,1,0,87.572852,43.852802,(0991)3689109,life,http://api.map.baidu.com/place/detail?uid=170ab7698827c274cd04ef2f&output=html&source=placeapi_v2,,10:00-19:30,0.0,,,,,,,9,,,,,,,,87.572918588694,43.852759704989,0
7d5bc0c4c241409b7ec8765e,陈茜打印店,生活服务,图文快印店,新疆维吾尔自治区,乌鲁木齐市,新市区,新疆维吾尔自治区乌鲁木齐市新市区西八家户路768号博雅文轩小区15-15号,7d5bc0c4c241409b7ec8765e,1,0,87.602805,43.853277,13579831710,life,http://api.map.baidu.com/place/detail?uid=7d5bc0c4c241409b7ec8765e&output=html&source=placeapi_v2,,,,,,,,,,3,,,,,,,,,,0
1812acc7428cd7342202623b,博彩快印广告(贵州路店),生活服务,图文快印店,新疆维吾尔自治区,乌鲁木齐市,新市区,新疆维吾尔自治区乌鲁木齐市新市区贵州路194号,1812acc7428cd7342202623b,1,0,87.572775,43.852561,15099334923,life,http://api.map.baidu.com/place/detail?uid=1812acc7428cd7342202623b&output=html&source=placeapi_v2,,10:00-23:30,0,,,,,,,6,1,,,,,,,87.57276009661,43.852619886959,0
e09808a7952d3292f33cba50,鑫欣数码图文,生活服务,图文快印店,新疆维吾尔自治区,乌鲁木齐市,新市区,新疆维吾尔自治区乌鲁木齐市新市区西八家户路439号,e09808a7952d3292f33cba50,1,0,87.602026,43.843397,13609915648,life,http://api.map.baidu.com/place/detail?uid=e09808a7952d3292f33cba50&output=html&source=placeapi_v2,,09:00-21:00,0,,,,,,,6,1,,,,,,,87.602219125438,43.84343166086,0
30517bd6a39be9bbabf0cdfa,诚信图文(西八家户路店),生活服务,图文快印店,新疆维吾尔自治区,乌鲁木齐市,新市区,新疆维吾尔自治区乌鲁木齐市新市区西八家户路477号,30517bd6a39be9bbabf0cdfa,1,0,87.601908,43.843812,13899820208,life,http://api.map.baidu.com/place/detail?uid=30517bd6a39be9bbabf0cdfa&output=html&source=placeapi_v2,,10:00-20:00,,,,,,,,2,,,,,,,,87.602078603148,43.843842559184,0
8007c245bc2c11512cb96d40,新天地彩色图文,生活服务,图文快印店,新疆维吾尔自治区,乌鲁木齐市,新市区,新疆维吾尔自治区乌鲁木齐市新市区贵州路196号,8007c245bc2c11512cb96d40,1,0,87.572619,43.852532,18129302098,life,http://api.map.baidu.com/place/detail?uid=8007c245bc2c11512cb96d40&output=html&source=placeapi_v2,,09:00-24:00,0.0,,,,,,,13,2,,,,,,,87.572598871971,43.852571002649,0
df6977487b0bdb1095f08ce6,喷绘复印,生活服务,图文快印店,新疆维吾尔自治区,乌鲁木齐市,沙依巴克区,乌鲁木齐市沙依巴克区克拉玛依西街93号,df6977487b0bdb1095f08ce6,1,0,87.586361,43.828779,,life,http://api.map.baidu.com/place/detail?uid=df6977487b0bdb1095f08ce6&output=html&source=placeapi_v2,,,1.0,,,,,,,3,1,,,,,,,87.586426969909,43.828707489857,0
23b7403a4b4927690c0e6b7f,阳光图文快印(鸿基大厦店),生活服务,图文快印店,新疆维吾尔自治区,乌鲁木齐市,水磨沟区,新疆乌鲁木齐市水磨沟区南湖北路369号鸿基大厦1层,23b7403a4b4927690c0e6b7f,1,0,87.617103,43.84333,18129418168,life,http://api.map.baidu.com/place/detail?uid=23b7403a4b4927690c0e6b7f&output=html&source=placeapi_v2,,,,,,,,,,1,,,,,,,,87.617400536796,43.843268827622,0
66d66efa6a4c8a64ca09f0e4,润文图文(南湖北路店),生活服务,图文快印店,新疆维吾尔自治区,乌鲁木齐市,水磨沟区,新疆维吾尔自治区乌鲁木齐市水磨沟区南湖北路129号2楼,66d66efa6a4c8a64ca09f0e4,1,0,87.619053,43.835852,(0991)4667406,life,http://api.map.baidu.com/place/detail?uid=66d66efa6a4c8a64ca09f0e4&output=html&source=placeapi_v2,,09:30-19:30,0,,,,,,,8,2,,,,,,,87.619101797717,43.835943094178,0
3f3d4a3e69ae9e7ef4e73b94,印之美图文(南湖北店),生活服务,图文快印店,新疆维吾尔自治区,乌鲁木齐市,水磨沟区,新疆维吾尔自治区乌鲁木齐市水磨沟区南湖北路615号,3f3d4a3e69ae9e7ef4e73b94,1,0,87.611534,43.850884,18199899111,life,http://api.map.baidu.com/place/detail?uid=3f3d4a3e69ae9e7ef4e73b94&output=html&source=placeapi_v2,,09:30-21:00,,,,,,,,1,,,,,,,,87.611586148113,43.850969689152,0
2d295112a729579b9d9d689e,消防器材打字复印店,生活服务,图文快印店,新疆维吾尔自治区,乌鲁木齐市,水磨沟区,乌鲁木齐市水磨沟区南湖西路乌鲁木齐市第十九中学西南侧约50米,2d295112a729579b9d9d689e,1,0,87.612956,43.831873,,life,http://api.map.baidu.com/place/detail?uid=2d295112a729579b9d9d689e&output=html&source=placeapi_v2,,,,,,,,,,2,,,,,,,,87.612961309491,43.831803208908,0
411db8870d98088f09b93a99,留鑫雨打字复印店(昆仑路店),生活服务,图文快印店,新疆维吾尔自治区,乌鲁木齐市,水磨沟区,新疆维吾尔自治区乌鲁木齐市水磨沟区昆仑路127号王家梁小区103号,411db8870d98088f09b93a99,1,0,87.614395,43.844435,(0991)4883697,life,http://api.map.baidu.com/place/detail?uid=411db8870d98088f09b93a99&output=html&source=placeapi_v2,,09:30-21:00,3.5,,,,,,,,,,,,,,,87.614469519348,43.844211556235,0
ee91b51c329b3549bb17e7a6,琴义打字复印,生活服务,图文快印店,新疆维吾尔自治区,乌鲁木齐市,水磨沟区,新疆维吾尔自治区乌鲁木齐市水磨沟区温泉西路北五巷23号,ee91b51c329b3549bb17e7a6,1,0,87.659442,43.843786,13369639621,life,http://api.map.baidu.com/place/detail?uid=ee91b51c329b3549bb17e7a6&output=html&source=placeapi_v2,,09:00-21:00,0.0,,,,,,,5,1,,,,,,,87.65968940755,43.843852711969,0
3a66d70e103ec0bf1f38948d,家园打印室,生活服务,图文快印店,新疆维吾尔自治区,乌鲁木齐市,头屯河区,新疆维吾尔自治区乌鲁木齐市头屯河区南屏街148号,,1,0,87.43233,43.876205,13565811928,life,http://api.map.baidu.com/place/detail?uid=3a66d70e103ec0bf1f38948d&output=html&source=placeapi_v2,,09:00-21:00,0.0,,,,,,,11,1,,,,,,,,,0
a06a6485417d99148bdb737a,图文数码快印(荣纪大厦店),生活服务,图文快印店,新疆维吾尔自治区,乌鲁木齐市,头屯河区,新疆乌鲁木齐市头屯河区中枢北路2号,,1,0,87.432995,43.883861,18999881565,life,http://api.map.baidu.com/place/detail?uid=a06a6485417d99148bdb737a&output=html&source=placeapi_v2,,,,,,,,,,3,,,,,,,,,,0
7266178bd05a23bc9fec2b51,图文数码快印,生活服务,图文快印店,新疆维吾尔自治区,乌鲁木齐市,头屯河区,北站西路街道北站路10号-1层,,1,0,87.433565,43.885179,"(0991)3100776,18999881565",life,http://api.map.baidu.com/place/detail?uid=7266178bd05a23bc9fec2b51&output=html&source=placeapi_v2,,,,,,,,,,,,,,,,,,,,0
fe0353761447344e43e19278,万利图文印务,生活服务,图文快印店,新疆维吾尔自治区,乌鲁木齐市,头屯河区,新疆维吾尔自治区乌鲁木齐市头屯河区中亚南路348号,,1,0,87.535754,43.886292,(0991)7805055,life,http://api.map.baidu.com/place/detail?uid=fe0353761447344e43e19278&output=html&source=placeapi_v2,,09:30-19:30,0,,,,,,,4,0,,,,,,,87.535642689291,43.886225293929,0
67d2913e198bc0c1d0ff2316,旺旺打字复印店,生活服务,图文快印店,新疆维吾尔自治区,乌鲁木齐市,头屯河区,新疆维吾尔自治区乌鲁木齐市头屯河区广州路49号,67d2913e198bc0c1d0ff2316,1,0,87.545193,43.880327,13369695661,life,http://api.map.baidu.com/place/detail?uid=67d2913e198bc0c1d0ff2316&output=html&source=placeapi_v2,,09:00-21:00,4,,,,,,,6,2,,,,,,,87.54530885345,43.880217212637,0
c48256a1b977df4307fef54f,汇宇图文店,生活服务,图文快印店,新疆维吾尔自治区,乌鲁木齐市,新市区,新疆维吾尔自治区乌鲁木齐市新市区河北东路北一巷125号号,,1,0,87.562771,43.887986,15276602986,life,http://api.map.baidu.com/place/detail?uid=c48256a1b977df4307fef54f&output=html&source=placeapi_v2,,,,,,,,,,4,,,,,,,,87.562737812258,43.888076767164,0
a4b4a55f8a28c18087330404,启航图文,生活服务,图文快印店,新疆维吾尔自治区,乌鲁木齐市,新市区,新疆维吾尔自治区乌鲁木齐市新市区卫星路596号金阳卫星花园二期c栋1号商铺,a4b4a55f8a28c18087330404,1,0,87.536032,43.869441,"13319883093,13565801206",life,http://api.map.baidu.com/place/detail?uid=a4b4a55f8a28c18087330404&output=html&source=placeapi_v2,,10:00-22:00,0,,,,,,,9,0,,,,,,,87.535658115622,43.869495076817,0
b53f1126c667662ac8291540,广福图文(北京中路店),生活服务,图文快印店,新疆维吾尔自治区,乌鲁木齐市,新市区,新疆维吾尔自治区乌鲁木齐市新市区北京中路120号,b53f1126c667662ac8291540,1,0,87.567269,43.879367,"(0991)6622105,13999209459",life,http://api.map.baidu.com/place/detail?uid=b53f1126c667662ac8291540&output=html&source=placeapi_v2,,10:00-20:00,5,,,,,,,10,2,,,,,,,87.567006672419,43.879272563768,0
ad5e98cf89850f1e0b1cc75e,馨文打字复印快照,生活服务,图文快印店,新疆维吾尔自治区,乌鲁木齐市,头屯河区,经济技术开发区中亚北路112号,ad5e98cf89850f1e0b1cc75e,1,0,87.531216,43.890291,13999920686,life,http://api.map.baidu.com/place/detail?uid=ad5e98cf89850f1e0b1cc75e&output=html&source=placeapi_v2,,09:00-21:00,5,,,,,,,15,4,,,,,,,87.531163531408,43.890300005725,0
10b834527b41c63ed22dd692,恒轩图文,生活服务,图文快印店,新疆维吾尔自治区,乌鲁木齐市,新市区,新疆维吾尔自治区乌鲁木齐市新市区杭州西路291-95号,,1,0,87.553232,43.890944,15299058179,life,http://api.map.baidu.com/place/detail?uid=10b834527b41c63ed22dd692&output=html&source=placeapi_v2,,09:40-21:30,5,,,,,,,10,2,,,,,,,,,0
cdbe0a376f03d31f7c29bde7,欣欣相印打字复印店,生活服务,图文快印店,新疆维吾尔自治区,乌鲁木齐市,新市区,新疆维吾尔自治区乌鲁木齐市新市区阿勒泰路西六巷38-1号,cdbe0a376f03d31f7c29bde7,1,0,87.550619,43.868985,,life,http://api.map.baidu.com/place/detail?uid=cdbe0a376f03d31f7c29bde7&output=html&source=placeapi_v2,,09:00-21:00,,,,,,,,3,,,,,,,,87.550607327941,43.869027384683,0
3ed4edbcd708d852cac3dbdc,佳立工美图文店,生活服务,图文快印店,新疆维吾尔自治区,乌鲁木齐市,新市区,乌鲁木齐市新市区外环路冶建六区东侧,3ed4edbcd708d852cac3dbdc,1,0,87.542884,43.862201,13139883959,life,http://api.map.baidu.com/place/detail?uid=3ed4edbcd708d852cac3dbdc&output=html&source=placeapi_v2,,10:00-22:00,,,,,,,,5,,,,,,,,87.542794345052,43.862137753278,0
5369a0aacec9e2a77ab55c39,曾刘彩印,生活服务,图文快印店,新疆维吾尔自治区,乌鲁木齐市,新市区,新疆维吾尔自治区乌鲁木齐市新市区杭州西街237号,5369a0aacec9e2a77ab55c39,1,0,87.551899,43.890428,13579856975,life,http://api.map.baidu.com/place/detail?uid=5369a0aacec9e2a77ab55c39&output=html&source=placeapi_v2,,09:00-21:00,0,,,,,,,6,1,,,,,,,87.551929433239,43.890338029833,0
c45e9f22356bf70b4e2fdf7f,紫蝴蝶,生活服务,图文快印店,新疆维吾尔自治区,乌鲁木齐市,新市区,新疆维吾尔自治区乌鲁木齐市新市区河南西路352号,c45e9f22356bf70b4e2fdf7f,1,0,87.5522,43.871026,15292890231,life,http://api.map.baidu.com/place/detail?uid=c45e9f22356bf70b4e2fdf7f&output=html&source=placeapi_v2,,,0,,,,,,,10,1,,,,,,,,,0
221a5b4eac88eeb08f1a8983,彩虹图文印务,生活服务,图文快印店,新疆维吾尔自治区,乌鲁木齐市,新市区,新疆维吾尔自治区乌鲁木齐市新市区科学一街410号,221a5b4eac88eeb08f1a8983,1,0,87.571936,43.870437,"13999278837,18999191321",life,http://api.map.baidu.com/place/detail?uid=221a5b4eac88eeb08f1a8983&output=html&source=placeapi_v2,,,2.3,,,,,,,8,4,,,,,,,,,0
453679a469515d0b71210b93,尚印图文(天津路店),生活服务,图文快印店,新疆维吾尔自治区,乌鲁木齐市,新市区,新疆维吾尔自治区乌鲁木齐市新市区天津北路西五巷58号,,1,0,87.574206,43.886789,15160879368,life,http://api.map.baidu.com/place/detail?uid=453679a469515d0b71210b93&output=html&source=placeapi_v2,,00:00-24:00,,,,,,,,6,,,,,,,,,,0
e525cec9bc6b69fc3ce23127,海阔图文(长春南路店),生活服务,图文快印店,新疆维吾尔自治区,乌鲁木齐市,新市区,新疆维吾尔自治区乌鲁木齐市新市区长春南路棕榈园小区365号,,1,0,87.58914,43.87908,(0991)3839292,life,http://api.map.baidu.com/place/detail?uid=e525cec9bc6b69fc3ce23127&output=html&source=placeapi_v2,,10:00-20:00,0.0,,,,,,,5,,,,,,,,87.589289419877,43.879081579248,0
aa32b465bae0f4f188b9885d,蟠铭图文,生活服务,图文快印店,新疆维吾尔自治区,乌鲁木齐市,新市区,新疆维吾尔自治区乌鲁木齐市新市区江苏东路345号,aa32b465bae0f4f188b9885d,1,0,87.57478,43.881251,18160222509,life,http://api.map.baidu.com/place/detail?uid=aa32b465bae0f4f188b9885d&output=html&source=placeapi_v2,,,,,,,,,,5,,,,,,,,,,0
594db1924dea8639704b8742,印派数码彩印,生活服务,图文快印店,新疆维吾尔自治区,乌鲁木齐市,新市区,新疆维吾尔自治区乌鲁木齐市新市区江苏东路233号,594db1924dea8639704b8742,1,0,87.577514,43.882133,18690236978,life,http://api.map.baidu.com/place/detail?uid=594db1924dea8639704b8742&output=html&source=placeapi_v2,,,0.0,,,,,,,8,1,,,,,,,,,0
b53f1126c667662ac8291540,广福图文(北京中路店),生活服务,图文快印店,新疆维吾尔自治区,乌鲁木齐市,新市区,新疆维吾尔自治区乌鲁木齐市新市区北京中路120号,b53f1126c667662ac8291540,1,0,87.567269,43.879367,"(0991)6622105,13999209459",life,http://api.map.baidu.com/place/detail?uid=b53f1126c667662ac8291540&output=html&source=placeapi_v2,,10:00-20:00,5,,,,,,,10,2,,,,,,,87.567006672419,43.879272563768,0
476e4d36fb6a1468d92f287d,恒捷图文(新体巷),生活服务,图文快印店,新疆维吾尔自治区,乌鲁木齐市,新市区,新疆维吾尔自治区乌鲁木齐市新市区江苏东路新体巷20号,476e4d36fb6a1468d92f287d,1,0,87.574303,43.881987,(0991)6628218,life,http://api.map.baidu.com/place/detail?uid=476e4d36fb6a1468d92f287d&output=html&source=placeapi_v2,,10:20-20:00,0.0,,,,,,,5,1,,,,,,,87.574268716184,43.881888248655,0
dec3f884109f1eba21f01702,打字复印店,生活服务,图文快印店,新疆维吾尔自治区,乌鲁木齐市,新市区,新疆维吾尔自治区乌鲁木齐市新市区苏州东街金邦公寓大厦西北侧约60米,,1,0,87.58202,43.867357,18999835187,life,http://api.map.baidu.com/place/detail?uid=dec3f884109f1eba21f01702&output=html&source=placeapi_v2,,,,,,,,,,1,,,,,,,,,,0
6fdf30fd53ac063176e5b654,双龙图文(鲤鱼山南路店),生活服务,图文快印店,新疆维吾尔自治区,乌鲁木齐市,新市区,新疆维吾尔自治区乌鲁木齐市新市区鲤鱼山南路835号博阳园小区3-10商铺,6fdf30fd53ac063176e5b654,1,0,87.594763,43.869617,17726755382,life,http://api.map.baidu.com/place/detail?uid=6fdf30fd53ac063176e5b654&output=html&source=placeapi_v2,,10:00-22:00,,,,,,,,3,,,,,,,,87.594968748506,43.869577600254,0
623ac34eb30d1b7d5bf6be15,百诚图文(北京南路店),生活服务,图文快印店,新疆维吾尔自治区,乌鲁木齐市,新市区,新疆维吾尔自治区乌鲁木齐市新市区北京南路776号,623ac34eb30d1b7d5bf6be15,1,0,87.571919,43.869624,(0991)7880974,life,http://api.map.baidu.com/place/detail?uid=623ac34eb30d1b7d5bf6be15&output=html&source=placeapi_v2,,10:00-22:00,5.0,,,,,,,13,2,,,,,,,87.571708068839,43.869608272638,0
7c7c6a3ee3d19c3b932ca307,鑫畅艺图文印务,生活服务,图文快印店,新疆维吾尔自治区,乌鲁木齐市,新市区,新疆维吾尔自治区乌鲁木齐市新市区天津北路西五巷31号,,1,0,87.574078,43.887108,(0991)6621615,life,http://api.map.baidu.com/place/detail?uid=7c7c6a3ee3d19c3b932ca307&output=html&source=placeapi_v2,,10:00-20:00,0.0,,,,,,,5,,,,,,,,,,0
025ec3dd9f603ffe0c0e6b03,图文印务,生活服务,图文快印店,新疆维吾尔自治区,乌鲁木齐市,新市区,新疆维吾尔自治区乌鲁木齐市新市区北京南路442号,025ec3dd9f603ffe0c0e6b03,1,0,87.575187,43.862471,18290975589,life,http://api.map.baidu.com/place/detail?uid=025ec3dd9f603ffe0c0e6b03&output=html&source=placeapi_v2,,10:00-20:30,,,,,,,,2,,,,,,,,,,0
660769fbf454cafde812e4e3,诚信数码图文(长沙路店),生活服务,图文快印店,新疆维吾尔自治区,乌鲁木齐市,新市区,新疆维吾尔自治区乌鲁木齐市新市区长沙路巷1059号嘉华园小区北区后门16栋1层,660769fbf454cafde812e4e3,1,0,87.578345,43.889717,13699398329,life,http://api.map.baidu.com/place/detail?uid=660769fbf454cafde812e4e3&output=html&source=placeapi_v2,,10:00-22:00,0.0,,,,,,,7,,,,,,,,87.578580048948,43.889799516983,0
46143d9d9b7f3deab04c49d8,创业图文(高新街北二巷),生活服务,图文快印店,新疆维吾尔自治区,乌鲁木齐市,新市区,新疆维吾尔自治区乌鲁木齐市新市区高新街217号盈科b座1楼,46143d9d9b7f3deab04c49d8,1,0,87.577208,43.862509,13095017599,life,http://api.map.baidu.com/place/detail?uid=46143d9d9b7f3deab04c49d8&output=html&source=placeapi_v2,,,3.5,,,,,,,10,7,,,,,,,87.577267131267,43.862521122091,0
b9cb4fa7ff85b07c2cb96de8,图文快印,生活服务,图文快印店,新疆维吾尔自治区,乌鲁木齐市,水磨沟区,乌鲁木齐市水磨沟区吉兴巷晟和苑,,1,0,87.607418,43.875834,,life,http://api.map.baidu.com/place/detail?uid=b9cb4fa7ff85b07c2cb96de8&output=html&source=placeapi_v2,,,,,,,,,,,,,,,,,,,,0
603772655aff344aed74f8d6,白天鹅打字复印店,生活服务,图文快印店,新疆维吾尔自治区,乌鲁木齐市,新市区,新疆维吾尔自治区乌鲁木齐市新市区昆明路298号,603772655aff344aed74f8d6,1,0,87.58032,43.863749,19990808991,life,http://api.map.baidu.com/place/detail?uid=603772655aff344aed74f8d6&output=html&source=placeapi_v2,,,,,,,,,,3,,,,,,,,,,0
1dc5f8eaa009c0f2715e8073,博彩图文(鲤鱼山北路店),生活服务,图文快印店,新疆维吾尔自治区,乌鲁木齐市,新市区,新疆维吾尔自治区乌鲁木齐市新市区鲤鱼山北路298号领世华府三期1号楼,1dc5f8eaa009c0f2715e8073,1,0,87.604019,43.890066,18199310150,life,http://api.map.baidu.com/place/detail?uid=1dc5f8eaa009c0f2715e8073&output=html&source=placeapi_v2,,10:00-22:00,5,,,,,,,11,2,,,,,,,,,0
43da277c41b3df34f7e73b38,印友图文中心,生活服务,图文快印店,新疆维吾尔自治区,乌鲁木齐市,新市区,乌鲁木齐市新市区昆明路康普小区东北侧约40米,,1,0,87.579469,43.865952,"(0991)3836161,18099195018,18099603533",life,http://api.map.baidu.com/place/detail?uid=43da277c41b3df34f7e73b38&output=html&source=placeapi_v2,,,,,,,,,,3,,,,,,,,87.579660605914,43.865961041674,0
7f3585002ea8ac8deee4a52f,时代图文(红光山店),生活服务,图文快印店,新疆维吾尔自治区,乌鲁木齐市,水磨沟区,新疆乌鲁木齐市水磨沟区红光山路2588号绿地中心,,1,0,87.636611,43.883706,"(0991)8288166,13659978395",life,http://api.map.baidu.com/place/detail?uid=7f3585002ea8ac8deee4a52f&output=html&source=placeapi_v2,,10:00-21:00,5.0,,,,,,,1,2,,,,,,,,,0
c260710739138debd7851ffe,薄印数码图文快印,生活服务,图文快印店,新疆维吾尔自治区,乌鲁木齐市,水磨沟区,新疆维吾尔自治区乌鲁木齐市水磨沟区龙腾路1118号万科中央公园二期45号住宅楼5号,c260710739138debd7851ffe,1,0,87.638573,43.876059,"(0991)4628990,18129336857",life,http://api.map.baidu.com/place/detail?uid=c260710739138debd7851ffe&output=html&source=placeapi_v2,,09:00-23:00,,,,,,,,,,,,,,,,,,0
b9cb4fa7ff85b07c2cb96de8,图文快印,生活服务,图文快印店,新疆维吾尔自治区,乌鲁木齐市,水磨沟区,乌鲁木齐市水磨沟区吉兴巷晟和苑,,1,0,87.607418,43.875834,,life,http://api.map.baidu.com/place/detail?uid=b9cb4fa7ff85b07c2cb96de8&output=html&source=placeapi_v2,,,,,,,,,,,,,,,,,,,,0
c1e9e9e48df9cccb58f6bef8,鑫莉图文,生活服务,图文快印店,新疆维吾尔自治区,乌鲁木齐市,新市区,新疆维吾尔自治区乌鲁木齐市新市区北京北路181号东风花苑1号楼,c1e9e9e48df9cccb58f6bef8,1,0,87.552264,43.899449,"(0991)3735946,18160682696",life,http://api.map.baidu.com/place/detail?uid=c1e9e9e48df9cccb58f6bef8&output=html&source=placeapi_v2,,10:00-21:00,0,,,,,,,13,1,,,,,,,87.552340021919,43.899490253656,0
02a2692b3b033ffe01294f71,科科图文店,生活服务,图文快印店,新疆维吾尔自治区,乌鲁木齐市,新市区,东站路141号117室,02a2692b3b033ffe01294f71,1,0,87.598668,43.91441,13669974951,life,http://api.map.baidu.com/place/detail?uid=02a2692b3b033ffe01294f71&output=html&source=placeapi_v2,,10:00-22:00,0.0,,,,,,,1,1,,,,,,,,,0
92f1480206e06f6928b97c5f,迅捷复印,生活服务,图文快印店,新疆维吾尔自治区,乌鲁木齐市,新市区,新疆维吾尔自治区乌鲁木齐市新市区喀什东路富裕新城小区184号,92f1480206e06f6928b97c5f,1,0,87.607002,43.909494,18299105981,life,http://api.map.baidu.com/place/detail?uid=92f1480206e06f6928b97c5f&output=html&source=placeapi_v2,,09:00-21:00,,,,,,,,6,,,,,,,,87.607017709532,43.909815139002,0
2fe83da9622021c97ab55c68,鸿胜印务,生活服务,图文快印店,新疆维吾尔自治区,乌鲁木齐市,新市区,新疆维吾尔自治区乌鲁木齐市新市区长沙路1006号洛杉矶d座5单元102室,,1,0,87.579005,43.895881,13325565269,life,http://api.map.baidu.com/place/detail?uid=2fe83da9622021c97ab55c68&output=html&source=placeapi_v2,,,,,,,,,,4,,,,,,,,87.57914551466,43.895941460093,0
92f1480206e06f6928b97c5f,迅捷复印,生活服务,图文快印店,新疆维吾尔自治区,乌鲁木齐市,新市区,新疆维吾尔自治区乌鲁木齐市新市区喀什东路富裕新城小区184号,92f1480206e06f6928b97c5f,1,0,87.607002,43.909494,18299105981,life,http://api.map.baidu.com/place/detail?uid=92f1480206e06f6928b97c5f&output=html&source=placeapi_v2,,09:00-21:00,,,,,,,,6,,,,,,,,87.607017709532,43.909815139002,0
ff72ba55a2b98a1ce856faca,创世达UV打印工厂店,生活服务,图文快印店,新疆维吾尔自治区,乌鲁木齐市,米东区,新疆维吾尔自治区乌鲁木齐市米东区乐民路鑫桥源建材综合市场14栋8号,,1,0,87.629599,43.927296,15199066961,life,http://api.map.baidu.com/place/detail?uid=ff72ba55a2b98a1ce856faca&output=html&source=placeapi_v2,,,,,,,,,,4,,,,,,,,,,0
95da673fe779e82e266e985e,百顺照相复印店,生活服务,图文快印店,新疆维吾尔自治区,乌鲁木齐市,米东区,乌鲁木齐市米东区米东南路轻工业学校路边,95da673fe779e82e266e985e,1,0,87.634214,43.933079,13369659866,life,http://api.map.baidu.com/place/detail?uid=95da673fe779e82e266e985e&output=html&source=placeapi_v2,,,0.0,,,,,,,5,,,,,,,,,,0
ff72ba55a2b98a1ce856faca,创世达UV打印工厂店,生活服务,图文快印店,新疆维吾尔自治区,乌鲁木齐市,米东区,新疆维吾尔自治区乌鲁木齐市米东区乐民路鑫桥源建材综合市场14栋8号,,1,0,87.629599,43.927296,15199066961,life,http://api.map.baidu.com/place/detail?uid=ff72ba55a2b98a1ce856faca&output=html&source=placeapi_v2,,,,,,,,,,4,,,,,,,,,,0
f218c6a6823caf6014b54b0b,宏图广告快印,生活服务,图文快印店,新疆维吾尔自治区,乌鲁木齐市,新市区,新疆维吾尔自治区乌鲁木齐市新市区安米西街993号,,1,0,87.512759,43.988047,19999112808,life,http://api.map.baidu.com/place/detail?uid=f218c6a6823caf6014b54b0b&output=html&source=placeapi_v2,,09:00-21:00,,,,,,,,6,,,,,,,,,,0
d2f047c3d5e8f74891114cd1,速印图文广告复印店,生活服务,图文快印店,新疆维吾尔自治区,乌鲁木齐市,米东区,新疆维吾尔自治区乌鲁木齐市米东区香缇苑11幢,,1,0,87.627396,43.964623,17726849180,life,http://api.map.baidu.com/place/detail?uid=d2f047c3d5e8f74891114cd1&output=html&source=placeapi_v2,,10:00-22:30,,,,,,,,3,,,,,,,,87.627393214886,43.964427673925,0
e86410bd41efe64d90114c0c,精创打字复印店,生活服务,图文快印店,新疆维吾尔自治区,乌鲁木齐市,米东区,新疆维吾尔自治区乌鲁木齐市米东区黄渠路闫海涛住宅楼5号,e86410bd41efe64d90114c0c,1,0,87.675366,43.969614,13565885985,life,http://api.map.baidu.com/place/detail?uid=e86410bd41efe64d90114c0c&output=html&source=placeapi_v2,,09:00-21:00,0.0,,,,,,,7,,,,,,,,87.675272904137,43.96977476031,0
b58548fbde529656715e8039,打字复印店,生活服务,图文快印店,新疆维吾尔自治区,乌鲁木齐市,米东区,新疆维吾尔自治区乌鲁木齐市米东区稻香南路乌石化2区1号楼,b58548fbde529656715e8039,1,0,87.655428,43.964524,,life,http://api.map.baidu.com/place/detail?uid=b58548fbde529656715e8039&output=html&source=placeapi_v2,,,,,,,,,,,,,,,,,,87.655298808487,43.964566827822,0
