uid,name,cat_L1,cat_L2,province,city,area,address,street_id,detail,child_num,loc_lng,loc_lat,telephone,type,detail_url,price,shop_hours,overall_rating,taste_rating,service_rating,environment_rating,facility_rating,hygiene_rating,technology_rating,image_num,comment_num,groupon_num,discount_num,favorite_num,checkin_num,brand,content_tag,naviloc_lng,naviloc_lat,child_num
a7a08072322b8d3dca09f068,城东村村邮站,生活服务,邮局,浙江省,杭州市,建德市,杭州市建德市沪瑞线雅地公馆东北侧约190米,,1,0,119.358523,29.525779,,life,http://api.map.baidu.com/place/detail?uid=a7a08072322b8d3dca09f068&output=html&source=placeapi_v2,,,,,,,,,,1,,,,,,,,119.35847734466,29.525858316549,0
0ce76a1686fedc4932f71d92,中国邮政(下涯邮政所),生活服务,邮局,浙江省,杭州市,建德市,浙江省杭州市建德市新塘路5号,0ce76a1686fedc4932f71d92,1,0,119.384408,29.540689,(0571)64101118,life,http://api.map.baidu.com/place/detail?uid=0ce76a1686fedc4932f71d92&output=html&source=placeapi_v2,,09:00-17:00,0,,,,,,,6,1,,,,,,,119.38458070411,29.540747491722,0
bb1d38e4acca0c4e0c0a70e1,中国邮政(梅城邮政支局),生活服务,邮局,浙江省,杭州市,建德市,浙江省杭州市建德市总府后街6号,bb1d38e4acca0c4e0c0a70e1,1,0,119.509816,29.547249,(0571)64141013,life,http://api.map.baidu.com/place/detail?uid=bb1d38e4acca0c4e0c0a70e1&output=html&source=placeapi_v2,,,0.0,,,,,,,5,1,,,,,,,,,0
c093d319ae378b49626858cd,中国邮政(三都邮政支局),生活服务,邮局,浙江省,杭州市,建德市,浙江省杭州市建德市三都镇振兴路92号,,1,0,119.580633,29.541562,(0571)64186333,life,http://api.map.baidu.com/place/detail?uid=c093d319ae378b49626858cd&output=html&source=placeapi_v2,,"08:00-11:30,13:00-16:30",0.0,,,,,,,5,,,,,,,,119.58074263353,29.541506994587,0
d6f12d0b5afbbc3456bfff25,中国邮政(莲花邮政所),生活服务,邮局,浙江省,杭州市,建德市,浙江省杭州市建德市莲花镇中国邮政(建德市莲花镇政府附近),,1,0,119.315912,29.572004,13357134727,life,http://api.map.baidu.com/place/detail?uid=d6f12d0b5afbbc3456bfff25&output=html&source=placeapi_v2,,,0.0,,,,,,,1,,,,,,,,119.31593605708,29.572254131528,0
e27b3322f18c09defb221379,中国邮政,生活服务,邮局,浙江省,杭州市,建德市,杭州市建德市,,1,0,119.321459,29.580564,,life,http://api.map.baidu.com/place/detail?uid=e27b3322f18c09defb221379&output=html&source=placeapi_v2,,09:00-17:00,,,,,,,,,,,,,,,,,,0
df7e9f6c45d070bc2811d14e,中国邮政(安仁镇邮政所),生活服务,邮局,浙江省,杭州市,建德市,浙江省杭州市建德市金秋街1号,,1,0,119.611548,29.688256,(0571)64179204,life,http://api.map.baidu.com/place/detail?uid=df7e9f6c45d070bc2811d14e&output=html&source=placeapi_v2,,"08:00-11:30,13:00-16:30",0,,,,,,,10,1,,,,,,,119.61144375773,29.688366786359,0
b810008b7ee0d5da0782c208,中国邮政(钦堂乡邮政所),生活服务,邮局,浙江省,杭州市,建德市,浙江省杭州市建德市钦堂大道68号,,1,0,119.574193,29.717435,(0571)64170948,life,http://api.map.baidu.com/place/detail?uid=b810008b7ee0d5da0782c208&output=html&source=placeapi_v2,,"08:00-11:30,13:00-16:30",,,,,,,,1,,,,,,,,119.57428182088,29.717468259141,0
0a02f947cc0688377bf796c4,中国邮政(富春江邮政支局),生活服务,邮局,浙江省,杭州市,桐庐县,浙江省杭州市桐庐县七里泷大街250号,0a02f947cc0688377bf796c4,1,0,119.653556,29.719927,(0571)64651564,life,http://api.map.baidu.com/place/detail?uid=0a02f947cc0688377bf796c4&output=html&source=placeapi_v2,,08:00-16:30,,,,,,,,2,,,,,,,,,,0
2aa2a8bbec74e8814e5547a5,桐庐县邮政局(富春江支局),生活服务,邮局,浙江省,杭州市,桐庐县,杭州市桐庐县工人路8号,2aa2a8bbec74e8814e5547a5,1,0,119.656101,29.718061,,life,http://api.map.baidu.com/place/detail?uid=2aa2a8bbec74e8814e5547a5&output=html&source=placeapi_v2,,,,,,,,,,,,,,,,,,,,0
22a51bb4c103489a8936eeca,钟山邮电所,生活服务,邮局,浙江省,杭州市,桐庐县,浙江省杭州市桐庐县钟山小学(西区)附近,22a51bb4c103489a8936eeca,1,0,119.539496,29.77354,,life,http://api.map.baidu.com/place/detail?uid=22a51bb4c103489a8936eeca&output=html&source=placeapi_v2,,,,,,,,,,,,,,,,,,119.53962094084,29.773553711237,0
e8ae19bb6e822e907c29bd6d,中国邮政(莪山民族村村邮站),生活服务,邮局,浙江省,杭州市,桐庐县,浙江省杭州市桐庐县桐钟路123号,e8ae19bb6e822e907c29bd6d,1,0,119.581562,29.801999,(0571)64648024,life,http://api.map.baidu.com/place/detail?uid=e8ae19bb6e822e907c29bd6d&output=html&source=placeapi_v2,,08:00-16:30,,,,,,,,1,,,,,,,,,,0
7aea43b708e5bc867c29bd73,中国邮政(上杭邮政所),生活服务,邮局,浙江省,杭州市,桐庐县,浙江省杭州市桐庐县春江路1079~1081号,7aea43b708e5bc867c29bd73,1,0,119.686012,29.795237,(0571)64213119,life,http://api.map.baidu.com/place/detail?uid=7aea43b708e5bc867c29bd73&output=html&source=placeapi_v2,,08:00-17:00,0,,,,,,,12,1,,,,,,,119.68594106368,29.795280531899,0
6899baea4e6e2192ca1b9577,滩头村村邮站,生活服务,邮局,浙江省,杭州市,桐庐县,浙江省杭州市桐庐县滩头路19号,6899baea4e6e2192ca1b9577,1,0,119.731513,29.827354,,life,http://api.map.baidu.com/place/detail?uid=6899baea4e6e2192ca1b9577&output=html&source=placeapi_v2,,,,,,,,,,,,,,,,,,119.73139643278,29.827200995609,0
a1418eb426225a7eebe5821d,中国邮政(凤川邮政所),生活服务,邮局,浙江省,杭州市,桐庐县,杭州市桐庐县邮政路凤川街道中心幼儿园(邮政路)南侧,a1418eb426225a7eebe5821d,1,0,119.788049,29.813653,(0571)64261224,life,http://api.map.baidu.com/place/detail?uid=a1418eb426225a7eebe5821d&output=html&source=placeapi_v2,,08:00-16:30,0,,,,,,,10,1,,,,,,,119.78802783632,29.813728175227,0
0c9fa5be5d40e99bf32d8312,岗村村邮站,生活服务,邮局,浙江省,杭州市,桐庐县,杭州市桐庐县环镇北路美庐花园北侧约30米,0c9fa5be5d40e99bf32d8312,1,0,119.783154,29.819922,,life,http://api.map.baidu.com/place/detail?uid=0c9fa5be5d40e99bf32d8312&output=html&source=placeapi_v2,,,,,,,,,,,,,,,,,,,,0
e5b1797e612104edd23ce34a,中国邮政(百江村村邮站),生活服务,邮局,浙江省,杭州市,桐庐县,杭州市桐庐县百后线百江汽车站东南侧约120米,e5b1797e612104edd23ce34a,1,0,119.363485,29.855221,,life,http://api.map.baidu.com/place/detail?uid=e5b1797e612104edd23ce34a&output=html&source=placeapi_v2,,09:00-17:00,0.0,,,,,,,1,,,,,,,,,,0
d24e48eb315064b7aeee7a9a,中国邮政(百江邮政所),生活服务,邮局,浙江省,杭州市,桐庐县,浙江省杭州市桐庐县新街27号,,1,0,119.366114,29.85426,(0571)64351102,life,http://api.map.baidu.com/place/detail?uid=d24e48eb315064b7aeee7a9a&output=html&source=placeapi_v2,,08:00-16:30,,,,,,,,,,,,,,,,,,0
4e323dde620d49c89868b4de,横村邮政支局(桐千路),生活服务,邮局,浙江省,杭州市,桐庐县,桐庐桐千路方埠中心学校北侧,4e323dde620d49c89868b4de,1,0,119.621189,29.85863,(0571)64691343,life,http://api.map.baidu.com/place/detail?uid=4e323dde620d49c89868b4de&output=html&source=placeapi_v2,,08:00-16:30,0,,,,,,,6,1,,,,,,,119.62100963883,29.858669856218,0
545a382b72282375724b879e,窄溪邮局,生活服务,邮局,浙江省,杭州市,桐庐县,浙江省杭州市桐庐县富前路36号,,1,0,119.787315,29.872973,,life,http://api.map.baidu.com/place/detail?uid=545a382b72282375724b879e&output=html&source=placeapi_v2,,,,,,,,,,,,,,,,,,119.78763712013,29.873063406514,0
c7eca12b18491534e015f995,中国邮政(石阜邮政所),生活服务,邮局,浙江省,杭州市,桐庐县,浙江省杭州市桐庐县窄珠线189号,,1,0,119.793967,29.842447,(0571)64271004,life,http://api.map.baidu.com/place/detail?uid=c7eca12b18491534e015f995&output=html&source=placeapi_v2,,09:00-17:00,0.0,,,,,,,,,,,,,,,119.79407921299,29.842456893198,0
b9e5d0b8c7bbe8bd81a12e1c,中国邮政(深澳邮政所),生活服务,邮局,浙江省,杭州市,桐庐县,深澳村深澳新街75号,,1,0,119.844561,29.858539,,life,http://api.map.baidu.com/place/detail?uid=b9e5d0b8c7bbe8bd81a12e1c&output=html&source=placeapi_v2,,08:00-17:00,5.0,,,,,,,3,2,,,,,,,119.84450057035,29.858606370163,0
d42511b19b5dc57ac9fa5f8b,中国邮政(北坞村村邮站),生活服务,邮局,浙江省,杭州市,富阳区,杭州市富阳区大化线与307省道交叉口西北100米,,1,0,120.057956,29.864041,,life,http://api.map.baidu.com/place/detail?uid=d42511b19b5dc57ac9fa5f8b&output=html&source=placeapi_v2,,09:00-17:00,,,,,,,,1,,,,,,,,120.05810439211,29.864197599694,0
7774d53a9562de37d4851f00,中国邮政(富阳常绿邮政所),生活服务,邮局,浙江省,杭州市,富阳区,浙江省杭州市富阳区常绿镇徐西线中国邮政,,1,0,120.089206,29.864001,(0571)63546501,life,http://api.map.baidu.com/place/detail?uid=7774d53a9562de37d4851f00&output=html&source=placeapi_v2,,08:00-16:30,0.0,,,,,,,1,,,,,,,,120.08906211009,29.864004912572,0
2f0d75752908fd679ee321a7,中国邮政(分水邮政支局),生活服务,邮局,浙江省,杭州市,桐庐县,浙江省杭州市桐庐县富民路115号,2f0d75752908fd679ee321a7,1,0,119.450795,29.933404,(0571)64311110,life,http://api.map.baidu.com/place/detail?uid=2f0d75752908fd679ee321a7&output=html&source=placeapi_v2,,09:00-19:00,,,,,,,,5,,,,,,,,119.45070918394,29.933438317389,0
e18c443bd9603271eddfcabc,中国邮政,生活服务,邮局,浙江省,杭州市,桐庐县,浙江省杭州市桐庐县杨家新街58号,,1,0,119.535926,29.927954,(0571)64371064,life,http://api.map.baidu.com/place/detail?uid=e18c443bd9603271eddfcabc&output=html&source=placeapi_v2,,08:30-17:00,,,,,,,,,,,,,,,,,,0
5617f9fdae7b8c392bd7abf7,六渚村村邮站,生活服务,邮局,浙江省,杭州市,富阳区,杭州市富阳区S305渌渚镇中心小学东北侧约260米,,1,0,119.735171,29.923709,,life,http://api.map.baidu.com/place/detail?uid=5617f9fdae7b8c392bd7abf7&output=html&source=placeapi_v2,,,,,,,,,,1,,,,,,,,,,0
549fbc1c5ad3c0534107c176,杨袁村村邮站,生活服务,邮局,浙江省,杭州市,富阳区,渌渚镇袁杨线袁杨村,,1,0,119.740664,29.935857,13777599067,life,http://api.map.baidu.com/place/detail?uid=549fbc1c5ad3c0534107c176&output=html&source=placeapi_v2,,,,,,,,,,,,,,,,,,119.74081550291,29.93612104079,0
e7131aa1a660c664246e98cc,中国邮政(蒋大线),生活服务,邮局,浙江省,杭州市,富阳区,新中村1号,,1,0,119.829603,29.918311,,life,http://api.map.baidu.com/place/detail?uid=e7131aa1a660c664246e98cc&output=html&source=placeapi_v2,,,,,,,,,,,,,,,,,,,,0
9230acac8abe1cb532f71d0d,中国邮政(汤口邮政支局),生活服务,邮局,浙江省,杭州市,富阳区,场口村新街华辰生活购物超市西南方60米,9230acac8abe1cb532f71d0d,1,0,119.884098,29.917696,(0571)63573140,life,http://api.map.baidu.com/place/detail?uid=9230acac8abe1cb532f71d0d&output=html&source=placeapi_v2,,08:00-16:30,,,,,,,,1,,,,,,,,,,0
3273356bd7c7a7aa90114cb6,富阳区环山邮政所(S307),生活服务,邮局,浙江省,杭州市,富阳区,杭州市富阳区S307环山中心小学南侧约140米,3273356bd7c7a7aa90114cb6,1,0,119.936671,29.938251,(0571)63561229,life,http://api.map.baidu.com/place/detail?uid=3273356bd7c7a7aa90114cb6&output=html&source=placeapi_v2,,08:00-16:30,,,,,,,,1,,,,,,,,119.93678550846,29.938348316161,0
680fb7035b7e529d8ab9888f,中国邮政(萧山区邮政局楼塔支局),生活服务,邮局,浙江省,杭州市,萧山区,浙江省杭州市萧山区洲口路91号,680fb7035b7e529d8ab9888f,1,0,120.139219,29.912865,(0571)82291981,life,http://api.map.baidu.com/place/detail?uid=680fb7035b7e529d8ab9888f&output=html&source=placeapi_v2,,08:00-17:00,0.0,,,,,,,1,,,,,,,,120.13937316541,29.912967701957,0
eb36750342d6f61a00ec01fd,中国邮政(新登邮政所),生活服务,邮局,浙江省,杭州市,富阳区,浙江省杭州市富阳区新兴街21号,eb36750342d6f61a00ec01fd,1,0,119.74048,29.970858,(0571)63251312,life,http://api.map.baidu.com/place/detail?uid=eb36750342d6f61a00ec01fd&output=html&source=placeapi_v2,,08:00-16:30,0.0,,,,,,,4,,,,,,,,119.74055890015,29.970961612908,0
6bfff812219b11866240a9dc,中国邮政(下门村村邮站),生活服务,邮局,浙江省,杭州市,萧山区,杭州市萧山区G235中国石化碧辟(之江加油站)北侧约130米,6bfff812219b11866240a9dc,1,0,120.18557,29.955476,,life,http://api.map.baidu.com/place/detail?uid=6bfff812219b11866240a9dc&output=html&source=placeapi_v2,,09:00-17:00,0.0,,,,,,,5,,,,,,,,120.18575824388,29.955397385802,0
b43e9d51bc243c8351e5c511,中国邮政(三山邮政支局),生活服务,邮局,浙江省,杭州市,富阳区,浙江省杭州市富阳区蒋蒋线中国邮政(鹿山街道中心幼儿园东),,1,0,119.908534,30.003751,(0571)63489150,life,http://api.map.baidu.com/place/detail?uid=b43e9d51bc243c8351e5c511&output=html&source=placeapi_v2,,,0,,,,,,,11,1,,,,,,,,,0
108b1cea8a452dad3586f4f4,中国邮政(大源邮政支局),生活服务,邮局,浙江省,杭州市,富阳区,浙江省杭州市富阳区下郎路14号,108b1cea8a452dad3586f4f4,1,0,120.014532,30.009552,(0571)63591110,life,http://api.map.baidu.com/place/detail?uid=108b1cea8a452dad3586f4f4&output=html&source=placeapi_v2,,08:00-16:30,0,,,,,,,9,1,,,,,,,120.01443677011,30.009562896529,0
61085211cf0eada0c41b7589,中国邮政(浦阳邮政支局),生活服务,邮局,浙江省,杭州市,萧山区,杭州市萧山区浦阳镇振浦路216号,,1,0,120.258023,29.986478,(0571)82401998,life,http://api.map.baidu.com/place/detail?uid=61085211cf0eada0c41b7589&output=html&source=placeapi_v2,,,0.0,,,,,,,5,,,,,,,,120.25797169072,29.986297671134,0
4960f7bde79ef9c26c47604e,江丰村村邮站,生活服务,邮局,浙江省,杭州市,富阳区,杭州市富阳区建黄线,,1,0,120.015476,30.036214,,life,http://api.map.baidu.com/place/detail?uid=4960f7bde79ef9c26c47604e&output=html&source=placeapi_v2,,,,,,,,,,1,,,,,,,,120.01558194345,30.036331790616,0
2cc3c8e8752b76d74c2fdf88,中国邮政(萧山区邮政局戴村支局),生活服务,邮局,浙江省,杭州市,萧山区,杭州市萧山区三头村221号,2cc3c8e8752b76d74c2fdf88,1,0,120.20085,30.017158,(0571)82231091,life,http://api.map.baidu.com/place/detail?uid=2cc3c8e8752b76d74c2fdf88&output=html&source=placeapi_v2,,,0.0,,,,,,,9,,,,,,,,120.20079591108,30.017137758853,0
c5da5527c65c2a1959bbbc8d,邮政服务站,生活服务,邮局,浙江省,杭州市,萧山区,杭州市萧山区,,1,0,120.232104,30.041336,,life,http://api.map.baidu.com/place/detail?uid=c5da5527c65c2a1959bbbc8d&output=html&source=placeapi_v2,,,,,,,,,,,,,,,,,,,,0
48de759e4346cb5b4bcc4a50,浦二村村邮站,生活服务,邮局,浙江省,杭州市,萧山区,杭州市萧山区东思线临浦镇第二小学西南侧约220米,,1,0,120.235652,30.024737,,life,http://api.map.baidu.com/place/detail?uid=48de759e4346cb5b4bcc4a50&output=html&source=placeapi_v2,,,,,,,,,,,,,,,,,,,,0
cd792b91799e8acc2fb96dbc,中国邮政(进化邮政支局),生活服务,邮局,浙江省,杭州市,萧山区,浙江省杭州市萧山区葛云飞路658号,,1,0,120.307211,30.017256,,life,http://api.map.baidu.com/place/detail?uid=cd792b91799e8acc2fb96dbc&output=html&source=placeapi_v2,,,2,,,,,,,2,2,,,,,,,120.30716438779,30.017061640132,0
47e364f35d1c146280a12e84,中国集邮(桂花路店),生活服务,邮局,浙江省,杭州市,富阳区,浙江省杭州市富阳区桂花路36-11号,47e364f35d1c146280a12e84,1,0,119.965125,30.05488,,life,http://api.map.baidu.com/place/detail?uid=47e364f35d1c146280a12e84&output=html&source=placeapi_v2,,09:00-21:00,,,,,,,,8,,,,,,,,119.9651283432,30.054826095123,0
8cdbd3c37c65cf73901fc96d,张家村村邮站(大张线),生活服务,邮局,浙江省,杭州市,富阳区,浙江省杭州市富阳区大后线,,1,0,120.049352,30.061978,,life,http://api.map.baidu.com/place/detail?uid=8cdbd3c37c65cf73901fc96d&output=html&source=placeapi_v2,,,,,,,,,,,,,,,,,,,,0
7f87ea60b992ec3109b93acd,中国邮政服务站(桥戴线),生活服务,邮局,浙江省,杭州市,萧山区,杭州市萧山区桥戴线与春永线交叉路口西侧,,1,0,120.193666,30.052745,,life,http://api.map.baidu.com/place/detail?uid=7f87ea60b992ec3109b93acd&output=html&source=placeapi_v2,,09:00-17:00,0,,,,,,,1,1,,,,,,,120.19373740726,30.052772809595,0
31a2e67bcc7056e014c8f63c,邮政服务站,生活服务,邮局,浙江省,杭州市,萧山区,元宝山路东200米,,1,0,120.24425,30.060079,,life,http://api.map.baidu.com/place/detail?uid=31a2e67bcc7056e014c8f63c&output=html&source=placeapi_v2,,09:00-19:00,,,,,,,,4,,,,,,,,120.24445945175,30.06009098864,0
0dbcd4be0d8fffa9b04c49ed,中国邮政(西门路店),生活服务,邮局,浙江省,杭州市,富阳区,富阳区万市镇147号,0dbcd4be0d8fffa9b04c49ed,1,0,119.580633,30.100045,,life,http://api.map.baidu.com/place/detail?uid=0dbcd4be0d8fffa9b04c49ed&output=html&source=placeapi_v2,,,,,,,,,,,,,,,,,,,,0
b2f74915dc754a76f23cba7d,中国邮政(三口邮政代办所),生活服务,邮局,浙江省,杭州市,临安区,杭州市临安区南屏路临安农商银行(三口分理处)西北侧,,1,0,119.755516,30.103158,,life,http://api.map.baidu.com/place/detail?uid=b2f74915dc754a76f23cba7d&output=html&source=placeapi_v2,,09:00-17:00,,,,,,,,1,,,,,,,,,,0
a5ef680f731aecd4b8df8f85,中国邮政(高桥邮政支局),生活服务,邮局,浙江省,杭州市,富阳区,浙江省杭州市富阳区高富路7号,a5ef680f731aecd4b8df8f85,1,0,119.950519,30.101635,(0571)63431113,life,http://api.map.baidu.com/place/detail?uid=a5ef680f731aecd4b8df8f85&output=html&source=placeapi_v2,,08:00-16:15,0,,,,,,,9,1,,,,,,,119.95073067528,30.101554235115,0
632ca6bb91d66d48715e8036,民联村村邮站,生活服务,邮局,浙江省,杭州市,富阳区,杭州市富阳区三号路东洲钱塘家园东北侧约290米,,1,0,120.066145,30.090909,,life,http://api.map.baidu.com/place/detail?uid=632ca6bb91d66d48715e8036&output=html&source=placeapi_v2,,,,,,,,,,1,,,,,,,,120.06634738148,30.091153325564,0
7059f0bb33db46c482288ad1,桑园地村村邮站,生活服务,邮局,浙江省,杭州市,西湖区,浙江省杭州市西湖区双浦镇桑园地村委会,,1,0,120.105951,30.096661,(0571)87611715,life,http://api.map.baidu.com/place/detail?uid=7059f0bb33db46c482288ad1&output=html&source=placeapi_v2,,09:00-17:00,,,,,,,,,,,,,,,,120.10606810207,30.096843906326,0
108633e6fb4f83e2a1d230e9,白鸟村村邮站,生活服务,邮局,浙江省,杭州市,西湖区,双浦镇白鸟村,,1,0,120.11174,30.102561,,life,http://api.map.baidu.com/place/detail?uid=108633e6fb4f83e2a1d230e9&output=html&source=placeapi_v2,,09:00-17:00,,,,,,,,,,,,,,,,,,0
284703ba7afe3813e81e973f,孔湖村村邮站,生活服务,邮局,浙江省,杭州市,萧山区,浙江省杭州市萧山区大路张216号,,1,0,120.26592,30.097744,(0571)82771034,life,http://api.map.baidu.com/place/detail?uid=284703ba7afe3813e81e973f&output=html&source=placeapi_v2,,09:00-17:00,,,,,,,,,,,,,,,,,,0
5efcc36bb4b1b6a232870a47,储蓄邮政服务站,生活服务,邮局,浙江省,杭州市,萧山区,浙江省杭州市萧山区所前镇越王村山里沈片越王茶行卫生院,5efcc36bb4b1b6a232870a47,1,0,120.323274,30.098056,,life,http://api.map.baidu.com/place/detail?uid=5efcc36bb4b1b6a232870a47&output=html&source=placeapi_v2,,,,,,,,,,,,,,,,,,,,0
b69ffc27ae95d5f38f55ecca,中国邮政湖埠村村邮站,生活服务,邮局,浙江省,杭州市,西湖区,浙江省杭州市西湖区灵山线,b69ffc27ae95d5f38f55ecca,1,0,120.058477,30.136003,,life,http://api.map.baidu.com/place/detail?uid=b69ffc27ae95d5f38f55ecca&output=html&source=placeapi_v2,,09:00-18:00,,,,,,,,,,,,,,,,120.05862155705,30.13593241327,0
03315fcba28a9f4d3586f401,浙江村邮邮政服务站(良浮路),生活服务,邮局,浙江省,杭州市,西湖区,杭州市西湖区良浮路良户家苑西南侧约100米,03315fcba28a9f4d3586f401,1,0,120.103286,30.133758,,life,http://api.map.baidu.com/place/detail?uid=03315fcba28a9f4d3586f401&output=html&source=placeapi_v2,,09:00-19:00,0.0,,,,,,,1,1,,,,,,,120.10268662591,30.13368810469,0
11f0810d70695b02882fb58a,阿里巴巴小邮局,生活服务,邮局,浙江省,杭州市,西湖区,浙江省杭州市西湖区云梦路阿里巴巴飞天园区3号楼,11f0810d70695b02882fb58a,1,0,120.089137,30.135565,,life,http://api.map.baidu.com/place/detail?uid=11f0810d70695b02882fb58a&output=html&source=placeapi_v2,,,,,,,,,,,,,,,,,,,,0
964970d5f30b484d1ef74dd0,中国邮政(双浦邮政所),生活服务,邮局,浙江省,杭州市,西湖区,浙江杭州市西湖区袁浦街56号,964970d5f30b484d1ef74dd0,1,0,120.131569,30.121511,(0571)87916243,life,http://api.map.baidu.com/place/detail?uid=964970d5f30b484d1ef74dd0&output=html&source=placeapi_v2,,08:30-17:00,0,,,,,,,13,2,,,,,,,120.13164915975,30.121494846651,0
4d7286ca9148a7da5d17c310,中国邮政(袁家浦村),生活服务,邮局,浙江省,杭州市,西湖区,浙江省杭州市西湖区袁浦街56号,,1,0,120.132405,30.123039,"(0571)87034347,(0571)87916243",life,http://api.map.baidu.com/place/detail?uid=4d7286ca9148a7da5d17c310&output=html&source=placeapi_v2,,09:00-17:00,,,,,,,,,,,,,,,,,,0
3d7b7c0880e7f1f825e0a0d3,小叔房村村邮站,生活服务,邮局,浙江省,杭州市,西湖区,杭州市西湖区双浦镇小叔房村委会,,1,0,120.142606,30.120568,"(0571)56198858,(0571)87644129",life,http://api.map.baidu.com/place/detail?uid=3d7b7c0880e7f1f825e0a0d3&output=html&source=placeapi_v2,,09:00-17:00,,,,,,,,,,,,,,,,,,0
669775d052013e5afc0eb085,中国邮政(闻堰邮政支局),生活服务,邮局,浙江省,杭州市,萧山区,杭州市萧山区闻堰镇闻兴路80号,669775d052013e5afc0eb085,1,1,120.181674,30.133279,(0571)82302448,life,http://api.map.baidu.com/place/detail?uid=669775d052013e5afc0eb085&output=html&source=placeapi_v2,,"08:00-11:00,13:00-16:30",0,,,,,,,13,1,,,,,,,120.18156292601,30.133409203027,1
2cfdfb9f52a9b12e2b3a9f11,中国邮政沙里吴村村邮站(太平桥),生活服务,邮局,浙江省,杭州市,萧山区,杭州市萧山区沙里吴村蜀山街道155号,2cfdfb9f52a9b12e2b3a9f11,1,0,120.264102,30.122266,,life,http://api.map.baidu.com/place/detail?uid=2cfdfb9f52a9b12e2b3a9f11&output=html&source=placeapi_v2,,09:00-17:00,,,,,,,,1,,,,,,,,120.26432831225,30.122261622038,0
134c617446d38244b8bd636a,中国邮政(南环路),生活服务,邮局,浙江省,杭州市,萧山区,杭州市萧山区高桥路绿都・四季花城,,1,0,120.279596,30.150491,(0571)82377935,life,http://api.map.baidu.com/place/detail?uid=134c617446d38244b8bd636a&output=html&source=placeapi_v2,,09:00-17:00,,,,,,,,1,,,,,,,,,,0
7d0f74d2d619a28bf90cad1d,中国邮政(中村邮政所),生活服务,邮局,浙江省,杭州市,西湖区,浙江省杭州市西湖区石龙山20号,7d0f74d2d619a28bf90cad1d,1,0,120.046042,30.152484,,life,http://api.map.baidu.com/place/detail?uid=7d0f74d2d619a28bf90cad1d&output=html&source=placeapi_v2,,09:00-18:00,,,,,,,,,,,,,,,,120.04592681497,30.152470351143,0
35debf29d5920e45a6da3910,中国邮政(杭州市邮政局转塘支局),生活服务,邮局,浙江省,杭州市,西湖区,浙江省杭州市西湖区转塘直街58号,35debf29d5920e45a6da3910,1,0,120.086112,30.167522,(0571)87090262,life,http://api.map.baidu.com/place/detail?uid=35debf29d5920e45a6da3910&output=html&source=placeapi_v2,,09:00-17:00,2.4,,,,,,,11,8,,,,,,,120.08619790219,30.167498965396,0
791273b2268be3253362126d,中国邮政(江南文苑邮政支局),生活服务,邮局,浙江省,杭州市,滨江区,浙江省杭州市滨江区滨文路635~639号,791273b2268be3253362126d,1,0,120.150365,30.17662,(0571)85084737,life,http://api.map.baidu.com/place/detail?uid=791273b2268be3253362126d&output=html&source=placeapi_v2,,09:00-17:00,3.6,,,,,,,5,8,,,,,,,120.15027875571,30.176683177788,0
edd64ce1563a49903fe231c4,中国邮政(浦沿邮政支局),生活服务,邮局,浙江省,杭州市,滨江区,浙江杭州市滨江区新浦路111号,edd64ce1563a49903fe231c4,1,0,120.157852,30.162236,(0571)86618448,life,http://api.map.baidu.com/place/detail?uid=edd64ce1563a49903fe231c4&output=html&source=placeapi_v2,,09:00-17:00,0,,,,,,,18,2,,,,,,,120.15793101431,30.1622707637,0
1ee4be30085765d82bd7ab53,冠山社区E邮站,生活服务,邮局,浙江省,杭州市,滨江区,杭州市滨江区长江西路冠山小区16幢一单元1楼,1ee4be30085765d82bd7ab53,1,0,120.205954,30.164154,,life,http://api.map.baidu.com/place/detail?uid=1ee4be30085765d82bd7ab53&output=html&source=placeapi_v2,,,,,,,,,,12,,,,,,,,,,0
02dbf0df4b0af8ffd22dd631,中国邮政(西河路),生活服务,邮局,浙江省,杭州市,萧山区,浙江省杭州市萧山区西河路97号,02dbf0df4b0af8ffd22dd631,1,0,120.271713,30.16882,,life,http://api.map.baidu.com/place/detail?uid=02dbf0df4b0af8ffd22dd631&output=html&source=placeapi_v2,,09:00-17:00,,,,,,,,22,,,,,,,,120.27165230487,30.168750531495,0
f757e6ee5a16a569260bd0db,中国邮政(崇化邮政支局),生活服务,邮局,浙江省,杭州市,萧山区,浙江省杭州市萧山区人民路12号,f757e6ee5a16a569260bd0db,1,0,120.266507,30.165984,(0571)82675293,life,http://api.map.baidu.com/place/detail?uid=f757e6ee5a16a569260bd0db&output=html&source=placeapi_v2,,08:00-17:00,0.0,,,,,,,6,1,,,,,,,120.26656191427,30.16621802804,0
d219bb1d2d469cf5f50e7739,杭州市萧山区南门邮政支局,生活服务,邮局,浙江省,杭州市,萧山区,浙江杭州市萧山区萧然南路562号,d219bb1d2d469cf5f50e7739,1,0,120.271947,30.161986,,life,http://api.map.baidu.com/place/detail?uid=d219bb1d2d469cf5f50e7739&output=html&source=placeapi_v2,,08:00-17:30,,,,,,,,14,,,,,,,,120.27187495126,30.161895514111,0
dffd631c03b234c238221cfa,中国邮政(梅花楼邮政所),生活服务,邮局,浙江省,杭州市,萧山区,浙江省杭州市萧山区商城中路站通路15号12栋106,dffd631c03b234c238221cfa,1,0,120.289278,30.169191,(0571)82727601,life,http://api.map.baidu.com/place/detail?uid=dffd631c03b234c238221cfa&output=html&source=placeapi_v2,,,0,,,,,,,13,2,,,,,,,120.2894359894,30.169273353522,0
4d22c560f9c6139cc2f1cf7d,中国邮政安桥社区邮政服务站(潘水路),生活服务,邮局,浙江省,杭州市,萧山区,浙江省杭州市萧山区安桥社区子母楼88号,4d22c560f9c6139cc2f1cf7d,1,0,120.266416,30.155463,,life,http://api.map.baidu.com/place/detail?uid=4d22c560f9c6139cc2f1cf7d&output=html&source=placeapi_v2,,09:00-18:00,,,,,,,,4,,,,,,,,,,0
134c617446d38244b8bd636a,中国邮政(南环路),生活服务,邮局,浙江省,杭州市,萧山区,杭州市萧山区高桥路绿都・四季花城,,1,0,120.279596,30.150491,(0571)82377935,life,http://api.map.baidu.com/place/detail?uid=134c617446d38244b8bd636a&output=html&source=placeapi_v2,,09:00-17:00,,,,,,,,1,,,,,,,,,,0
29ee89d571d97fd7badf8f2e,中国邮政下潦社区邮政服务站(新城路),生活服务,邮局,浙江省,杭州市,萧山区,杭州市萧山区新城路萧山区第三高级中学西北侧约40米,,1,0,120.31672,30.182228,,life,http://api.map.baidu.com/place/detail?uid=29ee89d571d97fd7badf8f2e&output=html&source=placeapi_v2,,09:00-17:00,,,,,,,,1,,,,,,,,,,0
4045e873b64c959c93114ccb,中国邮政村邮乐购农村电商服务站(横乐线),生活服务,邮局,浙江省,杭州市,临安区,横乐线与太阳大街交叉路口西南侧,,1,0,119.302077,30.191295,,life,http://api.map.baidu.com/place/detail?uid=4045e873b64c959c93114ccb&output=html&source=placeapi_v2,,09:00-17:00,,,,,,,,,,,,,,,,,,0
a9ce2698af07235ab726557e,中国邮政(临安市太阳邮政所),生活服务,邮局,浙江省,杭州市,临安区,浙江省杭州市临安区太阳大街91号,a9ce2698af07235ab726557e,1,0,119.310653,30.188106,(0571)63831002,life,http://api.map.baidu.com/place/detail?uid=a9ce2698af07235ab726557e&output=html&source=placeapi_v2,,09:00-17:00,,,,,,,,2,,,,,,,,119.3106272057,30.188293927243,0
947716e56462196a8415415f,邮局支局,生活服务,邮局,浙江省,杭州市,临安区,浙江省杭州市临安区潜阳路179号,947716e56462196a8415415f,1,0,119.405569,30.194484,,life,http://api.map.baidu.com/place/detail?uid=947716e56462196a8415415f&output=html&source=placeapi_v2,,,0,,,,,,,8,1,,,,,,,119.40564866359,30.194499334125,0
0f47553c79e71e5b0f0a70f3,中国邮政(藻溪营业处),生活服务,邮局,浙江省,杭州市,临安区,浙江省杭州市临安区建国新街130号,,1,0,119.501468,30.207176,(0571)63891040,life,http://api.map.baidu.com/place/detail?uid=0f47553c79e71e5b0f0a70f3&output=html&source=placeapi_v2,,07:40-19:40,0,,,,,,,1,0,,,,,,,119.50128762927,30.207094504715,0
fff267f5c2616a5aed74f83b,中国邮政(藻溪邮政所),生活服务,邮局,浙江省,杭州市,临安区,浙江省杭州市临安区建国新街130号,fff267f5c2616a5aed74f83b,1,0,119.504233,30.2045,,life,http://api.map.baidu.com/place/detail?uid=fff267f5c2616a5aed74f83b&output=html&source=placeapi_v2,,08:00-16:30,,,,,,,,,,,,,,,,,,0
6a2c1ec1c326bfc5f6eafcb9,中国邮政服务站(太甘线),生活服务,邮局,浙江省,杭州市,临安区,102省道与G56杭瑞高速交叉口西北200米,,1,0,119.60903,30.210726,,life,http://api.map.baidu.com/place/detail?uid=6a2c1ec1c326bfc5f6eafcb9&output=html&source=placeapi_v2,,09:00-17:00,,,,,,,,,,,,,,,,,,0
0adce3e2fa5d106080a00c20,中国邮政(夏禹桥邮政所),生活服务,邮局,浙江省,杭州市,临安区,浙江省杭州市临安区夏禹街105号,0adce3e2fa5d106080a00c20,1,0,119.653642,30.194215,(0571)63761370,life,http://api.map.baidu.com/place/detail?uid=0adce3e2fa5d106080a00c20&output=html&source=placeapi_v2,,08:00-16:30,,,,,,,,5,,,,,,,,,,0
91610857206123e02d4733d9,枫岭村邮政服务站,生活服务,邮局,浙江省,杭州市,余杭区,杭州市余杭区,,1,0,119.930908,30.20863,,life,http://api.map.baidu.com/place/detail?uid=91610857206123e02d4733d9&output=html&source=placeapi_v2,,,,,,,,,,1,,,,,,,,,,0
5743f8270866688d7dc87628,阿里巴巴小邮政局,生活服务,邮局,浙江省,杭州市,滨江区,浙江省杭州市滨江区网商路699号,5743f8270866688d7dc87628,1,0,120.198673,30.195557,,life,http://api.map.baidu.com/place/detail?uid=5743f8270866688d7dc87628&output=html&source=placeapi_v2,,,0.0,,,,,,,2,,,,,,,,120.19867886909,30.195528611007,0
2667c4076baee0597ec8765b,小小小邮局,生活服务,邮局,浙江省,杭州市,滨江区,浙江省杭州市滨江区网商路699号网易大厦二期,,1,0,120.198002,30.19319,,life,http://api.map.baidu.com/place/detail?uid=2667c4076baee0597ec8765b&output=html&source=placeapi_v2,,,,,,,,,,,,,,,,,,,,0
2527be1e13317db24afc8dc6,中国邮政(西兴支局),生活服务,邮局,浙江省,杭州市,滨江区,浙江省杭州市滨江区固陵路135号,2527be1e13317db24afc8dc6,1,0,120.233752,30.19808,(0571)86683844,life,http://api.map.baidu.com/place/detail?uid=2527be1e13317db24afc8dc6&output=html&source=placeapi_v2,,"08:30-11:30,12:30-16:30",5,,,,,,,18,3,,,,,,,120.23382975863,30.198052356918,0
cc788fde55dffd8b89fc068d,杭州邮区中心局(三益线),生活服务,邮局,浙江省,杭州市,萧山区,浙江省杭州市萧山区三益线,cc788fde55dffd8b89fc068d,1,0,120.244392,30.214594,,life,http://api.map.baidu.com/place/detail?uid=cc788fde55dffd8b89fc068d&output=html&source=placeapi_v2,,,0,,,,,,,2,1,,,,,,,120.2440307597,30.214503204862,0
a9cf3889738bd2851811d573,中国邮政(杭州市邮政储汇局),生活服务,邮局,浙江省,杭州市,萧山区,杭州市萧山区三益线万丰大厦东侧约40米,a9cf3889738bd2851811d573,1,0,120.244301,30.214751,(0571)87240389,life,http://api.map.baidu.com/place/detail?uid=a9cf3889738bd2851811d573&output=html&source=placeapi_v2,,09:00-17:00,0,,,,,,,3,1,,,,,,,120.24427670676,30.214611091027,0
8970829e6301adc16cc02c62,杭本邮件处理中心局,生活服务,邮局,浙江省,杭州市,萧山区,杭州市萧山区经济技术开发区三益线(三桥南岸),,1,0,120.245985,30.215118,,life,http://api.map.baidu.com/place/detail?uid=8970829e6301adc16cc02c62&output=html&source=placeapi_v2,,,,,,,,,,,,,,,,,,,,0
e347581ff18dd6c5f5231069,中国邮政(北干一苑邮政所),生活服务,邮局,浙江省,杭州市,萧山区,浙江省杭州市萧山区博学路1056号,e347581ff18dd6c5f5231069,1,0,120.28205,30.193544,(0571)82800751,life,http://api.map.baidu.com/place/detail?uid=e347581ff18dd6c5f5231069&output=html&source=placeapi_v2,,"08:00-12:00,13:00-17:00",,,,,,,,6,,,,,,,,120.28205308908,30.193704491169,0
f31702277e8485aef4eafce8,中国邮政(通惠北路),生活服务,邮局,浙江省,杭州市,萧山区,浙江省杭州市萧山区通惠北路147-155号,f31702277e8485aef4eafce8,1,0,120.292843,30.208446,(0571)83893953,life,http://api.map.baidu.com/place/detail?uid=f31702277e8485aef4eafce8&output=html&source=placeapi_v2,,09:00-17:00,0,,,,,,,21,3,,,,,,,120.29293159127,30.20843978242,0
f30d6b8520f54ed2f503b89c,新盛村村邮站,生活服务,邮局,浙江省,杭州市,萧山区,新盛村1618号,f30d6b8520f54ed2f503b89c,1,1,120.311158,30.209561,(0571)82618007,life,http://api.map.baidu.com/place/detail?uid=f30d6b8520f54ed2f503b89c&output=html&source=placeapi_v2,,09:00-17:00,,,,,,,,,,,,,,,,120.31099466187,30.209582638196,1
2018bd559a33d6ff40afe689,中国邮政(临安区西墅邮政支局),生活服务,邮局,浙江省,杭州市,临安区,浙江省杭州市临安区西墅街1002号孵化基地3幢2楼,2018bd559a33d6ff40afe689,1,0,119.713122,30.246023,(0571)63722845,life,http://api.map.baidu.com/place/detail?uid=2018bd559a33d6ff40afe689&output=html&source=placeapi_v2,,08:00-16:30,,,,,,,,10,,,,,,,,119.71325457766,30.245910995154,0
092604771c24ec1d38221c85,中国邮政(城中街邮政营业所),生活服务,邮局,浙江省,杭州市,临安区,浙江省杭州市临安区天目路1147号,092604771c24ec1d38221c85,1,0,119.730477,30.237505,,life,http://api.map.baidu.com/place/detail?uid=092604771c24ec1d38221c85&output=html&source=placeapi_v2,,08:00-16:30,0.0,,,,,,,10,,,,,,,,119.7304719098,30.237403122122,0
e11e798fc6c1e60d1c1d116f,蒋杨村村邮站,生活服务,邮局,浙江省,杭州市,临安区,杭州市临安区崇文路青山湖中医院北侧,e11e798fc6c1e60d1c1d116f,1,0,119.829487,30.25252,,life,http://api.map.baidu.com/place/detail?uid=e11e798fc6c1e60d1c1d116f&output=html&source=placeapi_v2,,,,,,,,,,1,,,,,,,,,,0
70f52569f6357747bfa8223f,小镇邮局,生活服务,邮局,浙江省,杭州市,余杭区,闲林街道东海闲湖城卧龙湾1幢1单元1803号,70f52569f6357747bfa8223f,1,0,119.996883,30.233327,,life,http://api.map.baidu.com/place/detail?uid=70f52569f6357747bfa8223f&output=html&source=placeapi_v2,,,,,,,,,,,,,,,,,,,,0
a3c68a369bf9b4c421f01702,中国邮政(留下支局),生活服务,邮局,浙江省,杭州市,西湖区,浙江省杭州市西湖区屏基山路留和家苑10幢西铺2号,a3c68a369bf9b4c421f01702,1,0,120.061895,30.24265,(0571)85229352,life,http://api.map.baidu.com/place/detail?uid=a3c68a369bf9b4c421f01702&output=html&source=placeapi_v2,,09:00-17:00,,,,,,,,12,,,,,,,,120.06202124006,30.242690585108,0
e3e2cd9d9e19cde2c7f50ddf,灵隐邮政局,生活服务,邮局,浙江省,杭州市,西湖区,浙江省杭州市西湖区天竺路3号,e3e2cd9d9e19cde2c7f50ddf,1,0,120.112089,30.246764,(0571)87980819,life,http://api.map.baidu.com/place/detail?uid=e3e2cd9d9e19cde2c7f50ddf&output=html&source=placeapi_v2,,,0.0,,,,,,,2,2,,,,,,,,,0
5e53af1a8f19e35e4151c072,中国邮政(望江门邮政所),生活服务,邮局,浙江省,杭州市,上城区,浙江省杭州市上城区江城路502号,5e53af1a8f19e35e4151c072,1,0,120.182087,30.239564,(0571)86063486,life,http://api.map.baidu.com/place/detail?uid=5e53af1a8f19e35e4151c072&output=html&source=placeapi_v2,,09:00-17:00,1,,,,,,,15,2,,,,,,,120.18201284439,30.239578540449,0
c773689102485b43b9df8ff3,中国邮政(映霞街支局),生活服务,邮局,浙江省,杭州市,上城区,浙江省杭州市上城区映霞街51~53号,,1,0,120.191795,30.240233,"(0571)85174055,(0571)87828640",life,http://api.map.baidu.com/place/detail?uid=c773689102485b43b9df8ff3&output=html&source=placeapi_v2,,09:00-17:00,,,,,,,,4,,,,,,,,120.19195339857,30.240440968822,0
f5e3bcaed88aecc05e17c372,中国邮政(南星桥邮政支局),生活服务,邮局,浙江省,杭州市,上城区,浙江省杭州市上城区二凉亭1号,f5e3bcaed88aecc05e17c372,1,0,120.184894,30.228391,"(0571)86062873,(0571)86803582",life,http://api.map.baidu.com/place/detail?uid=f5e3bcaed88aecc05e17c372&output=html&source=placeapi_v2,,09:00-17:00,0,,,,,,,18,2,,,,,,,120.18484115991,30.228345745136,0
efa0baf1296e9c8bb13c8165,中国邮政(杭州市邮政局钱江路邮政所),生活服务,邮局,浙江省,杭州市,上城区,浙江省杭州市上城区钱江路566号清泰南苑二期15幢15-7号,efa0baf1296e9c8bb13c8165,1,0,120.204815,30.242118,(0571)86049691,life,http://api.map.baidu.com/place/detail?uid=efa0baf1296e9c8bb13c8165&output=html&source=placeapi_v2,,09:00-16:30,4,,,,,,,22,3,,,,,,,120.20471928644,30.24221978279,0
e9e7ceb84d24d11ba8f0cdc2,市邮局后勤,生活服务,邮局,浙江省,杭州市,上城区,环城东路11号,,1,0,120.190193,30.251973,,life,http://api.map.baidu.com/place/detail?uid=e9e7ceb84d24d11ba8f0cdc2&output=html&source=placeapi_v2,,,,,,,,,,,,,,,,,,,,0
4f1a15182a3b2e45cd04ef4e,城站邮局营业厅,生活服务,邮局,浙江省,杭州市,上城区,浙江省杭州市上城区环城东路10号,,1,0,120.189975,30.251637,,life,http://api.map.baidu.com/place/detail?uid=4f1a15182a3b2e45cd04ef4e&output=html&source=placeapi_v2,,,,,,,,,,1,,,,,,,,,,0
38d402a4d1802b000ab93a1f,中国邮政(兴隆新村邮政所),生活服务,邮局,浙江省,杭州市,上城区,浙江省杭州市上城区之江路959号,38d402a4d1802b000ab93a1f,1,0,120.213572,30.237877,,life,http://api.map.baidu.com/place/detail?uid=38d402a4d1802b000ab93a1f&output=html&source=placeapi_v2,,08:00-18:00,5,,,,,,,10,1,,,,,,,120.21361567123,30.237823700992,0
272ecd0ee48081bf8f55ecbe,中国邮政(泗洲村村邮站),生活服务,邮局,浙江省,杭州市,临安区,杭州市临安区泗洲村政府大院内,,1,0,119.403751,30.267196,15968195593,life,http://api.map.baidu.com/place/detail?uid=272ecd0ee48081bf8f55ecbe&output=html&source=placeapi_v2,,09:00-17:00,,,,,,,,,,,,,,,,,,0
37bf394c1623e313f32d83be,中国邮政(太湖源邮政所),生活服务,邮局,浙江省,杭州市,临安区,浙江省杭州市临安区青溪街235号,37bf394c1623e313f32d83be,1,0,119.604202,30.271728,(0571)63792094,life,http://api.map.baidu.com/place/detail?uid=37bf394c1623e313f32d83be&output=html&source=placeapi_v2,,08:00-16:30,,,,,,,,,,,,,,,,,,0
44207646c2276a6adeee8b22,中国邮政(青云营业处),生活服务,邮局,浙江省,杭州市,临安区,浙江省杭州市临安区青溪大街235号,44207646c2276a6adeee8b22,1,0,119.604184,30.271878,,life,http://api.map.baidu.com/place/detail?uid=44207646c2276a6adeee8b22&output=html&source=placeapi_v2,,09:00-17:00,,,,,,,,2,,,,,,,,,,0
a2044ea675c494b6e215f965,中国邮政服务站(科技大道),生活服务,邮局,浙江省,杭州市,临安区,杭州市临安区锦福家园598号(锦北街道民主社区卫生服务站东北),a2044ea675c494b6e215f965,1,0,119.806197,30.266759,,life,http://api.map.baidu.com/place/detail?uid=a2044ea675c494b6e215f965&output=html&source=placeapi_v2,,09:00-17:00,0.0,,,,,,,,,,,,,,,119.80602854614,30.266640064179,0
4dc9e6b7bf13e3cf7dc8769d,中国邮政(禹航路),生活服务,邮局,浙江省,杭州市,余杭区,禹航路812-816号,4dc9e6b7bf13e3cf7dc8769d,1,0,119.949751,30.275189,,life,http://api.map.baidu.com/place/detail?uid=4dc9e6b7bf13e3cf7dc8769d&output=html&source=placeapi_v2,,09:00-17:00,1,,,,,,,12,2,,,,,,,119.9495506432,30.275246749365,0
0b44fdad0ea9c464cac3db87,菜鸟网络小邮局,生活服务,邮局,浙江省,杭州市,余杭区,浙江省杭州市余杭区仓前镇良睦路999号乐佳国际3号楼菜鸟网络小邮局,,1,0,120.014864,30.286058,,life,http://api.map.baidu.com/place/detail?uid=0b44fdad0ea9c464cac3db87&output=html&source=placeapi_v2,,,,,,,,,,,,,,,,,,,,0
a4be68d1b482a932b320a813,飞猪小邮局,生活服务,邮局,浙江省,杭州市,余杭区,浙江省杭州市余杭区文一西路a区2号楼,a4be68d1b482a932b320a813,1,0,120.01508,30.285477,,life,http://api.map.baidu.com/place/detail?uid=a4be68d1b482a932b320a813&output=html&source=placeapi_v2,,,,,,,,,,,,,,,,,,120.01473479824,30.285350363331,0
d9bad7d16a671b041894c691,村邮邮政服务站,生活服务,邮局,浙江省,杭州市,余杭区,杭州市余杭区华丰路与绿汀路交叉路口往东北约240米,d9bad7d16a671b041894c691,1,0,120.021655,30.261085,,life,http://api.map.baidu.com/place/detail?uid=d9bad7d16a671b041894c691&output=html&source=placeapi_v2,,09:00-19:00,0.0,,,,,,,0,,,,,,,,,,0
28e700f11f631100095cb308,中国邮政(颐景园邮政所),生活服务,邮局,浙江省,杭州市,西湖区,浙江省杭州市西湖区古墩路379号,28e700f11f631100095cb308,1,0,120.106235,30.285151,(0571)89902723,life,http://api.map.baidu.com/place/detail?uid=28e700f11f631100095cb308&output=html&source=placeapi_v2,,09:00-17:00,2.2,,,,,,,23,7,,,,,,,120.10619160111,30.28505399507,0
72aa2513e7562646077ce801,中国邮政(浙大玉泉校区邮政所),生活服务,邮局,浙江省,杭州市,西湖区,浙江省杭州市西湖区玉古路157号,72aa2513e7562646077ce801,1,0,120.133141,30.269032,(0571)87992113,life,http://api.map.baidu.com/place/detail?uid=72aa2513e7562646077ce801&output=html&source=placeapi_v2,,09:00-17:00,0,,,,,,,22,3,,,,,,,120.13314087151,30.269031680888,0
74c933fb6b1c495f9e82ea01,中国邮政(保m路邮政支局),生活服务,邮局,浙江省,杭州市,西湖区,浙江省杭州市西湖区保m路72号2楼,74c933fb6b1c495f9e82ea01,1,0,120.156665,30.270349,(0571)85160439,life,http://api.map.baidu.com/place/detail?uid=74c933fb6b1c495f9e82ea01&output=html&source=placeapi_v2,,09:00-17:30,3.3,,,,,,,18,8,,,,,,,120.15662092376,30.27029546584,0
dc2743ac1cf9d73eb6f42fd0,玉泉邮政部,生活服务,邮局,浙江省,杭州市,西湖区,浙江省杭州市西湖区浙大路38号新桥门玉泉邮政,dc2743ac1cf9d73eb6f42fd0,1,0,120.133515,30.271582,,life,http://api.map.baidu.com/place/detail?uid=dc2743ac1cf9d73eb6f42fd0&output=html&source=placeapi_v2,,09:00-17:00,0.0,,,,,,,8,1,,,,,,,120.13351926474,30.271593002695,0
fa835ce2ece2e3b7e812e401,中国邮政(杭州市邮政局九莲邮政所),生活服务,邮局,浙江省,杭州市,西湖区,浙江省杭州市西湖区文三路356号,fa835ce2ece2e3b7e812e401,1,0,120.139936,30.284536,"(0571)11185,(0571)88078154",life,http://api.map.baidu.com/place/detail?uid=fa835ce2ece2e3b7e812e401&output=html&source=placeapi_v2,,,5,,,,,,,15,2,,,,,,,120.13980605585,30.284528093376,0
6bc0e66a6a57e3955cbe86d0,东山弄社区-邮政服务中心,生活服务,邮局,浙江省,杭州市,西湖区,杭州市西湖区外东山弄32幢1楼,6bc0e66a6a57e3955cbe86d0,1,0,120.134802,30.264017,(0571)87967273,life,http://api.map.baidu.com/place/detail?uid=6bc0e66a6a57e3955cbe86d0&output=html&source=placeapi_v2,,04:00-16:00,,,,,,,,6,,,,,,,,120.13481732912,30.26409213238,0
999ce2dd0aaaf00c2cb96d8b,阿里小邮局,生活服务,邮局,浙江省,杭州市,西湖区,浙江省杭州市西湖区学院路77号黄龙万科中心4号楼2楼,999ce2dd0aaaf00c2cb96d8b,1,0,120.132127,30.279002,,life,http://api.map.baidu.com/place/detail?uid=999ce2dd0aaaf00c2cb96d8b&output=html&source=placeapi_v2,,,,,,,,,,,,,,,,,,,,0
6f29bfdb016c3e28d3ff23ea,邮政小局,生活服务,邮局,浙江省,杭州市,西湖区,浙江省杭州市西湖区翠苑街道万塘路18号黄龙时代广场支付宝大楼,6f29bfdb016c3e28d3ff23ea,1,0,120.131956,30.279054,,life,http://api.map.baidu.com/place/detail?uid=6f29bfdb016c3e28d3ff23ea&output=html&source=placeapi_v2,,,,,,,,,,,,,,,,,,,,0
4227ff65c2e34caaf942b279,中国邮政(凤起路邮政支局),生活服务,邮局,浙江省,杭州市,拱墅区,浙江省杭州市拱墅区凤起路60号附近,,1,0,120.189019,30.270325,"(0571)85181700,(0571)85182944",life,http://api.map.baidu.com/place/detail?uid=4227ff65c2e34caaf942b279&output=html&source=placeapi_v2,,,,,,,,,,2,,,,,,,,120.18902060266,30.270201466765,0
693597e3adfc40e4c61e51b6,邮区中心局,生活服务,邮局,浙江省,杭州市,上城区,浙江省杭州市上城区解放路1号,693597e3adfc40e4c61e51b6,1,0,120.191238,30.254943,,life,http://api.map.baidu.com/place/detail?uid=693597e3adfc40e4c61e51b6&output=html&source=placeapi_v2,,09:30-22:00,,,,,,,,,,,,,,,,120.19126810914,30.255088181982,0
480b24d01a0946f09dec2be3,中国邮政(杭州市宝善桥邮政所),生活服务,邮局,浙江省,杭州市,拱墅区,浙江省杭州市拱墅区体育场路90号,480b24d01a0946f09dec2be3,1,0,120.18747,30.276089,(0571)85194518,life,http://api.map.baidu.com/place/detail?uid=480b24d01a0946f09dec2be3&output=html&source=placeapi_v2,,09:00-17:00,0,,,,,,,13,1,,,,,,,120.18756808666,30.276009840237,0
923ffd002e5f5eb6d82f28e3,中国邮政(杭州市邮政局艮山门支局),生活服务,邮局,浙江省,杭州市,拱墅区,浙江省杭州市拱墅区环城北路78~80号,923ffd002e5f5eb6d82f28e3,1,0,120.187312,30.280861,(0571)85193266,life,http://api.map.baidu.com/place/detail?uid=923ffd002e5f5eb6d82f28e3&output=html&source=placeapi_v2,,09:00-17:00,0,,,,,,,14,1,,,,,,,120.18733097533,30.280705190103,0
c97dad161bc0b6a80b69d96b,中国邮政(杭州邮政局武林广场支局),生活服务,邮局,浙江省,杭州市,拱墅区,浙江省杭州市拱墅区体育场路354号,c97dad161bc0b6a80b69d96b,1,0,120.171541,30.276308,(0571)85109494,life,http://api.map.baidu.com/place/detail?uid=c97dad161bc0b6a80b69d96b&output=html&source=placeapi_v2,,09:00-17:00,2.3,,,,,,,6,7,,,,,,,120.17142965268,30.276012196646,0
a12baa40b1270957e856fa34,中国邮政(凯旋路支局),生活服务,邮局,浙江省,杭州市,上城区,浙江省杭州市上城区凯旋路73号25幢,a12baa40b1270957e856fa34,1,0,120.196068,30.257282,(0571)86518890,life,http://api.map.baidu.com/place/detail?uid=a12baa40b1270957e856fa34&output=html&source=placeapi_v2,,09:00-17:00,0,,,,,,,20,1,,,,,,,120.19614152074,30.257295282698,0
5e63b47690d060003a13fd79,凤起路邮局,生活服务,邮局,浙江省,杭州市,上城区,浙江省杭州市上城区解放路1号f座,5e63b47690d060003a13fd79,1,0,120.191013,30.254861,,life,http://api.map.baidu.com/place/detail?uid=5e63b47690d060003a13fd79&output=html&source=placeapi_v2,,,,,,,,,,,,,,,,,,,,0
6c8df8f703224c5c14b54b0c,中国邮政(邮口福便民服务站),生活服务,邮局,浙江省,杭州市,拱墅区,浙江省杭州市拱墅区仙林桥直街40号,,1,0,120.176118,30.266241,,life,http://api.map.baidu.com/place/detail?uid=6c8df8f703224c5c14b54b0c&output=html&source=placeapi_v2,,,,,,,,,,,,,,,,,,,,0
a976530a9278f892f4eafc1e,中国邮政(钱江四苑邮政支局),生活服务,邮局,浙江省,杭州市,上城区,浙江省杭州市上城区钱环路68号钱江四苑东区11幢,,1,0,120.221329,30.265245,(0571)86415516,life,http://api.map.baidu.com/place/detail?uid=a976530a9278f892f4eafc1e&output=html&source=placeapi_v2,,,5,,,,,,,19,1,,,,,,,120.22140877674,30.265154863526,0
0a15c7ec0287bffded74f834,中国邮政(杭州市邮政局新塘路邮政所),生活服务,邮局,浙江省,杭州市,上城区,浙江省杭州市上城区新塘路218号,0a15c7ec0287bffded74f834,1,0,120.214406,30.27509,"(0571)86981856,(0571)87706835",life,http://api.map.baidu.com/place/detail?uid=0a15c7ec0287bffded74f834&output=html&source=placeapi_v2,,09:00-17:00,5,,,,,,,25,4,,,,,,,120.21429259743,30.275145586765,0
42e49fbd581ee4981ff74daf,中国邮政(江锦路邮政支局),生活服务,邮局,浙江省,杭州市,上城区,浙江省杭州市上城区江锦路172号和谐嘉园东苑3幢1单元301,42e49fbd581ee4981ff74daf,1,0,120.216897,30.259562,(0571)86412932,life,http://api.map.baidu.com/place/detail?uid=42e49fbd581ee4981ff74daf&output=html&source=placeapi_v2,,09:00-17:00,5,,,,,,,19,1,,,,,,,120.21680743605,30.259603543474,0
5bbb7c83c00ecff5b5f42f27,横路邮政代办所,生活服务,邮局,浙江省,杭州市,临安区,杭州市临安区寨横线横路中心幼儿园东南侧约80米,5bbb7c83c00ecff5b5f42f27,1,0,119.324414,30.316255,15381056878,life,http://api.map.baidu.com/place/detail?uid=5bbb7c83c00ecff5b5f42f27&output=html&source=placeapi_v2,,,,,,,,,,,,,,,,,,,,0
98d9bbbce96798f7b5f42fa8,中国邮政浙江村邮邮政服务站(大老线),生活服务,邮局,浙江省,杭州市,临安区,杭州市临安区大老线,98d9bbbce96798f7b5f42fa8,1,0,119.433053,30.31859,,life,http://api.map.baidu.com/place/detail?uid=98d9bbbce96798f7b5f42fa8&output=html&source=placeapi_v2,,,,,,,,,,1,,,,,,,,,,0
89db3cc5602cf2e6fda77816,中国邮政(杨岭邮政所),生活服务,邮局,浙江省,杭州市,临安区,太湖源镇杨桥头51号杨岭百货商场,89db3cc5602cf2e6fda77816,1,0,119.626333,30.308373,(0571)61109798,life,http://api.map.baidu.com/place/detail?uid=89db3cc5602cf2e6fda77816&output=html&source=placeapi_v2,,08:00-16:30,3,,,,,,,1,1,,,,,,,,,0
6683d34e9636b28b81288a6b,文一社区邮政服务站,生活服务,邮局,浙江省,杭州市,余杭区,杭州市余杭区荆长路浙江海创园人才公寓(一期),6683d34e9636b28b81288a6b,1,0,120.047731,30.29547,,life,http://api.map.baidu.com/place/detail?uid=6683d34e9636b28b81288a6b&output=html&source=placeapi_v2,,,,,,,,,,7,,,,,,,,120.04776018375,30.295573240156,0
6acfca977962fd6c364aae4c,白沙邮局,生活服务,邮局,浙江省,杭州市,西湖区,浙江省杭州市西湖区余杭塘路866号,6acfca977962fd6c364aae4c,1,0,120.093019,30.314657,,life,http://api.map.baidu.com/place/detail?uid=6acfca977962fd6c364aae4c&output=html&source=placeapi_v2,,08:30-16:30,,,,,,,,,,,,,,,,,,0
669775d053823d5afd0eb008,中国邮政(浙大紫金港邮政代办所),生活服务,邮局,浙江省,杭州市,西湖区,浙江省杭州市西湖区余杭塘路866号,669775d053823d5afd0eb008,1,0,120.09291,30.314738,(0571)88208820,life,http://api.map.baidu.com/place/detail?uid=669775d053823d5afd0eb008&output=html&source=placeapi_v2,,09:00-17:00,2.3,,,,,,,13,4,,,,,,,120.09299873425,30.314827066463,0
46d43e653897efbfa1a934bb,中国邮政(文一西路),生活服务,邮局,浙江省,杭州市,西湖区,浙江省杭州市西湖区文一西路178号,46d43e653897efbfa1a934bb,1,0,120.108101,30.293054,(0571)88837787,life,http://api.map.baidu.com/place/detail?uid=46d43e653897efbfa1a934bb&output=html&source=placeapi_v2,,09:00-17:00,,,,,,,,19,,,,,,,,120.10811329039,30.292889606026,0
c05c17322ff5532f46e27407,邮政E站,生活服务,邮局,浙江省,杭州市,西湖区,杭州市西湖区文一西路骆家庄西苑-一区,c05c17322ff5532f46e27407,1,0,120.101054,30.291674,15381108523,life,http://api.map.baidu.com/place/detail?uid=c05c17322ff5532f46e27407&output=html&source=placeapi_v2,,09:30-21:00,,,,,,,,7,,,,,,,,120.10105300883,30.291614782941,0
6ae62be904bf98c387154111,中国邮政(观音桥投递组),生活服务,邮局,浙江省,杭州市,拱墅区,浙江省杭州市拱墅区湖墅北路76号,6ae62be904bf98c387154111,1,0,120.148402,30.307299,,life,http://api.map.baidu.com/place/detail?uid=6ae62be904bf98c387154111&output=html&source=placeapi_v2,,09:00-17:00,,,,,,,,6,,,,,,,,120.14849871663,30.307353449896,0
06d2dffd409591f788f15dc9,中国邮政(观音桥邮政支局),生活服务,邮局,浙江省,杭州市,拱墅区,浙江省杭州市拱墅区莫干山路340号,06d2dffd409591f788f15dc9,1,0,120.146776,30.302267,(0571)88845422,life,http://api.map.baidu.com/place/detail?uid=06d2dffd409591f788f15dc9&output=html&source=placeapi_v2,,09:00-17:00,1,,,,,,,20,5,,,,,,,120.14661229819,30.302198999586,0
733a67ef76e459cef7b916f9,中国邮政(和睦桥支局),生活服务,邮局,浙江省,杭州市,拱墅区,赵伍路21号,733a67ef76e459cef7b916f9,1,0,120.134928,30.314607,(0571)88098697,life,http://api.map.baidu.com/place/detail?uid=733a67ef76e459cef7b916f9&output=html&source=placeapi_v2,,09:00-17:00,0,,,,,,,10,2,,,,,,,120.13479711062,30.314506177644,0
53349ee39b6f136f220262c9,中国邮政(湖墅邮政支局),生活服务,邮局,浙江省,杭州市,拱墅区,浙江省杭州市拱墅区湖墅南路435号,53349ee39b6f136f220262c9,1,0,120.154458,30.297821,"(0571)88385762,(0571)88385763",life,http://api.map.baidu.com/place/detail?uid=53349ee39b6f136f220262c9&output=html&source=placeapi_v2,,09:00-17:30,0,,,,,,,29,2,,,,,,,120.15456688353,30.297851463046,0
5ce2637d78950050ae31e501,中国邮政(杭州市翠苑邮政所),生活服务,邮局,浙江省,杭州市,西湖区,浙江省杭州市西湖区文一路266号,5ce2637d78950050ae31e501,1,0,120.133572,30.29442,(0571)88082271,life,http://api.map.baidu.com/place/detail?uid=5ce2637d78950050ae31e501&output=html&source=placeapi_v2,,09:00-17:00,3.2,,,,,,,21,8,,,,,,,120.13357471534,30.294366163611,0
f9018dd927e5178c2cb17e1e,运河少年邮局,生活服务,邮局,浙江省,杭州市,拱墅区,浙江省杭州市拱墅区金华路51号京杭大运河博物馆出口处,f9018dd927e5178c2cb17e1e,1,0,120.148515,30.323834,,life,http://api.map.baidu.com/place/detail?uid=f9018dd927e5178c2cb17e1e&output=html&source=placeapi_v2,,08:30-21:00,0.0,,,,,,,1,,,,,,,,,,0
dfab9edeff7d58d33a04b1a1,杭州市报m北路邮政代办所(原伟星大厦邮政代办所),生活服务,邮局,浙江省,杭州市,西湖区,浙江省杭州市西湖区保m北路86号,dfab9edeff7d58d33a04b1a1,1,0,120.147719,30.291347,(0571)88848265,life,http://api.map.baidu.com/place/detail?uid=dfab9edeff7d58d33a04b1a1&output=html&source=placeapi_v2,,,,,,,,,,,,,,,,,,120.14795438301,30.291338966424,0
85dd3a3fc07d1bd5c909f00d,运河非遗主题邮局,生活服务,邮局,浙江省,杭州市,拱墅区,杭州市拱墅区桥西直街17号,85dd3a3fc07d1bd5c909f00d,1,0,120.145221,30.323564,,life,http://api.map.baidu.com/place/detail?uid=85dd3a3fc07d1bd5c909f00d&output=html&source=placeapi_v2,,08:30-17:30,,,,,,,,,,,,,,,,,,0
5ffb18165934885e6e4760e0,中国邮政(杭氧邮政所),生活服务,邮局,浙江省,杭州市,拱墅区,浙江省杭州市拱墅区德胜路10号,5ffb18165934885e6e4760e0,1,0,120.181362,30.30683,(0571)88319812,life,http://api.map.baidu.com/place/detail?uid=5ffb18165934885e6e4760e0&output=html&source=placeapi_v2,,09:00-17:00,1,,,,,,,18,2,,,,,,,120.18137924499,30.306759462358,0
251374c9b674d841a11de90c,中国邮政(东新园邮政所),生活服务,邮局,浙江省,杭州市,拱墅区,浙江杭州市拱墅区香积寺东路151~153号,251374c9b674d841a11de90c,1,0,120.188553,30.314124,(0571)11185,life,http://api.map.baidu.com/place/detail?uid=251374c9b674d841a11de90c&output=html&source=placeapi_v2,,09:00-17:00,0,,,,,,,17,1,,,,,,,120.18854749748,30.314007710688,0
7bd262b4e7a627f449fc8db9,德胜路邮局,生活服务,邮局,浙江省,杭州市,拱墅区,浙江省杭州市拱墅区德胜路10号,7bd262b4e7a627f449fc8db9,1,0,120.181337,30.306904,,life,http://api.map.baidu.com/place/detail?uid=7bd262b4e7a627f449fc8db9&output=html&source=placeapi_v2,,,,,,,,,,,,,,,,,,,,0
a5302c06bf19cfa1a2d23025,中国邮政(绍兴路),生活服务,邮局,浙江省,杭州市,拱墅区,浙江省杭州市拱墅区绍兴路279号现代雅苑21幢,a5302c06bf19cfa1a2d23025,1,0,120.177236,30.300553,(0571)85864179,life,http://api.map.baidu.com/place/detail?uid=a5302c06bf19cfa1a2d23025&output=html&source=placeapi_v2,,,,,,,,,,8,,,,,,,,120.17714646087,30.300650483302,0
8eb48fa1e76f03a7f32d8334,中国邮政(三里亭邮政所),生活服务,邮局,浙江省,杭州市,上城区,浙江省杭州市上城区三里亭路28号2楼,8eb48fa1e76f03a7f32d8334,1,0,120.197595,30.299197,,life,http://api.map.baidu.com/place/detail?uid=8eb48fa1e76f03a7f32d8334&output=html&source=placeapi_v2,,08:30-17:00,2.3,,,,,,,21,6,,,,,,,120.19759492066,30.299196590601,0
7e9fd66fd31b63bcf7eafc06,中国邮政集团公司杭州市分公司(天城路),生活服务,邮局,浙江省,杭州市,上城区,浙江省杭州市上城区花园兜街221号,7e9fd66fd31b63bcf7eafc06,1,0,120.219508,30.301601,,life,http://api.map.baidu.com/place/detail?uid=7e9fd66fd31b63bcf7eafc06&output=html&source=placeapi_v2,,,5.0,,,,,,,,,,,,,,,120.22024434664,30.301370156108,0
8fa14fc3b1b61b6ff7eafc34,中国邮政(笕桥支局),生活服务,邮局,浙江省,杭州市,上城区,浙江省杭州市上城区机场路240号,8fa14fc3b1b61b6ff7eafc34,1,0,120.227165,30.322827,(0571)85141131,life,http://api.map.baidu.com/place/detail?uid=8fa14fc3b1b61b6ff7eafc34&output=html&source=placeapi_v2,,09:00-17:00,1,,,,,,,13,5,,,,,,,120.22688034438,30.322913870593,0
e01220064a1db72743e19218,九堡投递组,生活服务,邮局,浙江省,杭州市,上城区,浙江省杭州市上城区商贸路12号,e01220064a1db72743e19218,1,0,120.274239,30.320795,,life,http://api.map.baidu.com/place/detail?uid=e01220064a1db72743e19218&output=html&source=placeapi_v2,,,5.0,,,,,,,3,1,,,,,,,120.27416685513,30.320669174565,0
6113ef7776bdae158e772732,中国邮政(九堡邮政所),生活服务,邮局,浙江省,杭州市,上城区,浙江省杭州市上城区商贸路12号,6113ef7776bdae158e772732,1,0,120.274371,30.320798,(0571)86903449,life,http://api.map.baidu.com/place/detail?uid=6113ef7776bdae158e772732&output=html&source=placeapi_v2,,09:00-17:00,1,,,,,,,10,4,,,,,,,120.27439929494,30.320703670847,0
a9eacafa6fc076fdf82d6168,杭州邮政九堡电商经营部,生活服务,邮局,浙江省,杭州市,钱塘区,浙江省杭州市钱塘区金沙大道1800号银沙市场东区1楼200号,a9eacafa6fc076fdf82d6168,1,0,120.312017,30.319307,,life,http://api.map.baidu.com/place/detail?uid=a9eacafa6fc076fdf82d6168&output=html&source=placeapi_v2,,,,,,,,,,12,,,,,,,,120.31214142431,30.319328028368,0
