uid,name,cat_L1,cat_L2,province,city,area,address,street_id,detail,child_num,loc_lng,loc_lat,telephone,type,detail_url,price,shop_hours,overall_rating,taste_rating,service_rating,environment_rating,facility_rating,hygiene_rating,technology_rating,image_num,comment_num,groupon_num,discount_num,favorite_num,checkin_num,brand,content_tag,naviloc_lng,naviloc_lat,child_num
e22d69129ef0857a250bd037,科立图文(新安东路店),生活服务,图文快印店,浙江省,杭州市,建德市,浙江省杭州市建德市新安东路551号,e22d69129ef0857a250bd037,1,0,119.304003,29.49349,"(0571)64715117,13506812158",life,http://api.map.baidu.com/place/detail?uid=e22d69129ef0857a250bd037&output=html&source=placeapi_v2,,08:00-19:30,,,,,,,,8,,,,,,,,,,0
e6d3184874d0f4cb4f3a5960,康乐刻字店,生活服务,图文快印店,浙江省,杭州市,建德市,杭州市建德市玉女山路江和城东北侧约40米,,1,0,119.322614,29.507921,,life,http://api.map.baidu.com/place/detail?uid=e6d3184874d0f4cb4f3a5960&output=html&source=placeapi_v2,,,,,,,,,,3,,,,,,,,,,0
0514b27883bc7a3dd81318c3,诚诺图文,生活服务,图文快印店,浙江省,杭州市,桐庐县,浙江省杭州市桐庐县白云源路848号,0514b27883bc7a3dd81318c3,1,0,119.701969,29.797983,(0571)69900593,life,http://api.map.baidu.com/place/detail?uid=0514b27883bc7a3dd81318c3&output=html&source=placeapi_v2,,08:00-19:00,0,,,,,,,12,1,,,,,,,119.70194998322,29.79787736453,0
11e0021ace06f8f2734b878e,文源图文,生活服务,图文快印店,浙江省,杭州市,桐庐县,浙江省杭州市桐庐县瑶琳路985-1号,11e0021ace06f8f2734b878e,1,0,119.689792,29.795635,13357164333,life,http://api.map.baidu.com/place/detail?uid=11e0021ace06f8f2734b878e&output=html&source=placeapi_v2,,,0.0,,,,,,,13,,,,,,,,119.68978651415,29.795772722406,0
319d742370795aa34e2fdf60,锐力文印,生活服务,图文快印店,浙江省,杭州市,桐庐县,浙江省杭州市桐庐县三合路15号,319d742370795aa34e2fdf60,1,0,119.693473,29.801361,13968008315,life,http://api.map.baidu.com/place/detail?uid=319d742370795aa34e2fdf60&output=html&source=placeapi_v2,,08:00-17:30,1,,,,,,,9,4,,,,,,,119.69338814841,29.801417445302,0
f940061c77518f070c0e6bd0,蓝景图文,生活服务,图文快印店,浙江省,杭州市,桐庐县,浙江省杭州市桐庐县广场路2-11号,f940061c77518f070c0e6bd0,1,0,119.687812,29.81524,,life,http://api.map.baidu.com/place/detail?uid=f940061c77518f070c0e6bd0&output=html&source=placeapi_v2,,08:30-21:00,,,,,,,,12,,,,,,,,119.68792641678,29.815134860433,0
a019b2b8737de9d34e5547da,建业图文(石马路店),生活服务,图文快印店,浙江省,杭州市,桐庐县,浙江省杭州市桐庐县石马路528号,a019b2b8737de9d34e5547da,1,0,119.711368,29.805258,(0571)58568779,life,http://api.map.baidu.com/place/detail?uid=a019b2b8737de9d34e5547da&output=html&source=placeapi_v2,,08:00-17:00,0.0,,,,,,,8,1,,,,,,,119.71151841094,29.805359913202,0
52777e678cace270c9c3db74,图文花苑广告印刷,生活服务,图文快印店,浙江省,杭州市,桐庐县,浙江省杭州市桐庐县桐君路60号,52777e678cace270c9c3db74,1,0,119.686129,29.81302,18368024507,life,http://api.map.baidu.com/place/detail?uid=52777e678cace270c9c3db74&output=html&source=placeapi_v2,,07:00-19:30,,,,,,,,10,,,,,,,,119.68627399996,29.813025979333,0
044a7c1a6b9ee5ab1d1d115f,森福刻字店,生活服务,图文快印店,浙江省,杭州市,桐庐县,浙江省杭州市桐庐县东门路108号,044a7c1a6b9ee5ab1d1d115f,1,0,119.447553,29.937322,,life,http://api.map.baidu.com/place/detail?uid=044a7c1a6b9ee5ab1d1d115f&output=html&source=placeapi_v2,,08:00-20:00,,,,,,,,2,,,,,,,,,,0
53f19c8337a023e4861541bf,场口颜氏复印店,生活服务,图文快印店,浙江省,杭州市,富阳区,浙江省杭州市富阳区香鱼街24号,53f19c8337a023e4861541bf,1,0,119.883319,29.913066,13738116015,life,http://api.map.baidu.com/place/detail?uid=53f19c8337a023e4861541bf&output=html&source=placeapi_v2,,,4.5,,,,,,,1,9,,,,,,,119.88334055716,29.91299966077,0
23a844083c206281d22dd6db,楼塔姐妹图文,生活服务,图文快印店,浙江省,杭州市,萧山区,浙江省杭州市萧山区洲口路17-19号,23a844083c206281d22dd6db,1,0,120.140675,29.914259,(0571)82223569,life,http://api.map.baidu.com/place/detail?uid=23a844083c206281d22dd6db&output=html&source=placeapi_v2,,,0.0,,,,,,,3,0,,,,,,,120.14072756219,29.914107144121,0
9666e836d7e555c0354aaead,长城文印(翠苑路店),生活服务,图文快印店,浙江省,杭州市,富阳区,浙江省杭州市富阳区登城南路31号,9666e836d7e555c0354aaead,1,0,119.744162,29.96993,,life,http://api.map.baidu.com/place/detail?uid=9666e836d7e555c0354aaead&output=html&source=placeapi_v2,,,,,,,,,,5,,,,,,,,119.74429430329,29.969980352229,0
6d8e8df043c4ec8980a00c4e,金开图文(文昌路店),生活服务,图文快印店,浙江省,杭州市,富阳区,浙江省杭州市富阳区文昌路189号,6d8e8df043c4ec8980a00c4e,1,0,119.941381,30.061189,13362167078,life,http://api.map.baidu.com/place/detail?uid=6d8e8df043c4ec8980a00c4e&output=html&source=placeapi_v2,,08:30-20:00,0.0,,,,,,,20,,,,,,,,119.9413402,30.061265058037,0
3e65059f2eb31b637adbd29c,时代图文(外贸大厦店),生活服务,图文快印店,浙江省,杭州市,富阳区,浙江省杭州市富阳区桂花路17号外贸大厦10楼,3e65059f2eb31b637adbd29c,1,0,119.967943,30.054539,,life,http://api.map.baidu.com/place/detail?uid=3e65059f2eb31b637adbd29c&output=html&source=placeapi_v2,,,0,,,,,,,,0,,,,,,,,,0
76028f824a83d2416cc02c73,君尚图文(东兴路店),生活服务,图文快印店,浙江省,杭州市,富阳区,浙江省杭州市富阳区东兴路128号,76028f824a83d2416cc02c73,1,0,119.956794,30.072979,15068770778,life,http://api.map.baidu.com/place/detail?uid=76028f824a83d2416cc02c73&output=html&source=placeapi_v2,,,,,,,,,,12,,,,,,,,119.95663085187,30.072867369908,0
aa86ddbfbd1ddfc26f3e1b12,文兴图文(苋浦西路店),生活服务,图文快印店,浙江省,杭州市,富阳区,浙江省杭州市富阳区苋浦西路19号,aa86ddbfbd1ddfc26f3e1b12,1,0,119.956735,30.056705,"(0571)61706981,15990057923",life,http://api.map.baidu.com/place/detail?uid=aa86ddbfbd1ddfc26f3e1b12&output=html&source=placeapi_v2,,08:00-21:00,0,,,,,,,18,2,,,,,,,119.95665491516,30.056780424956,0
8626551e9d74910b6949f311,新旺图文(恩波大道店),生活服务,图文快印店,浙江省,杭州市,富阳区,杭州市富阳区恩波大道与站南弄交叉路口(新车站旅馆),8626551e9d74910b6949f311,1,0,119.958365,30.063747,"(0571)61708076,15382325039",life,http://api.map.baidu.com/place/detail?uid=8626551e9d74910b6949f311&output=html&source=placeapi_v2,,08:00-21:30,,,,,,,,16,,,,,,,,119.95859532205,30.063810068921,0
8bbd60c53ff8a399f942b269,桂霞图文(新兴路店),生活服务,图文快印店,浙江省,杭州市,富阳区,浙江省杭州市富阳区桂花西路58-9号,8bbd60c53ff8a399f942b269,1,0,119.955178,30.05417,13868178199,life,http://api.map.baidu.com/place/detail?uid=8bbd60c53ff8a399f942b269&output=html&source=placeapi_v2,,08:00-20:00,0,,,,,,,22,2,,,,,,,119.955222219,30.054019305474,0
22d2e69c1af6f05900ff2da3,柯达(北门路店),生活服务,图文快印店,浙江省,杭州市,富阳区,杭州市富阳区北门路富阳区富春第三小学西南侧约100米,22d2e69c1af6f05900ff2da3,1,0,119.964098,30.056886,,life,http://api.map.baidu.com/place/detail?uid=22d2e69c1af6f05900ff2da3&output=html&source=placeapi_v2,,09:00-20:00,,,,,,,,3,,,,,,,,,,0
5172e12b8b49f92d09b93a62,洪英复印店,生活服务,图文快印店,浙江省,杭州市,富阳区,杭州市富阳区三号路东洲钱塘家园东北侧约220米,,1,0,120.066721,30.089573,,life,http://api.map.baidu.com/place/detail?uid=5172e12b8b49f92d09b93a62&output=html&source=placeapi_v2,,,,,,,,,,1,,,,,,,,120.06661784322,30.08949941853,0
8d871a01443ea07481288a4a,恒晟图文(云栖小镇店),生活服务,图文快印店,浙江省,杭州市,西湖区,浙江省杭州市西湖区转塘街道云栖小镇山景路六合金座116号,8d871a01443ea07481288a4a,1,0,120.091526,30.139571,(0571)85122018,life,http://api.map.baidu.com/place/detail?uid=8d871a01443ea07481288a4a&output=html&source=placeapi_v2,,10:00-17:00,,,,,,,,4,,,,,,,,120.09134535984,30.139511593624,0
90535c0c22be1155c8213de1,喻杰图文,生活服务,图文快印店,浙江省,杭州市,西湖区,浙江省杭州市西湖区袁浦街55号,90535c0c22be1155c8213de1,1,0,120.133276,30.123629,"(0571)87042923,15394208180",life,http://api.map.baidu.com/place/detail?uid=90535c0c22be1155c8213de1&output=html&source=placeapi_v2,,07:30-19:30,0,,,,,,,11,1,,,,,,,120.13318955967,30.123585944011,0
5f294a48ee87f3e395f08cd1,晨旭图文(闻兴路店),生活服务,图文快印店,浙江省,杭州市,萧山区,浙江省杭州市萧山区闻兴路414号,5f294a48ee87f3e395f08cd1,1,0,120.184713,30.133531,18958156099,life,http://api.map.baidu.com/place/detail?uid=5f294a48ee87f3e395f08cd1&output=html&source=placeapi_v2,,,1.4,,,,,,,18,10,,,,,,,120.18466382812,30.133661460235,0
79d352132681974ebd484220,风云图文(万达中路店),生活服务,图文快印店,浙江省,杭州市,萧山区,浙江省杭州市钱塘区万达中路106号,,1,0,120.177029,30.135887,"15397110891,15397110892",life,http://api.map.baidu.com/place/detail?uid=79d352132681974ebd484220&output=html&source=placeapi_v2,,08:30-21:00,0,,,,,,,17,2,,,,,,,120.17714498854,30.135942132086,0
58bad8ffb80663b32fb96d75,图文快印(东方海岸小区店),生活服务,图文快印店,浙江省,杭州市,萧山区,浙江省杭州市萧山区三江路88号东方海岸商铺二楼,,1,0,120.181803,30.128865,,life,http://api.map.baidu.com/place/detail?uid=58bad8ffb80663b32fb96d75&output=html&source=placeapi_v2,,,,,,,,,,4,2,,,,,,,,,0
c01fca41612423f0cd04ef58,远景图文(转塘路店),生活服务,图文快印店,浙江省,杭州市,西湖区,浙江省杭州市西湖区美院南路89号2号楼1楼,c01fca41612423f0cd04ef58,1,0,120.085584,30.155745,13989880620,life,http://api.map.baidu.com/place/detail?uid=c01fca41612423f0cd04ef58&output=html&source=placeapi_v2,,08:00-21:00,1,,,,,,,9,2,,,,,,,120.08567822077,30.155590558543,0
bdc40124e8a0d411bea24088,石碑刻字店,生活服务,图文快印店,浙江省,杭州市,西湖区,杭州市西湖区转塘直街情缘精品酒店(杭州宋城美院店)东侧,bdc40124e8a0d411bea24088,1,0,120.086939,30.16477,13858127093,life,http://api.map.baidu.com/place/detail?uid=bdc40124e8a0d411bea24088&output=html&source=placeapi_v2,,,,,,,,,,6,,,,,,,,120.08678507419,30.164700769896,0
4421c1fee714187ef5e73bc8,恒美图文(美院山南店),生活服务,图文快印店,浙江省,杭州市,西湖区,浙江省杭州市西湖区美院南路99号龙心田城大厦3号楼101室,,1,0,120.083232,30.156837,13372532998,life,http://api.map.baidu.com/place/detail?uid=4421c1fee714187ef5e73bc8&output=html&source=placeapi_v2,,08:30-20:30,,,,,,,,2,,,,,,,,,,0
e21982a20e24e9c030169b8b,风云图文(浦沿路店),生活服务,图文快印店,浙江省,杭州市,滨江区,浙江省杭州市滨江区浦沿路积家小区5-112商铺,e21982a20e24e9c030169b8b,1,0,120.152688,30.180364,15355048802,life,http://api.map.baidu.com/place/detail?uid=e21982a20e24e9c030169b8b&output=html&source=placeapi_v2,,08:30-21:30,1,,,,,,,4,2,,,,,,,120.15267410172,30.180408965867,0
472c10c08dbedf5f705e8051,恒晟图文(东信店),生活服务,图文快印店,浙江省,杭州市,滨江区,浙江省杭州市滨江区东信大道66号3期5号楼1层,472c10c08dbedf5f705e8051,1,0,120.149518,30.183003,"(0571)56606059,15669905720",life,http://api.map.baidu.com/place/detail?uid=472c10c08dbedf5f705e8051&output=html&source=placeapi_v2,,,5,,,,,,,8,2,,,,,,,120.14951987333,30.183100190103,0
6e4f0efcea2f6297da131859,腾俊广告,生活服务,图文快印店,浙江省,杭州市,滨江区,杭州市滨江区银爵世纪公寓商铺15号,,1,0,120.152817,30.176666,"15058127030,15068785089",life,http://api.map.baidu.com/place/detail?uid=6e4f0efcea2f6297da131859&output=html&source=placeapi_v2,,09:00-21:00,,,,,,,,17,,,,,,,,120.15276638195,30.176854410316,0
38739ee19b6248c3c056ac81,印彩图文(浦沿店),生活服务,图文快印店,浙江省,杭州市,滨江区,浙江省杭州市滨江区东冠路东冠公寓7幢103号,38739ee19b6248c3c056ac81,1,0,120.168598,30.171665,,life,http://api.map.baidu.com/place/detail?uid=38739ee19b6248c3c056ac81&output=html&source=placeapi_v2,,,,,,,,,,14,,,,,,,,120.16855615751,30.171761658325,0
6c5cebb295a49a35eee4a521,杭州思妍图文店,生活服务,图文快印店,浙江省,杭州市,滨江区,浙江省杭州市滨江区滨文路12号2幢1楼,6c5cebb295a49a35eee4a521,1,0,120.227498,30.179188,18058742206,life,http://api.map.baidu.com/place/detail?uid=6c5cebb295a49a35eee4a521&output=html&source=placeapi_v2,,09:00-19:30,5,,,,,,,16,1,,,,,,,120.22749851846,30.17914210686,0
f26fdcc5b75193fdc909f011,臻彩图文广告(湘湖店),生活服务,图文快印店,浙江省,杭州市,萧山区,浙江省杭州市萧山区城厢街道金湖艺境城9-6商铺,f26fdcc5b75193fdc909f011,1,0,120.237336,30.174886,18967163598,life,http://api.map.baidu.com/place/detail?uid=f26fdcc5b75193fdc909f011&output=html&source=placeapi_v2,,08:30-22:00,0,,,,,,,12,1,,,,,,,120.23695700535,30.174797681659,0
b00059e98a2a51208936ee85,觅彩图文广告(保和中心店),生活服务,图文快印店,浙江省,杭州市,滨江区,浙江省杭州市滨江区江陵南路312号保和创业中心a座1楼104室,b00059e98a2a51208936ee85,1,0,120.226103,30.177321,17328855698,life,http://api.map.baidu.com/place/detail?uid=b00059e98a2a51208936ee85&output=html&source=placeapi_v2,,00:00-23:00,5,,,,,,,10,2,,,,,,,120.2262192344,30.176977561874,0
421de26f5c783ebbb75f1e4e,轩雨图文(万伦店),生活服务,图文快印店,浙江省,杭州市,萧山区,杭州市萧山区西陵路万科金辰之光,,1,0,120.228708,30.18354,"(0571)86735996,13388601213",life,http://api.map.baidu.com/place/detail?uid=421de26f5c783ebbb75f1e4e&output=html&source=placeapi_v2,,09:00-21:30,,,,,,,,4,1,,,,,,,,,0
7febe25bfece9f21a80dd85c,蓝鸟图文,生活服务,图文快印店,浙江省,杭州市,萧山区,浙江省杭州市萧山区人民路183号,7febe25bfece9f21a80dd85c,1,0,120.277129,30.165983,"(0571)82638265,13336020045",life,http://api.map.baidu.com/place/detail?uid=7febe25bfece9f21a80dd85c&output=html&source=placeapi_v2,,08:00-18:00,3.0,,,,,,,19,2,,,,,,,120.27713753795,30.165866696597,0
73ba86e3e8389702f9dc8592,速印达数码图文快印,生活服务,图文快印店,浙江省,杭州市,萧山区,浙江省杭州市萧山区通惠南路282号,73ba86e3e8389702f9dc8592,1,0,120.291925,30.160722,"(0571)82230062,18058172410",life,http://api.map.baidu.com/place/detail?uid=73ba86e3e8389702f9dc8592&output=html&source=placeapi_v2,,08:00-20:00,0,,,,,,,30,2,,,,,,,120.29213580946,30.160808003199,0
e3fb54a17815c6438f55ecbb,建华打印店,生活服务,图文快印店,浙江省,杭州市,萧山区,浙江省杭州市萧山区百尺韭12号,e3fb54a17815c6438f55ecbb,1,0,120.27821,30.165465,(0571)82067216,life,http://api.map.baidu.com/place/detail?uid=e3fb54a17815c6438f55ecbb&output=html&source=placeapi_v2,,12:00-17:00,0.0,,,,,,,21,2,,,,,,,120.27826248148,30.165429586193,0
906ea7359fb5f30f82288aa4,柯达(人民路店),生活服务,图文快印店,浙江省,杭州市,萧山区,浙江省杭州市萧山区人民路382-1号,906ea7359fb5f30f82288aa4,1,0,120.277089,30.165976,(0571)82631547,life,http://api.map.baidu.com/place/detail?uid=906ea7359fb5f30f82288aa4&output=html&source=placeapi_v2,,08:00-20:30,1,,,,,,,14,2,,,,,,,120.27702994972,30.16586759578,0
6df965fc8b52df732eb17ee3,永全图文(山阴路店),生活服务,图文快印店,浙江省,杭州市,萧山区,浙江省杭州市萧山区山阴路349号,6df965fc8b52df732eb17ee3,1,0,120.277018,30.182897,(0571)22818288,life,http://api.map.baidu.com/place/detail?uid=6df965fc8b52df732eb17ee3&output=html&source=placeapi_v2,,10:00-22:00,,,,,,,,21,7,,,,,,,,,0
d22d3cded824e722882fb590,卓诚图文,生活服务,图文快印店,浙江省,杭州市,萧山区,浙江省杭州市萧山区高桥路高桥住宅区38幢,d22d3cded824e722882fb590,1,0,120.278598,30.159491,(0571)82651974,life,http://api.map.baidu.com/place/detail?uid=d22d3cded824e722882fb590&output=html&source=placeapi_v2,,08:30-20:30,2,,,,,,,23,3,,,,,,,120.27872338497,30.159522704996,0
1b79de9df57c7fd6abf0cd9b,新派图文(崇化路店),生活服务,图文快印店,浙江省,杭州市,萧山区,浙江省杭州市钱塘区崇化路25号,1b79de9df57c7fd6abf0cd9b,1,0,120.265279,30.165252,"(0571)82685171,(0571)83039357",life,http://api.map.baidu.com/place/detail?uid=1b79de9df57c7fd6abf0cd9b&output=html&source=placeapi_v2,,08:00-20:30,,,,,,,,20,,,,,,,,120.2650057954,30.165263010811,0
05aab754bca048fb471a322f,钱江广告图文(育才路旗舰店),生活服务,图文快印店,浙江省,杭州市,萧山区,浙江省杭州市萧山区育才路387-389号,05aab754bca048fb471a322f,1,0,120.285786,30.16768,(0571)82627110,life,http://api.map.baidu.com/place/detail?uid=05aab754bca048fb471a322f&output=html&source=placeapi_v2,,08:00-20:00,0,,,,,,,22,2,,,,,,,120.28590893433,30.167686416511,0
78bd50f7cbfbb22531870a22,清亮图文(市心中路店),生活服务,图文快印店,浙江省,杭州市,萧山区,浙江省杭州市萧山区市心中路759-3号,78bd50f7cbfbb22531870a22,1,0,120.272436,30.184996,(0571)82766622,life,http://api.map.baidu.com/place/detail?uid=78bd50f7cbfbb22531870a22&output=html&source=placeapi_v2,,08:00-20:00,1,,,,,,,24,2,,,,,,,120.27233129628,30.184877654464,0
415679ca400d0430100daa37,小洪图文(萧然东路店),生活服务,图文快印店,浙江省,杭州市,萧山区,浙江省杭州市萧山区萧然东路437号,415679ca400d0430100daa37,1,0,120.283373,30.162445,"13516712190,15957179577",life,http://api.map.baidu.com/place/detail?uid=415679ca400d0430100daa37&output=html&source=placeapi_v2,,08:00-18:00,0,,,,,,,23,1,,,,,,,120.28317747598,30.162531474515,0
2f6cf6f209dbaecbb11e369d,任氏图文,生活服务,图文快印店,浙江省,杭州市,萧山区,浙江省杭州市萧山区萧然东路54-56号,2f6cf6f209dbaecbb11e369d,1,0,120.282067,30.169919,13858131929,life,http://api.map.baidu.com/place/detail?uid=2f6cf6f209dbaecbb11e369d&output=html&source=placeapi_v2,,08:00-21:00,1,,,,,,,24,2,,,,,,,120.28218389315,30.169918073766,0
b24b8c5a13d3c1cd6c47604e,万汇图文(拱秀路店),生活服务,图文快印店,浙江省,杭州市,萧山区,杭州市萧山区拱秀路390号,b24b8c5a13d3c1cd6c47604e,1,0,120.285461,30.161472,13867155586,life,http://api.map.baidu.com/place/detail?uid=b24b8c5a13d3c1cd6c47604e&output=html&source=placeapi_v2,,,1,,,,,,,18,3,,,,,,,120.28548716974,30.161624665565,0
a31009fe01e1f13103ec01d3,东门刻章刻印店,生活服务,图文快印店,浙江省,杭州市,萧山区,杭州市萧山区文化路东阳桥公寓西南侧约30米,a31009fe01e1f13103ec01d3,1,0,120.283528,30.166119,13656715101,life,http://api.map.baidu.com/place/detail?uid=a31009fe01e1f13103ec01d3&output=html&source=placeapi_v2,,,,,,,,,,8,,,,,,,,120.28347189257,30.166057471704,0
faeaa2bbbb3bab62abf729ee,孔铭图文(崇化路店),生活服务,图文快印店,浙江省,杭州市,萧山区,浙江省杭州市萧山区崇化路182号,faeaa2bbbb3bab62abf729ee,1,0,120.264736,30.159868,15372016893,life,http://api.map.baidu.com/place/detail?uid=faeaa2bbbb3bab62abf729ee&output=html&source=placeapi_v2,,08:00-20:00,,,,,,,,9,,,,,,,,120.26484487026,30.15986646014,0
317b1bce96bbe9b7aecb66a6,月娟打印,生活服务,图文快印店,浙江省,杭州市,萧山区,浙江省杭州市萧山区萧然东路10号,317b1bce96bbe9b7aecb66a6,1,0,120.28211,30.170638,18967170760,life,http://api.map.baidu.com/place/detail?uid=317b1bce96bbe9b7aecb66a6&output=html&source=placeapi_v2,,08:00-18:00,3,,,,,,,17,5,,,,,,,120.28219778323,30.170699013228,0
5958b4fa85a2eb510c0e6bcd,开创图文(萧然东路店),生活服务,图文快印店,浙江省,杭州市,萧山区,浙江省杭州市萧山区萧然东路333号,5958b4fa85a2eb510c0e6bcd,1,0,120.282748,30.164135,,life,http://api.map.baidu.com/place/detail?uid=5958b4fa85a2eb510c0e6bcd&output=html&source=placeapi_v2,,,0,,,,,,,12,0,,,,,,,120.28261867391,30.164089074427,0
796011fcca8b23187c29bd6e,图文快印,生活服务,图文快印店,浙江省,杭州市,萧山区,浙江省杭州市萧山区道源路556号,,1,0,120.280169,30.157857,,life,http://api.map.baidu.com/place/detail?uid=796011fcca8b23187c29bd6e&output=html&source=placeapi_v2,,08:00-20:00,,,,,,,,,,,,,,,,,,0
92629b029aa8cceb17c8f6c4,美的文印装帧,生活服务,图文快印店,浙江省,杭州市,萧山区,浙江省杭州市萧山区萧然南路10号,92629b029aa8cceb17c8f6c4,1,0,120.281931,30.164849,(0571)82007831,life,http://api.map.baidu.com/place/detail?uid=92629b029aa8cceb17c8f6c4&output=html&source=placeapi_v2,,08:00-17:30,0.0,,,,,,,13,2,,,,,,,120.28200323942,30.164744784917,0
2395e2faba0033f907fef539,苍南来茂印业,生活服务,图文快印店,浙江省,杭州市,萧山区,浙江省杭州市萧山区萧绍路1083号,2395e2faba0033f907fef539,1,0,120.282436,30.170784,13958136229,life,http://api.map.baidu.com/place/detail?uid=2395e2faba0033f907fef539&output=html&source=placeapi_v2,,,,,,,,,,18,0,,,,,,,120.28241567843,30.170936717444,0
31f04acd0e5d7d89601809b9,亿家图文广告(萧山店),生活服务,图文快印店,浙江省,杭州市,萧山区,浙江省杭州市萧山区萧绍路596号,31f04acd0e5d7d89601809b9,1,0,120.293965,30.169661,15372079303,life,http://api.map.baidu.com/place/detail?uid=31f04acd0e5d7d89601809b9&output=html&source=placeapi_v2,,08:30-21:30,,,,,,,,23,2,,,,,,,120.29404627432,30.169447961913,0
8621aba46d5aa8aa42d63e3e,凯蒂图文设计,生活服务,图文快印店,浙江省,杭州市,萧山区,浙江省杭州市萧山区文化路284号,8621aba46d5aa8aa42d63e3e,1,0,120.285534,30.166184,"(0571)82730101,18958158226",life,http://api.map.baidu.com/place/detail?uid=8621aba46d5aa8aa42d63e3e&output=html&source=placeapi_v2,,08:00-21:00,1,,,,,,,29,2,,,,,,,120.28553714677,30.166126354579,0
38dc2d1fc4682b47203bf236,臻彩图文(天润中心店),生活服务,图文快印店,浙江省,杭州市,萧山区,浙江省杭州市萧山区萧棉路旭辉Z悦府3-10号,,1,0,120.270391,30.179129,18969111068,life,http://api.map.baidu.com/place/detail?uid=38dc2d1fc4682b47203bf236&output=html&source=placeapi_v2,,10:00-20:00,,,,,,,,9,1,,,,,,,,,0
0186ca87ac08c9e79f09f730,聚宝刻字店,生活服务,图文快印店,浙江省,杭州市,萧山区,杭州市萧山区文化路回澜北园,0186ca87ac08c9e79f09f730,1,0,120.291121,30.167115,18967106272,life,http://api.map.baidu.com/place/detail?uid=0186ca87ac08c9e79f09f730&output=html&source=placeapi_v2,,09:00-21:00,,,,,,,,4,,,,,,,,120.29113719188,30.167021000462,0
42d55b716fc221e08bfc061f,宾盛图文,生活服务,图文快印店,浙江省,杭州市,滨江区,浙江省杭州市滨江区滨盛路3137号,42d55b716fc221e08bfc061f,1,0,120.184523,30.199612,18957131296,life,http://api.map.baidu.com/place/detail?uid=42d55b716fc221e08bfc061f&output=html&source=placeapi_v2,,10:00-22:00,1.2,,,,,,,21,5,,,,,,,120.18449461714,30.199671607806,0
712501f0330d73889868b421,联民图文(美政路店),生活服务,图文快印店,浙江省,杭州市,上城区,浙江省杭州市上城区美政路20号,,1,0,120.176411,30.215499,(0571)87040199,life,http://api.map.baidu.com/place/detail?uid=712501f0330d73889868b421&output=html&source=placeapi_v2,,08:30-24:00,0,,,,,,,20,0,,,,,,,120.17650781685,30.215551880269,0
f2a4cde661b801b7c8213dae,湘文图文(长河路店),生活服务,图文快印店,浙江省,杭州市,滨江区,浙江省杭州市滨江区长河路1318号博风创意大厦一期7幢101-1室,f2a4cde661b801b7c8213dae,1,0,120.200967,30.204607,18058430800,life,http://api.map.baidu.com/place/detail?uid=f2a4cde661b801b7c8213dae&output=html&source=placeapi_v2,,08:00-22:00,5,,,,,,,4,3,,,,,,,,,0
d689a0eba1d2116ecac3db39,恒晟图文(东忠科技店),生活服务,图文快印店,浙江省,杭州市,滨江区,浙江省杭州市滨江区长河路590号1幢103室,d689a0eba1d2116ecac3db39,1,0,120.203188,30.194256,15372043102,life,http://api.map.baidu.com/place/detail?uid=d689a0eba1d2116ecac3db39&output=html&source=placeapi_v2,,08:30-18:00,4.3,,,,,,,3,7,,,,,,,,,0
5fc49adbac9e2ef00f0e6bf7,创享图文(时代店),生活服务,图文快印店,浙江省,杭州市,滨江区,浙江省杭州市滨江区越达巷79号连连大厦b栋108号,5fc49adbac9e2ef00f0e6bf7,1,0,120.193057,30.19358,"(0571)85260012,18058796076",life,http://api.map.baidu.com/place/detail?uid=5fc49adbac9e2ef00f0e6bf7&output=html&source=placeapi_v2,,08:00-20:00,4.3,,,,,,,18,3,,,,,,,120.19296098115,30.193836260537,0
ec338a97d4ef95d370455bc0,红旭图文数码印刷,生活服务,图文快印店,浙江省,杭州市,滨江区,浙江省杭州市滨江区滨盛路4016号,ec338a97d4ef95d370455bc0,1,0,120.170093,30.194698,(0571)86714600,life,http://api.map.baidu.com/place/detail?uid=ec338a97d4ef95d370455bc0&output=html&source=placeapi_v2,,08:30-21:00,3.4,,,,,,,27,7,,,,,,,120.17019978413,30.194500705399,0
4ff069f5daa0e4192b3a9f02,真彩图文(滨安店),生活服务,图文快印店,浙江省,杭州市,滨江区,浙江省杭州市滨江区滨安路1181号王道公园3号楼1楼,4ff069f5daa0e4192b3a9f02,1,0,120.188032,30.191072,(0571)28986673,life,http://api.map.baidu.com/place/detail?uid=4ff069f5daa0e4192b3a9f02&output=html&source=placeapi_v2,,08:00-22:00,0,,,,,,,17,0,,,,,,,120.18790867201,30.191222821633,0
038ef5d568d0492c9222e09e,杭创图文(滨江店),生活服务,图文快印店,浙江省,杭州市,滨江区,浙江省杭州市滨江区长河路1471号,038ef5d568d0492c9222e09e,1,0,120.196245,30.209699,,life,http://api.map.baidu.com/place/detail?uid=038ef5d568d0492c9222e09e&output=html&source=placeapi_v2,,08:00-20:00,,,,,,,,10,,,,,,,,120.19628503313,30.209715889652,0
729e1f67da83b29872455b1e,恒晟图文(房天下大厦店),生活服务,图文快印店,浙江省,杭州市,滨江区,浙江省杭州市滨江区越达巷82号房天下大厦一楼,729e1f67da83b29872455b1e,1,0,120.193427,30.194282,13757139134,life,http://api.map.baidu.com/place/detail?uid=729e1f67da83b29872455b1e&output=html&source=placeapi_v2,,08:30-18:30,,,,,,,,1,4,,,,,,,,,0
b55d4b6e03a561dcbea2408a,真彩图文数码印刷(三维店),生活服务,图文快印店,浙江省,杭州市,滨江区,浙江省杭州市滨江区火炬大道581号三维大厦a座103室,b55d4b6e03a561dcbea2408a,1,0,120.171187,30.192413,(0571)87555383,life,http://api.map.baidu.com/place/detail?uid=b55d4b6e03a561dcbea2408a&output=html&source=placeapi_v2,,08:00-18:00,1,,,,,,,21,1,,,,,,,120.17121031523,30.192336281242,0
aac898b8cbc04cc03b221c6f,飞越图文(兴才街店),生活服务,图文快印店,浙江省,杭州市,滨江区,浙江省杭州市滨江区兴才街滨兴小区西区106号,aac898b8cbc04cc03b221c6f,1,0,120.206082,30.199089,15158168788,life,http://api.map.baidu.com/place/detail?uid=aac898b8cbc04cc03b221c6f&output=html&source=placeapi_v2,,08:00-20:30,1.7,,,,,,,27,9,,,,,,,120.20605470741,30.199210593788,0
73497969ffd248e217c905a6,高诚图文(滨江店),生活服务,图文快印店,浙江省,杭州市,滨江区,浙江省杭州市滨江区建业路418号地矿建设大厦c座,,1,0,120.189621,30.190724,15988137179,life,http://api.map.baidu.com/place/detail?uid=73497969ffd248e217c905a6&output=html&source=placeapi_v2,,08:30-21:00,5.0,,,,,,,5,2,,,,,,,120.18932425238,30.191001919126,0
f84a3e63a7b737472b3a9fd1,快邦图文广告,生活服务,图文快印店,浙江省,杭州市,滨江区,浙江省杭州市滨江区春晓路486号,f84a3e63a7b737472b3a9fd1,1,0,120.22034,30.21052,(0571)56971996,life,http://api.map.baidu.com/place/detail?uid=f84a3e63a7b737472b3a9fd1&output=html&source=placeapi_v2,,08:30-20:30,1.8,,,,,,,15,4,,,,,,,120.22030881174,30.210507477901,0
f970ff56afb34eb4ad080f27,天圆图文,生活服务,图文快印店,浙江省,杭州市,滨江区,浙江省杭州市滨江区官河路36号,f970ff56afb34eb4ad080f27,1,0,120.233373,30.195469,13588261098,life,http://api.map.baidu.com/place/detail?uid=f970ff56afb34eb4ad080f27&output=html&source=placeapi_v2,,,3,,,,,,,17,4,,,,,,,120.23331672009,30.195409177253,0
b100a28ae5cc919248cc4acb,成采图文,生活服务,图文快印店,浙江省,杭州市,滨江区,浙江省杭州市滨江区滨安路139号2楼,b100a28ae5cc919248cc4acb,1,0,120.232356,30.191728,(0571)86687499,life,http://api.map.baidu.com/place/detail?uid=b100a28ae5cc919248cc4acb&output=html&source=placeapi_v2,,08:00-18:00,1,,,,,,,15,3,,,,,,,120.23241411808,30.191849426021,0
f4317c55e08464df8bf15db4,真彩图文数码快印,生活服务,图文快印店,浙江省,杭州市,滨江区,浙江省杭州市滨江区联慧街89号绿城明月江南西区,f4317c55e08464df8bf15db4,1,0,120.230093,30.213395,(0571)85333156,life,http://api.map.baidu.com/place/detail?uid=f4317c55e08464df8bf15db4&output=html&source=placeapi_v2,,08:00-22:00,5,,,,,,,26,4,,,,,,,120.22998793234,30.213626216274,0
492c3d6624ab7b0a9022e01a,恒晟图文(聚光中心店),生活服务,图文快印店,浙江省,杭州市,滨江区,浙江省杭州市滨江区阡陌路459号聚光中心c2座107号,492c3d6624ab7b0a9022e01a,1,0,120.227233,30.213788,13588391204,life,http://api.map.baidu.com/place/detail?uid=492c3d6624ab7b0a9022e01a&output=html&source=placeapi_v2,,09:00-18:00,,,,,,,,4,,,,,,,,,,0
94978e48fcc6e250f7e73b62,标王图文(联慧街店),生活服务,图文快印店,浙江省,杭州市,滨江区,浙江省杭州市滨江区新联路明月江南东区80号,94978e48fcc6e250f7e73b62,1,0,120.232724,30.214179,"(0571)86731263,13967108489",life,http://api.map.baidu.com/place/detail?uid=94978e48fcc6e250f7e73b62&output=html&source=placeapi_v2,,08:30-21:00,5,,,,,,,14,1,,,,,,,120.23253478925,30.214477005114,0
222754294d542f52e31103d4,恒晟图文(京崎科技店),生活服务,图文快印店,浙江省,杭州市,滨江区,浙江省杭州市滨江区滨安路650号ixwork大厦a座106号,222754294d542f52e31103d4,1,0,120.214199,30.19423,(0571)57126500,life,http://api.map.baidu.com/place/detail?uid=222754294d542f52e31103d4&output=html&source=placeapi_v2,,09:30-18:00,0,,,,,,,14,0,,,,,,,120.21419711115,30.194310413261,0
d5bff93143a678e7e4073854,橙子图文(春晓路店),生活服务,图文快印店,浙江省,杭州市,滨江区,浙江省杭州市滨江区春晓路516号,d5bff93143a678e7e4073854,1,0,120.22028,30.211577,(0571)86809720,life,http://api.map.baidu.com/place/detail?uid=d5bff93143a678e7e4073854&output=html&source=placeapi_v2,,08:30-21:00,0,,,,,,,25,0,,,,,,,120.22014078908,30.211610358548,0
07647259e83a8babe311038f,恒晟图文(物联网街店),生活服务,图文快印店,浙江省,杭州市,滨江区,浙江省杭州市滨江区物联网街275号中胜光网大厦104室,,1,0,120.234463,30.217202,(0571)81990357,life,http://api.map.baidu.com/place/detail?uid=07647259e83a8babe311038f&output=html&source=placeapi_v2,,08:30-18:00,5.0,,,,,,,7,4,,,,,,,120.23400041691,30.21733006883,0
459b768af337cbcaca1b950a,真彩图文数码印刷(交投科创店),生活服务,图文快印店,浙江省,杭州市,滨江区,浙江省杭州市滨江区月明路33号交投科创中心一楼,459b768af337cbcaca1b950a,1,0,120.239524,30.211917,"(0571)87703596,18205704126",life,http://api.map.baidu.com/place/detail?uid=459b768af337cbcaca1b950a&output=html&source=placeapi_v2,,08:00-18:00,,,,,,,,2,1,,,,,,,,,0
435d7aeaa59afe345bbbbcb7,钱江图文数码快印店(金城路店),生活服务,图文快印店,浙江省,杭州市,萧山区,浙江省杭州市萧山区金城路465号,435d7aeaa59afe345bbbbcb7,1,0,120.265432,30.188071,(0571)83861006,life,http://api.map.baidu.com/place/detail?uid=435d7aeaa59afe345bbbbcb7&output=html&source=placeapi_v2,,08:00-20:00,0,,,,,,,18,2,,,,,,,120.26542511813,30.187929331168,0
b65f791b5a61f8f4d0ff2382,钱江图文(市心北路店),生活服务,图文快印店,浙江省,杭州市,萧山区,浙江省杭州市萧山区市心北路185号,b65f791b5a61f8f4d0ff2382,1,0,120.273906,30.209092,(0571)82602590,life,http://api.map.baidu.com/place/detail?uid=b65f791b5a61f8f4d0ff2382&output=html&source=placeapi_v2,,08:00-20:00,1,,,,,,,23,3,,,,,,,120.27408039296,30.209151810312,0
101bc61b60b9f7ddc42ba123,恒晟图文(萧山店),生活服务,图文快印店,浙江省,杭州市,萧山区,浙江省杭州市萧山区金惠路766号,101bc61b60b9f7ddc42ba123,1,0,120.266469,30.191982,(0571)82738699,life,http://api.map.baidu.com/place/detail?uid=101bc61b60b9f7ddc42ba123&output=html&source=placeapi_v2,115,09:00-18:00,3.4,,,,,,,30,7,,,,,,,120.26642589874,30.19190444039,0
78bd50f7cbfbb22531870a22,清亮图文(市心中路店),生活服务,图文快印店,浙江省,杭州市,萧山区,浙江省杭州市萧山区市心中路759-3号,78bd50f7cbfbb22531870a22,1,0,120.272436,30.184996,(0571)82766622,life,http://api.map.baidu.com/place/detail?uid=78bd50f7cbfbb22531870a22&output=html&source=placeapi_v2,,08:00-20:00,1,,,,,,,24,2,,,,,,,120.27233129628,30.184877654464,0
8cbcf39c08e4c0a600294f57,雨轩图文(市心北路店),生活服务,图文快印店,浙江省,杭州市,萧山区,浙江省杭州市萧山区市心北路258号,8cbcf39c08e4c0a600294f57,1,0,120.275871,30.213262,(0571)82863190,life,http://api.map.baidu.com/place/detail?uid=8cbcf39c08e4c0a600294f57&output=html&source=placeapi_v2,,08:00-17:00,1,,,,,,,18,3,,,,,,,120.27574186467,30.213272222125,0
26968030f7ee4bc42b3a9f6e,汇诚广告信息港店,生活服务,图文快印店,浙江省,杭州市,萧山区,浙江省杭州市萧山区建设二路433号,,1,0,120.254888,30.206498,18989476997,life,http://api.map.baidu.com/place/detail?uid=26968030f7ee4bc42b3a9f6e&output=html&source=placeapi_v2,,,,,,,,,,7,,,,,,,,,,0
83396d0e517eb671f11937ee,凝彩图文,生活服务,图文快印店,浙江省,杭州市,萧山区,浙江省杭州市萧山区金城路金莱街127号,83396d0e517eb671f11937ee,1,0,120.279793,30.187335,15024404051,life,http://api.map.baidu.com/place/detail?uid=83396d0e517eb671f11937ee&output=html&source=placeapi_v2,,09:00-19:00,5,,,,,,,16,6,,,,,,,,,0
c9a036ea42f0cda55abbbc2d,印联图文广告,生活服务,图文快印店,浙江省,杭州市,萧山区,浙江省杭州市钱塘区金城路1230号,,1,0,120.282717,30.186083,13282162208,life,http://api.map.baidu.com/place/detail?uid=c9a036ea42f0cda55abbbc2d&output=html&source=placeapi_v2,,00:00-24:00,,,,,,,,56,3,,,,,,,,,0
4da369413fb7ded0b220a8a3,佳诚图文店,生活服务,图文快印店,浙江省,杭州市,临安区,浙江省杭州市临安区钱王街589号,4da369413fb7ded0b220a8a3,1,0,119.720608,30.231159,"(0571)63922982,13372575358,18968038132",life,http://api.map.baidu.com/place/detail?uid=4da369413fb7ded0b220a8a3&output=html&source=placeapi_v2,,08:00-21:00,5,,,,,,,26,6,,,,,,,119.72049324106,30.231243051288,0
c8843c7442c0ee019b68b40e,晓燕图文(塔山路店),生活服务,图文快印店,浙江省,杭州市,临安区,浙江省杭州市临安区塔山路15号,c8843c7442c0ee019b68b40e,1,0,119.734117,30.239823,(0571)61070239,life,http://api.map.baidu.com/place/detail?uid=c8843c7442c0ee019b68b40e&output=html&source=placeapi_v2,,08:00-20:00,3,,,,,,,14,2,,,,,,,119.73427201788,30.239910374733,0
2157a6972f45b80f1b11d5b5,恒程图文(石镜店),生活服务,图文快印店,浙江省,杭州市,临安区,浙江省杭州市临安区石镜街229号,2157a6972f45b80f1b11d5b5,1,0,119.731338,30.232111,"(0571)63899959,15867180947",life,http://api.map.baidu.com/place/detail?uid=2157a6972f45b80f1b11d5b5&output=html&source=placeapi_v2,,08:00-20:00,,,,,,,,6,2,,,,,,,119.73129204386,30.232149130774,0
56e88cba83e70364a4c75648,群亚文印,生活服务,图文快印店,浙江省,杭州市,临安区,浙江省杭州市临安区钱王街556-4号,56e88cba83e70364a4c75648,1,0,119.726977,30.233735,"(0571)63738313,13685781213",life,http://api.map.baidu.com/place/detail?uid=56e88cba83e70364a4c75648&output=html&source=placeapi_v2,,08:00-17:00,0,,,,,,,7,1,,,,,,,119.7269821977,30.233777471088,0
5004ca6d42981051cf06a4cc,临安区影逸图文设计室,生活服务,图文快印店,浙江省,杭州市,临安区,浙江省杭州市临安区天目路1096号,5004ca6d42981051cf06a4cc,1,0,119.73165,30.238268,13989846760,life,http://api.map.baidu.com/place/detail?uid=5004ca6d42981051cf06a4cc&output=html&source=placeapi_v2,,08:00-21:00,,,,,,,,6,,,,,,,,119.73163397936,30.23829856497,0
08201aff8d16e8d643e192dd,尚印图文,生活服务,图文快印店,浙江省,杭州市,临安区,浙江省杭州市临安区天目路914号,,1,0,119.733906,30.233944,15669027683,life,http://api.map.baidu.com/place/detail?uid=08201aff8d16e8d643e192dd&output=html&source=placeapi_v2,,08:00-20:00,,,,,,,,2,,,,,,,,,,0
99cc39780c96e415eddfcaa9,兴高图文(中泰店),生活服务,图文快印店,浙江省,杭州市,余杭区,浙江省杭州市余杭区石鸽路103号,99cc39780c96e415eddfcaa9,1,0,119.94015,30.247055,(0571)88651340,life,http://api.map.baidu.com/place/detail?uid=99cc39780c96e415eddfcaa9&output=html&source=placeapi_v2,,,5,,,,,,,13,2,,,,,,,119.94024418643,30.247073280548,0
88fdbd0505e3dabb354aae24,捷晟图文(末来科技城店),生活服务,图文快印店,浙江省,杭州市,余杭区,浙江省杭州市余杭区荆山湾路润和西溪郡1-4号,88fdbd0505e3dabb354aae24,1,0,120.023614,30.237687,13071867882,life,http://api.map.baidu.com/place/detail?uid=88fdbd0505e3dabb354aae24&output=html&source=placeapi_v2,,08:00-24:00,1,,,,,,,12,2,,,,,,,120.02364543899,30.237815490396,0
27517878a660f77a9868b412,鼎宏图文(留下店),生活服务,图文快印店,浙江省,杭州市,西湖区,浙江省杭州市西湖区留下工业园11号1号楼底层(汇峰国际D座对面),27517878a660f77a9868b412,1,0,120.056862,30.24475,19967418919,life,http://api.map.baidu.com/place/detail?uid=27517878a660f77a9868b412&output=html&source=placeapi_v2,,10:00-20:00,5,,,,,,,12,1,,,,,,,120.056914539,30.244886845203,0
c536ebb2738452842efaa7f5,尚仕图文广告(秋涛店),生活服务,图文快印店,浙江省,杭州市,上城区,上城区秋涛路238-2号,c536ebb2738452842efaa7f5,1,0,120.193802,30.238603,15557192856,life,http://api.map.baidu.com/place/detail?uid=c536ebb2738452842efaa7f5&output=html&source=placeapi_v2,,08:30-21:00,5,,,,,,,17,5,,,,,,,120.1936845839,30.238627273817,0
472c586f42f7bd84b11e3688,元茗图文(NO.002店),生活服务,图文快印店,浙江省,杭州市,上城区,浙江省杭州市上城区钱江路156号,472c586f42f7bd84b11e3688,1,0,120.186341,30.223377,(0571)86589330,life,http://api.map.baidu.com/place/detail?uid=472c586f42f7bd84b11e3688&output=html&source=placeapi_v2,,08:00-20:00,,,,,,,,18,3,,,,,,,120.18621200017,30.223473085726,0
0c71872558a5ec9232870aa5,豪爽图文,生活服务,图文快印店,浙江省,杭州市,上城区,浙江杭州市上城区抚宁巷13号,0c71872558a5ec9232870aa5,1,0,120.180419,30.239186,"(0571)87806263,13616509929",life,http://api.map.baidu.com/place/detail?uid=0c71872558a5ec9232870aa5&output=html&source=placeapi_v2,,08:00-21:00,0,,,,,,,24,1,,,,,,,120.18046056052,30.239257831785,0
4d684c2d65f113ed9e82eaa4,近江图文,生活服务,图文快印店,浙江省,杭州市,上城区,浙江省杭州市上城区婺江路318号,,1,0,120.201998,30.238944,"(0571)87016319,13750821733",life,http://api.map.baidu.com/place/detail?uid=4d684c2d65f113ed9e82eaa4&output=html&source=placeapi_v2,,09:00-21:00,1,,,,,,,23,1,,,,,,,120.20197511672,30.238907205453,0
033cd9bfb1ef332e4f6d46a2,卓杭图文,生活服务,图文快印店,浙江省,杭州市,上城区,浙江省杭州市上城区建国南路132~134号,033cd9bfb1ef332e4f6d46a2,1,0,120.183899,30.246762,"(0571)87918219,13325919770",life,http://api.map.baidu.com/place/detail?uid=033cd9bfb1ef332e4f6d46a2&output=html&source=placeapi_v2,,08:30-21:00,5,,,,,,,27,3,,,,,,,120.18382115557,30.246811218621,0
37e81c5a6c10f87da2d23085,东红图文(民生路店),生活服务,图文快印店,浙江省,杭州市,上城区,浙江省杭州市上城区民生路9号,37e81c5a6c10f87da2d23085,1,0,120.180472,30.253418,,life,http://api.map.baidu.com/place/detail?uid=37e81c5a6c10f87da2d23085&output=html&source=placeapi_v2,,08:00-21:00,0.0,,,,,,,20,,,,,,,,120.18048380956,30.253348403254,0
5a88d73475cb39ed1df74d52,红鑫图文(西湖大道店),生活服务,图文快印店,浙江省,杭州市,上城区,浙江省杭州市上城区西湖大道90号,5a88d73475cb39ed1df74d52,1,0,120.181209,30.251711,15088677103,life,http://api.map.baidu.com/place/detail?uid=5a88d73475cb39ed1df74d52&output=html&source=placeapi_v2,,08:00-22:00,5,,,,,,,19,2,,,,,,,120.18119632843,30.251612819873,0
2785c821812bec20b21e362c,左岸图文(钱江店),生活服务,图文快印店,浙江省,杭州市,上城区,浙江省杭州市上城区钱江路22号,2785c821812bec20b21e362c,1,0,120.181894,30.221663,"(0571)87298776,15384004919",life,http://api.map.baidu.com/place/detail?uid=2785c821812bec20b21e362c&output=html&source=placeapi_v2,,09:00-17:00,0,,,,,,,19,0,,,,,,,120.181732359,30.221802436677,0
220298d18c31f9c0b42655a0,杭州市上城区翔涛图文设计制作服务部,生活服务,图文快印店,浙江省,杭州市,上城区,浙江省杭州市上城区飞云江路58号,220298d18c31f9c0b42655a0,1,0,120.18368,30.22362,(0571)86802516,life,http://api.map.baidu.com/place/detail?uid=220298d18c31f9c0b42655a0&output=html&source=placeapi_v2,,08:30-21:00,2,,,,,,,21,3,,,,,,,120.18366545946,30.223598168854,0
9323f401ed7235396ca3cc91,丽佳文印社,生活服务,图文快印店,浙江省,杭州市,上城区,浙江省杭州市上城区秋涛路178-1号,9323f401ed7235396ca3cc91,1,0,120.184388,30.227029,(0571)86069941,life,http://api.map.baidu.com/place/detail?uid=9323f401ed7235396ca3cc91&output=html&source=placeapi_v2,,,0,,,,,,,24,1,,,,,,,120.18432026579,30.227081466514,0
6fcabe7006bb99c39d9d6873,正圆图文(西湖大道店),生活服务,图文快印店,浙江省,杭州市,上城区,浙江省杭州市上城区西湖大道98号,6fcabe7006bb99c39d9d6873,1,0,120.181101,30.251749,,life,http://api.map.baidu.com/place/detail?uid=6fcabe7006bb99c39d9d6873&output=html&source=placeapi_v2,,,0,,,,,,,24,1,,,,,,,120.18108424056,30.251623978362,0
1e49313dc3357c263a13fd91,正欣图文视听(清江路店),生活服务,图文快印店,浙江省,杭州市,上城区,浙江省杭州市上城区清江路凯旋路1号,1e49313dc3357c263a13fd91,1,0,120.194559,30.25184,13685767860,life,http://api.map.baidu.com/place/detail?uid=1e49313dc3357c263a13fd91&output=html&source=placeapi_v2,,09:00-19:00,0.0,,,,,,,15,,,,,,,,120.19455084895,30.251795305686,0
8b21e3a540d73379a20464c4,优速图文广告(迪凯银座店),生活服务,图文快印店,浙江省,杭州市,上城区,浙江省杭州市上城区解放东路29号迪凯银座负1楼,8b21e3a540d73379a20464c4,1,0,120.218111,30.248347,"(0571)86818810,13777492297",life,http://api.map.baidu.com/place/detail?uid=8b21e3a540d73379a20464c4&output=html&source=placeapi_v2,,08:00-19:00,4.6,,,,,,,9,16,,,,,,,,,0
6ad4c55b11eb25fc2cb96d9f,印达图文快印(钱江新城店),生活服务,图文快印店,浙江省,杭州市,上城区,浙江省杭州市上城区市民街98号尊宝大厦金尊,6ad4c55b11eb25fc2cb96d9f,1,0,120.214135,30.24439,"(0571)28883950,17826879995",life,http://api.map.baidu.com/place/detail?uid=6ad4c55b11eb25fc2cb96d9f&output=html&source=placeapi_v2,,08:00-22:00,4,,,,,,,16,4,,,,,,,120.21381247919,30.244206582577,0
4c9b808bbfbeee632b11d126,安祺图文快印(航空大厦店),生活服务,图文快印店,浙江省,杭州市,上城区,浙江省杭州市上城区市民街66号钱塘航空大厦2幢1楼,4c9b808bbfbeee632b11d126,1,0,120.214784,30.243743,(0571)88322959,life,http://api.map.baidu.com/place/detail?uid=4c9b808bbfbeee632b11d126&output=html&source=placeapi_v2,,08:00-22:00,5.0,,,,,,,6,3,,,,,,,,,0
63414a2eeaabcbb67adbd28d,千彩图文快印,生活服务,图文快印店,浙江省,杭州市,上城区,浙江省杭州市上城区剧院路358-396号宏程国际大厦,63414a2eeaabcbb67adbd28d,1,0,120.223302,30.252661,19941298598,life,http://api.map.baidu.com/place/detail?uid=63414a2eeaabcbb67adbd28d&output=html&source=placeapi_v2,,08:30-22:00,5,,,,,,,21,10,,,,,,,120.22313473445,30.252570108497,0
f6098862e200cbcd40afe693,橙子图文(钱塘航空大厦店),生活服务,图文快印店,浙江省,杭州市,上城区,浙江省杭州市上城区中华钱塘航空大厦2幢大厅111室,f6098862e200cbcd40afe693,1,0,120.215079,30.243614,,life,http://api.map.baidu.com/place/detail?uid=f6098862e200cbcd40afe693&output=html&source=placeapi_v2,,08:00-22:00,,,,,,,,,,,,,,,,,,0
7203d8d3a7b6ee4985420e86,真彩图文数码印刷(市民路店),生活服务,图文快印店,浙江省,杭州市,上城区,浙江省杭州市上城区市民街66号航空大厦1幢,7203d8d3a7b6ee4985420e86,1,0,120.215414,30.243473,15267156250,life,http://api.map.baidu.com/place/detail?uid=7203d8d3a7b6ee4985420e86&output=html&source=placeapi_v2,,08:00-02:00,0,,,,,,,11,0,,,,,,,120.21552519644,30.243570015494,0
41a35319dd0115f275e5b610,尚仕图文(奥体店),生活服务,图文快印店,浙江省,杭州市,萧山区,浙江省杭州市钱塘区盈丰路博地中心1楼103室,41a35319dd0115f275e5b610,1,0,120.245979,30.243379,15888855208,life,http://api.map.baidu.com/place/detail?uid=41a35319dd0115f275e5b610&output=html&source=placeapi_v2,,08:00-20:00,1,,,,,,,22,1,,,,,,,,,0
2bdc03f99ad7caf5cbc3dbcd,兴泰图文,生活服务,图文快印店,浙江省,杭州市,上城区,浙江省杭州市上城区近江东路31号,2bdc03f99ad7caf5cbc3dbcd,1,0,120.210624,30.23868,13819138642,life,http://api.map.baidu.com/place/detail?uid=2bdc03f99ad7caf5cbc3dbcd&output=html&source=placeapi_v2,,08:30-21:00,0.0,,,,,,,18,,,,,,,,120.2107197983,30.23869340903,0
84dfc43e7e4d966e8bb988de,恒晟图文(博奥店),生活服务,图文快印店,浙江省,杭州市,萧山区,浙江省杭州市萧山区金鸡路嘉润公馆北区1幢103室,84dfc43e7e4d966e8bb988de,1,0,120.241772,30.243895,(0571)86095080,life,http://api.map.baidu.com/place/detail?uid=84dfc43e7e4d966e8bb988de&output=html&source=placeapi_v2,,09:30-18:00,5,,,,,,,24,3,,,,,,,120.24204176667,30.244199716017,0
6fa4e69bda331e691fe99980,尚仕图文(钱江新城店),生活服务,图文快印店,浙江省,杭州市,上城区,浙江省杭州市上城区城星路89号尊宝大厦,6fa4e69bda331e691fe99980,1,0,120.21464,30.245171,"(0571)86901901,15382361610",life,http://api.map.baidu.com/place/detail?uid=6fa4e69bda331e691fe99980&output=html&source=placeapi_v2,,09:00-21:00,3,,,,,,,21,5,,,,,,,120.21478387622,30.245275455988,0
e270074c2530d8cc3913fd98,辰逸图文(滨纷小区店),生活服务,图文快印店,浙江省,杭州市,滨江区,浙江省杭州市滨江区星明路缤纷小区91号,e270074c2530d8cc3913fd98,1,0,120.230396,30.222478,18605818612,life,http://api.map.baidu.com/place/detail?uid=e270074c2530d8cc3913fd98&output=html&source=placeapi_v2,,08:00-21:00,0,,,,,,,21,0,,,,,,,120.23051085394,30.222552391062,0
62f6aff09cfa8afff6b916b3,真彩图文(迪凯国际店),生活服务,图文快印店,浙江省,杭州市,上城区,杭州市上城区丹桂街与剧院路交叉路口往西约50米(宏程国际大厦西北侧),62f6aff09cfa8afff6b916b3,1,0,120.222925,30.253073,(0571)86703512,life,http://api.map.baidu.com/place/detail?uid=62f6aff09cfa8afff6b916b3&output=html&source=placeapi_v2,,08:00-20:00,,,,,,,,4,1,,,,,,,120.22296084697,30.253049246764,0
49d0ca0de97afd266ca3cc4b,歌山图文,生活服务,图文快印店,浙江省,杭州市,上城区,浙江省杭州市上城区近江东路33号,49d0ca0de97afd266ca3cc4b,1,0,120.210622,30.238722,13615817940,life,http://api.map.baidu.com/place/detail?uid=49d0ca0de97afd266ca3cc4b&output=html&source=placeapi_v2,,08:00-20:00,0,,,,,,,22,1,,,,,,,120.21071815502,30.238723368307,0
4676f8eeb5d954651fe999df,恒晟图文迪凯国际店,生活服务,图文快印店,浙江省,杭州市,上城区,丹桂街19号迪凯国际中心30楼3003室,4676f8eeb5d954651fe999df,1,0,120.222805,30.253402,15899929330,life,http://api.map.baidu.com/place/detail?uid=4676f8eeb5d954651fe999df&output=html&source=placeapi_v2,,,4.7,,,,,,,1,3,,,,,,,,,0
9bc5545a2634920f7f29bd78,龙姣图文快印(萧山店),生活服务,图文快印店,浙江省,杭州市,萧山区,浙江省杭州市萧山区皓月路174号,9bc5545a2634920f7f29bd78,1,0,120.262839,30.239314,"(0571)82565996,15700066269",life,http://api.map.baidu.com/place/detail?uid=9bc5545a2634920f7f29bd78&output=html&source=placeapi_v2,,08:00-22:00,5,,,,,,,12,1,,,,,,,120.26268818965,30.239433465143,0
0a350e26eaab653eb15c6a7a,湘印图文(民和路店),生活服务,图文快印店,浙江省,杭州市,萧山区,浙江省杭州市萧山区民和路500号,,1,0,120.262315,30.23726,15868813336,life,http://api.map.baidu.com/place/detail?uid=0a350e26eaab653eb15c6a7a&output=html&source=placeapi_v2,,08:30-21:00,2.3,,,,,,,13,3,,,,,,,120.26221845851,30.237215633924,0
21bbd68a9084c30007fef5df,恒晟图文(万和国际店),生活服务,图文快印店,浙江省,杭州市,萧山区,钱塘区皓月路150-2号,21bbd68a9084c30007fef5df,1,0,120.262158,30.238172,13336162694,life,http://api.map.baidu.com/place/detail?uid=21bbd68a9084c30007fef5df&output=html&source=placeapi_v2,,08:00-20:00,5,,,,,,,22,7,,,,,,,120.26215130299,30.237998210419,0
85be9519709490842fe67b94,真彩图文数码印刷(博地中心店),生活服务,图文快印店,浙江省,杭州市,萧山区,杭州市萧山区盈丰路博地中心,85be9519709490842fe67b94,1,0,120.258084,30.241693,(0571)83737250,life,http://api.map.baidu.com/place/detail?uid=85be9519709490842fe67b94&output=html&source=placeapi_v2,,08:00-19:00,3.4,,,,,,,17,8,,,,,,,120.25800602101,30.241740246636,0
2b3d18b630c1c8d37369d35d,钱江图文(联合中心店),生活服务,图文快印店,浙江省,杭州市,萧山区,杭州市萧山区泰宏巷宏扬鲲鹏中心,2b3d18b630c1c8d37369d35d,1,0,120.260873,30.236267,(0571)82750161,life,http://api.map.baidu.com/place/detail?uid=2b3d18b630c1c8d37369d35d&output=html&source=placeapi_v2,,08:30-19:00,0,,,,,,,12,1,,,,,,,120.26088136849,30.236370457501,0
83fd0de05ef249d029fc48e3,恒晟图文(博地中心店),生活服务,图文快印店,浙江省,杭州市,萧山区,浙江省杭州市萧山区民和路630-10号博地中心A座1602D号,83fd0de05ef249d029fc48e3,1,0,120.258736,30.241442,"(0571)82475140,17357149873",life,http://api.map.baidu.com/place/detail?uid=83fd0de05ef249d029fc48e3&output=html&source=placeapi_v2,,,5,,,,,,,7,1,,,,,,,120.25905693694,30.241255955162,0
aeeaeaa4a789724cfe0eb06d,真彩图文数码印刷(东方至尊店),生活服务,图文快印店,浙江省,杭州市,萧山区,浙江省杭州市萧山区东方至尊国际中心一楼北,aeeaeaa4a789724cfe0eb06d,1,0,120.261649,30.242994,(0571)87670790,life,http://api.map.baidu.com/place/detail?uid=aeeaeaa4a789724cfe0eb06d&output=html&source=placeapi_v2,,08:00-21:30,5,,,,,,,6,1,,,,,,,120.26164868488,30.242993783059,0
b732bfd6406c39e33b221ce5,尚仕图文(望京店),生活服务,图文快印店,浙江省,杭州市,萧山区,杭州市萧山区民和路博地中心,b732bfd6406c39e33b221ce5,1,0,120.259176,30.241364,15356179770,life,http://api.map.baidu.com/place/detail?uid=b732bfd6406c39e33b221ce5&output=html&source=placeapi_v2,,08:00-22:00,5,,,,,,,20,3,,,,,,,120.25911324633,30.241376074898,0
39163d5e0b5e0f864d3a599c,尚仕图文(望京店),生活服务,图文快印店,浙江省,杭州市,萧山区,浙江省杭州市萧山区鸿宁路望京商务中心1层,39163d5e0b5e0f864d3a599c,1,0,120.260326,30.244524,"(0571)82353632,15888855208",life,http://api.map.baidu.com/place/detail?uid=39163d5e0b5e0f864d3a599c&output=html&source=placeapi_v2,,09:00-20:00,3.4,,,,,,,24,5,,,,,,,120.26043042182,30.244605450073,0
cf51dcd0a951b2380ab93a4f,翊龙图文(左右世界店),生活服务,图文快印店,浙江省,杭州市,萧山区,浙江省杭州市萧山区鸿宁路1819号左右世界,cf51dcd0a951b2380ab93a4f,1,0,120.261412,30.243978,(0571)88610315,life,http://api.map.baidu.com/place/detail?uid=cf51dcd0a951b2380ab93a4f&output=html&source=placeapi_v2,,08:00-22:00,5,,,,,,,23,3,,,,,,,120.26122665646,30.244066552389,0
4855a4de3196945778f79663,恒晟图文(望京国际店),生活服务,图文快印店,浙江省,杭州市,萧山区,浙江杭州市萧山区鸿宁路1909号望京国际中心c3座,4855a4de3196945778f79663,1,0,120.260585,30.244411,15899929330,life,http://api.map.baidu.com/place/detail?uid=4855a4de3196945778f79663&output=html&source=placeapi_v2,,09:00-21:00,5,,,,,,,17,9,,,,,,,120.26063228723,30.244503742438,0
44dc8b5a245cc8efc056aca6,晓燕图文(青山店),生活服务,图文快印店,浙江省,杭州市,临安区,浙江省杭州市临安区大园路1188号3号楼1楼,44dc8b5a245cc8efc056aca6,1,0,119.834618,30.275258,"13675856890,17767150879",life,http://api.map.baidu.com/place/detail?uid=44dc8b5a245cc8efc056aca6&output=html&source=placeapi_v2,,08:00-22:00,,,,,,,,,,,,,,,,,,0
c954f756a363ed3659bbbc04,恒晟图文数码印刷(方园店),生活服务,图文快印店,浙江省,杭州市,余杭区,浙江省杭州市余杭区荆余路161-165号,c954f756a363ed3659bbbc04,1,0,119.958669,30.26324,(0571)88666543,life,http://api.map.baidu.com/place/detail?uid=c954f756a363ed3659bbbc04&output=html&source=placeapi_v2,115,08:00-17:30,2,,,,,,,14,9,,,,,,,119.95857282848,30.263149497257,0
ebb282e786a256fb17c8f6b4,建东图文,生活服务,图文快印店,浙江省,杭州市,余杭区,浙江省杭州市余杭区凤新路211号,ebb282e786a256fb17c8f6b4,1,0,119.950793,30.265904,(0571)88628839,life,http://api.map.baidu.com/place/detail?uid=ebb282e786a256fb17c8f6b4&output=html&source=placeapi_v2,,08:00-18:00,0.0,,,,,,,17,,,,,,,,119.95079229904,30.265847583588,0
264f6beb5a55167e90114cb5,春英打印店,生活服务,图文快印店,浙江省,杭州市,余杭区,浙江杭州市余杭区禹航路776号,264f6beb5a55167e90114cb5,1,0,119.949884,30.274588,18968062650,life,http://api.map.baidu.com/place/detail?uid=264f6beb5a55167e90114cb5&output=html&source=placeapi_v2,,08:30-17:30,1,,,,,,,17,2,,,,,,,119.94971896409,30.274539863004,0
3d139fea183c2c6931f71de3,兴高图文(老余杭店),生活服务,图文快印店,浙江省,杭州市,余杭区,浙江省杭州市余杭区文一西路2148号,3d139fea183c2c6931f71de3,1,0,119.955077,30.273759,(0571)86132237,life,http://api.map.baidu.com/place/detail?uid=3d139fea183c2c6931f71de3&output=html&source=placeapi_v2,,08:00-17:00,0.0,,,,,,,9,,,,,,,,119.95507913009,30.273714940616,0
3ec8150065a1a10c40afe692,合创图文(余杭店),生活服务,图文快印店,浙江省,杭州市,余杭区,浙江省杭州市余杭区荆余路9-12号,3ec8150065a1a10c40afe692,1,0,119.956106,30.264615,(0571)88529877,life,http://api.map.baidu.com/place/detail?uid=3ec8150065a1a10c40afe692&output=html&source=placeapi_v2,,08:00-18:30,5,,,,,,,19,3,,,,,,,119.95628602832,30.26473818567,0
6e309fb30f1b6f9604026fd0,恒晟图文(创鑫广场店),生活服务,图文快印店,浙江省,杭州市,余杭区,浙江省杭州市余杭区龙园路88号1号楼105,6e309fb30f1b6f9604026fd0,1,0,119.984016,30.279196,(0571)85851860,life,http://api.map.baidu.com/place/detail?uid=6e309fb30f1b6f9604026fd0&output=html&source=placeapi_v2,,08:30-18:00,5,,,,,,,17,2,,,,,,,119.98406727604,30.279098516376,0
dce6c05d92b6b94ab42655bd,打印店e企印图文广告(淘宝城店),生活服务,图文快印店,浙江省,杭州市,余杭区,杭州市余杭区高教路赛银国际广场8幢102室,,1,0,120.02757,30.281113,13967772919,life,http://api.map.baidu.com/place/detail?uid=dce6c05d92b6b94ab42655bd&output=html&source=placeapi_v2,,09:00-18:00,3.5,,,,,,,15,5,,,,,,,120.02823711338,30.281399858273,0
948e8dc7a98e94cff72310e5,杰文图文快印,生活服务,图文快印店,浙江省,杭州市,余杭区,杭州市余杭区文福路海创・人才公寓-二期西侧,948e8dc7a98e94cff72310e5,1,0,120.022205,30.282084,18868810953,life,http://api.map.baidu.com/place/detail?uid=948e8dc7a98e94cff72310e5&output=html&source=placeapi_v2,,,0,,,,,,,11,1,,,,,,,120.02218260341,30.282004930571,0
21405d57b1df495de01103bf,恒晟图文(视创・IT公园店),生活服务,图文快印店,浙江省,杭州市,余杭区,浙江省杭州市余杭区文一西路1217号it公园2号楼1楼102室,21405d57b1df495de01103bf,1,0,120.013226,30.281547,"(0571)85300926,13357165739",life,http://api.map.baidu.com/place/detail?uid=21405d57b1df495de01103bf&output=html&source=placeapi_v2,,08:00-18:30,5,,,,,,,18,8,,,,,,,120.01320211746,30.281687130943,0
0be8136119551a518b2fb545,真彩图文数码印刷(余杭店),生活服务,图文快印店,浙江省,杭州市,余杭区,浙江省杭州市余杭区西溪丽晶居1幢底商,0be8136119551a518b2fb545,1,0,120.012007,30.286892,(0571)86630490,life,http://api.map.baidu.com/place/detail?uid=0be8136119551a518b2fb545&output=html&source=placeapi_v2,,08:00-18:00,0,,,,,,,14,0,,,,,,,120.01205557061,30.286696195085,0
e21f202dec5a6c042e47337e,非色图文(海创店),生活服务,图文快印店,浙江省,杭州市,余杭区,浙江省杭州市临平区文一西路1338号海创大厦108室,e21f202dec5a6c042e47337e,1,0,119.996729,30.282121,"(0571)86175215,(0571)86177215",life,http://api.map.baidu.com/place/detail?uid=e21f202dec5a6c042e47337e&output=html&source=placeapi_v2,,08:15-18:00,5,,,,,,,8,3,,,,,,,119.99677827116,30.282132048947,0
50ef92725a2cd6cfb917e75b,恒晟图文(海创科技店),生活服务,图文快印店,浙江省,杭州市,余杭区,浙江省杭州市余杭区文一西路1218号,,1,0,120.00297,30.281925,"(0571)86032359,13738029869,15869199069",life,http://api.map.baidu.com/place/detail?uid=50ef92725a2cd6cfb917e75b&output=html&source=placeapi_v2,,09:00-18:00,5,,,,,,,8,2,,,,,,,,,0
ded4f39679f1fc0adc1e5209,恒晟图文(EFC店),生活服务,图文快印店,浙江省,杭州市,余杭区,浙江省杭州市余杭区海鸥路40-8-6号2楼,ded4f39679f1fc0adc1e5209,1,0,120.011841,30.288997,(0571)89363363,life,http://api.map.baidu.com/place/detail?uid=ded4f39679f1fc0adc1e5209&output=html&source=placeapi_v2,,09:00-21:00,5,,,,,,,5,9,,,,,,,120.01194893816,30.289029122257,0
38b5b36c499756c5f8f0cb9d,快快印图文,生活服务,图文快印店,浙江省,杭州市,余杭区,浙江省杭州市余杭区余杭塘路华夏之心13幢07室,38b5b36c499756c5f8f0cb9d,1,0,120.02323,30.259828,,life,http://api.map.baidu.com/place/detail?uid=38b5b36c499756c5f8f0cb9d&output=html&source=placeapi_v2,,08:00-21:00,0.0,,,,,,,13,,,,,,,,120.02322783846,30.259789515688,0
feb804d67ccfd1324d776ee8,兴高图文(恒生店),生活服务,图文快印店,浙江省,杭州市,余杭区,浙江省杭州市余杭区文一西路1218号3期39号楼,feb804d67ccfd1324d776ee8,1,0,120.010027,30.283908,(0571)88611973,life,http://api.map.baidu.com/place/detail?uid=feb804d67ccfd1324d776ee8&output=html&source=placeapi_v2,,09:00-18:00,3.0,,,,,,,10,3,,,,,,,,,0
531d99718d65302f725e807d,浙江民振印务,生活服务,图文快印店,浙江省,杭州市,余杭区,杭州市余杭区王家畈路,531d99718d65302f725e807d,1,1,120.007707,30.259011,,life,http://api.map.baidu.com/place/detail?uid=531d99718d65302f725e807d&output=html&source=placeapi_v2,,,,,,,,,,,,,,,,,,120.00713911222,30.258862782286,1
1a282619064cf2a5eee4a519,鼎诚图文(莲花店),生活服务,图文快印店,浙江省,杭州市,西湖区,西湖区莲花街268号,1a282619064cf2a5eee4a519,1,0,120.104288,30.276369,(0571)87381621,life,http://api.map.baidu.com/place/detail?uid=1a282619064cf2a5eee4a519&output=html&source=placeapi_v2,,08:00-22:00,5,,,,,,,26,5,,,,,,,120.10430721396,30.276242595452,0
e5e04b5c29f0b6c8b42655c0,恒晟图文(联合大厦店),生活服务,图文快印店,浙江省,杭州市,西湖区,西湖区紫荆花路2号联合大厦B座2幢106-3室,e5e04b5c29f0b6c8b42655c0,1,0,120.1039,30.272639,13616710153,life,http://api.map.baidu.com/place/detail?uid=e5e04b5c29f0b6c8b42655c0&output=html&source=placeapi_v2,,09:00-18:00,5,,,,,,,15,6,,,,,,,120.10378199809,30.272618597075,0
8eedc1a958f8740114c8f6dd,尚仕图文(紫荆花路店),生活服务,图文快印店,浙江省,杭州市,西湖区,浙江省杭州市西湖区紫荆花路16号联合大厦a座,8eedc1a958f8740114c8f6dd,1,0,120.104055,30.272057,15397153725,life,http://api.map.baidu.com/place/detail?uid=8eedc1a958f8740114c8f6dd&output=html&source=placeapi_v2,,00:00-24:00,5,,,,,,,15,4,,,,,,,120.10401798384,30.272145250263,0
de9f827f89f05c891d580010,燕燕图文(文三西路店),生活服务,图文快印店,浙江省,杭州市,西湖区,浙江省杭州市西湖区文三西路381号,de9f827f89f05c891d580010,1,0,120.102948,30.281614,15267145552,life,http://api.map.baidu.com/place/detail?uid=de9f827f89f05c891d580010&output=html&source=placeapi_v2,,08:00-21:00,3,,,,,,,29,2,,,,,,,120.10297927138,30.281740492774,0
1bee5c344d7dd7feaeb22ace,新宇图文莲花店,生活服务,图文快印店,浙江省,杭州市,西湖区,浙江省杭州市西湖区莲花街嘉绿景苑东园7幢,1bee5c344d7dd7feaeb22ace,1,0,120.106679,30.277643,(0571)88827751,life,http://api.map.baidu.com/place/detail?uid=1bee5c344d7dd7feaeb22ace&output=html&source=placeapi_v2,,08:00-22:00,0,,,,,,,12,0,,,,,,,,,0
10dcd4b4ade1943dd12dd66c,恒晟图文(杭州莲花街店),生活服务,图文快印店,浙江省,杭州市,西湖区,浙江省杭州市西湖区古墩路浙商财富中心4号楼1层108-1商铺,10dcd4b4ade1943dd12dd66c,1,0,120.107336,30.2759,"(0571)87207691,15967133643",life,http://api.map.baidu.com/place/detail?uid=10dcd4b4ade1943dd12dd66c&output=html&source=placeapi_v2,115,08:30-18:00,5,,,,,,,16,5,,,,,,,120.1073165473,30.275821724631,0
3124cbb1482f88f5250bd073,启达文印,生活服务,图文快印店,浙江省,杭州市,西湖区,浙江省杭州市西湖区文三西路387号,3124cbb1482f88f5250bd073,1,0,120.10289,30.281607,"(0571)88970481,13395716361",life,http://api.map.baidu.com/place/detail?uid=3124cbb1482f88f5250bd073&output=html&source=placeapi_v2,,09:00-20:00,0,,,,,,,22,1,,,,,,,120.10288321827,30.281730197962,0
2b8fbf04f3c87f4f9b68b4e1,西辰图文(古墩店),生活服务,图文快印店,浙江省,杭州市,西湖区,浙江省杭州市西湖区古墩路385-16号,2b8fbf04f3c87f4f9b68b4e1,1,0,120.105964,30.287027,(0571)88951996,life,http://api.map.baidu.com/place/detail?uid=2b8fbf04f3c87f4f9b68b4e1&output=html&source=placeapi_v2,,08:30-21:00,3.3,,,,,,,31,11,,,,,,,120.10602782115,30.286976286131,0
998c23136652dd8d0f0e6b9c,恒晟图文(西溪和景店),生活服务,图文快印店,浙江省,杭州市,西湖区,浙江省杭州市西湖区西溪路3幢609室,998c23136652dd8d0f0e6b9c,1,0,120.114139,30.271174,(0571)57158898,life,http://api.map.baidu.com/place/detail?uid=998c23136652dd8d0f0e6b9c&output=html&source=placeapi_v2,,08:30-18:00,3.7,,,,,,,3,5,,,,,,,120.11375221998,30.271105365361,0
9ee392b8c20d8640bbbd63c0,文康数码快印,生活服务,图文快印店,浙江省,杭州市,西湖区,浙江省杭州市西湖区学院路60号集锦饭店3号楼1楼,9ee392b8c20d8640bbbd63c0,1,0,120.137353,30.281623,(0571)88925112,life,http://api.map.baidu.com/place/detail?uid=9ee392b8c20d8640bbbd63c0&output=html&source=placeapi_v2,,08:00-22:00,1,,,,,,,20,3,,,,,,,120.13654030659,30.28134592038,0
4b36aa712ef8826810293534,陈顺图文,生活服务,图文快印店,浙江省,杭州市,西湖区,浙江省杭州市西湖区学院路58号,4b36aa712ef8826810293534,1,0,120.136806,30.280985,"(0571)56835296,13505815344",life,http://api.map.baidu.com/place/detail?uid=4b36aa712ef8826810293534&output=html&source=placeapi_v2,,08:00-20:00,2.8,,,,,,,25,8,,,,,,,120.13685417184,30.280936925857,0
38edea590d30705221022039,恒晟图文(黄龙店),生活服务,图文快印店,浙江省,杭州市,西湖区,浙江省杭州市西湖区黄龙路5号恒励大厦f座1楼,38edea590d30705221022039,1,0,120.142642,30.275671,(0571)88831382,life,http://api.map.baidu.com/place/detail?uid=38edea590d30705221022039&output=html&source=placeapi_v2,,08:00-21:00,5,,,,,,,16,1,,,,,,,120.14280685681,30.275616184837,0
9fdc6febbf644c152efaa7c9,真彩图文数码印刷(文三店),生活服务,图文快印店,浙江省,杭州市,西湖区,浙江省杭州市西湖区文三路25号,9fdc6febbf644c152efaa7c9,1,0,120.155629,30.28372,(0571)87206899,life,http://api.map.baidu.com/place/detail?uid=9fdc6febbf644c152efaa7c9&output=html&source=placeapi_v2,,08:00-24:00,0,,,,,,,26,0,,,,,,,120.15561080257,30.283932784519,0
f0865a1855a3f8bc17b54b56,兵峰图文,生活服务,图文快印店,浙江省,杭州市,西湖区,文欣苑西8-13号,f0865a1855a3f8bc17b54b56,1,0,120.143207,30.288199,(0571)85826236,life,http://api.map.baidu.com/place/detail?uid=f0865a1855a3f8bc17b54b56&output=html&source=placeapi_v2,,08:30-21:00,1,,,,,,,18,3,,,,,,,120.14336329126,30.288024227346,0
cbc8ee0d50a729509de32117,同昱图文,生活服务,图文快印店,浙江省,杭州市,西湖区,浙江省杭州市西湖区文三路20号建工大厦副楼1楼,cbc8ee0d50a729509de32117,1,0,120.155472,30.284917,(0571)88905125,life,http://api.map.baidu.com/place/detail?uid=cbc8ee0d50a729509de32117&output=html&source=placeapi_v2,,08:30-17:30,0.0,,,,,,,3,,,,,,,,120.15594282976,30.284789710745,0
47ad3778f8829441bca8228e,缘启图文(跑马场路店),生活服务,图文快印店,浙江省,杭州市,西湖区,杭州市西湖区跑马场路黄龙雅苑1幢3号底商,47ad3778f8829441bca8228e,1,0,120.144928,30.274804,(0571)85028518,life,http://api.map.baidu.com/place/detail?uid=47ad3778f8829441bca8228e&output=html&source=placeapi_v2,,09:00-19:00,5,,,,,,,16,2,,,,,,,,,0
178cd179f3d2a245c61b754d,宏光图文(文三店),生活服务,图文快印店,浙江省,杭州市,西湖区,浙江省杭州市西湖区文三路498号天苑花园2幢,178cd179f3d2a245c61b754d,1,0,120.129192,30.283011,"(0571)88826135,(0571)88826153",life,http://api.map.baidu.com/place/detail?uid=178cd179f3d2a245c61b754d&output=html&source=placeapi_v2,,08:00-23:00,,,,,,,,1,,,,,,,,120.12920024778,30.282882590508,0
796c3be335c1f801a1a934a1,杭文复印社,生活服务,图文快印店,浙江省,杭州市,西湖区,浙江省杭州市西湖区西溪路76号,796c3be335c1f801a1a934a1,1,0,120.148513,30.276204,"(0571)87975862,13858124267",life,http://api.map.baidu.com/place/detail?uid=796c3be335c1f801a1a934a1&output=html&source=placeapi_v2,,09:00-21:00,2.5,,,,,,,15,2,,,,,,,120.14846105068,30.276121743335,0
55e0558986db05b745e274ee,紫南图文(保m路店),生活服务,图文快印店,浙江省,杭州市,西湖区,浙江省杭州市西湖区保m路190号,55e0558986db05b745e274ee,1,0,120.153201,30.275421,"(0571)87859539,13305815120",life,http://api.map.baidu.com/place/detail?uid=55e0558986db05b745e274ee&output=html&source=placeapi_v2,,08:00-22:00,4.6,,,,,,,23,31,,,,,,,120.15322959319,30.275366441773,0
1655dee954ce4e1b09b93a81,真彩图文数码印刷(教工店),生活服务,图文快印店,浙江省,杭州市,西湖区,浙江省杭州市西湖区教工路23号1楼,1655dee954ce4e1b09b93a81,1,0,120.141932,30.280778,(0571)88210781,life,http://api.map.baidu.com/place/detail?uid=1655dee954ce4e1b09b93a81&output=html&source=placeapi_v2,,,0,,,,,,,14,0,,,,,,,120.14192660482,30.280977318264,0
9f97b1c5be43a078b64f5433,靓丽图文,生活服务,图文快印店,浙江省,杭州市,西湖区,浙江省杭州市西湖区文三路259号昌地火炬大厦3号楼1楼,9f97b1c5be43a078b64f5433,1,0,120.14118,30.283107,"(0571)88212498,(0571)88853921",life,http://api.map.baidu.com/place/detail?uid=9f97b1c5be43a078b64f5433&output=html&source=placeapi_v2,,08:00-20:00,3.4,,,,,,,29,5,,,,,,,120.14120600031,30.283164040676,0
4be4a88bb636741fc056ac90,新美图文(体育场路店),生活服务,图文快印店,浙江省,杭州市,西湖区,浙江省杭州市西湖区体育场路559号,4be4a88bb636741fc056ac90,1,0,120.155288,30.27369,15888839575,life,http://api.map.baidu.com/place/detail?uid=4be4a88bb636741fc056ac90&output=html&source=placeapi_v2,,10:00-21:00,5,,,,,,,28,3,,,,,,,120.15522173421,30.273833591553,0
1322e5a5e97e2bdb07fef5bb,凡石图文,生活服务,图文快印店,浙江省,杭州市,西湖区,浙江省杭州市西湖区黄姑山路9号天科大厦1层109室,1322e5a5e97e2bdb07fef5bb,1,0,120.139953,30.280372,(0571)88070109,life,http://api.map.baidu.com/place/detail?uid=1322e5a5e97e2bdb07fef5bb&output=html&source=placeapi_v2,,08:00-18:00,1,,,,,,,15,3,,,,,,,120.14011853142,30.280386546339,0
7f8267da4190edcfd6b74edb,诚诚文印,生活服务,图文快印店,浙江省,杭州市,西湖区,浙江省杭州市西湖区浙大路38号,7f8267da4190edcfd6b74edb,1,0,120.130099,30.274,(0571)87978444,life,http://api.map.baidu.com/place/detail?uid=7f8267da4190edcfd6b74edb&output=html&source=placeapi_v2,,11:00-23:00,1,,,,,,,8,2,,,,,,,120.13024754416,30.274054788902,0
e62201d3dba00661b6f42f3b,华新图文(华星店),生活服务,图文快印店,浙江省,杭州市,西湖区,浙江省杭州市西湖区工专路9号,e62201d3dba00661b6f42f3b,1,0,120.133331,30.284976,(0571)88916600,life,http://api.map.baidu.com/place/detail?uid=e62201d3dba00661b6f42f3b&output=html&source=placeapi_v2,,08:00-23:00,2.3,,,,,,,28,3,,,,,,,120.13312148967,30.28497751724,0
3ec52c8f7f4f2f94ca09f07b,水平图文(马塍店),生活服务,图文快印店,浙江省,杭州市,西湖区,浙江省杭州市西湖区马塍路3~6号,3ec52c8f7f4f2f94ca09f07b,1,0,120.15695,30.28011,"(0571)88215913,(0571)88218589",life,http://api.map.baidu.com/place/detail?uid=3ec52c8f7f4f2f94ca09f07b&output=html&source=placeapi_v2,,10:00-22:00,5,,,,,,,15,1,,,,,,,120.15682674801,30.280032529971,0
c11db60a0c2a0d3d343a7186,杨子图文影像,生活服务,图文快印店,浙江省,杭州市,西湖区,浙江省杭州市西湖区浙大路30号,c11db60a0c2a0d3d343a7186,1,0,120.133348,30.267397,13867414216,life,http://api.map.baidu.com/place/detail?uid=c11db60a0c2a0d3d343a7186&output=html&source=placeapi_v2,,08:00-19:30,1,,,,,,,17,5,,,,,,,120.13333381316,30.267334457122,0
bbcd23690115ed559d9d68a5,创想图文(文三路店),生活服务,图文快印店,浙江省,杭州市,西湖区,浙江省杭州市西湖区文三路54号,bbcd23690115ed559d9d68a5,1,0,120.154329,30.284077,(0571)88835915,life,http://api.map.baidu.com/place/detail?uid=bbcd23690115ed559d9d68a5&output=html&source=placeapi_v2,,08:00-21:00,1,,,,,,,20,3,,,,,,,120.1543375677,30.284005100169,0
f633606adb697a300b69d926,华崛图文,生活服务,图文快印店,浙江省,杭州市,西湖区,浙江省杭州市西湖区保m路234号,f633606adb697a300b69d926,1,0,120.152618,30.277402,(0571)85112471,life,http://api.map.baidu.com/place/detail?uid=f633606adb697a300b69d926&output=html&source=placeapi_v2,,08:00-23:00,1,,,,,,,25,2,,,,,,,120.15260294425,30.277345975825,0
91df7e3359ab1ac3bea240d4,宏盛文印(体育场路店),生活服务,图文快印店,浙江省,杭州市,西湖区,浙江省杭州市西湖区体育场路548号,91df7e3359ab1ac3bea240d4,1,0,120.158059,30.274963,"(0571)85111404,15858208074",life,http://api.map.baidu.com/place/detail?uid=91df7e3359ab1ac3bea240d4&output=html&source=placeapi_v2,,08:30-21:00,4.5,,,,,,,19,3,,,,,,,120.15811805679,30.274833416841,0
8890b00d0c0ee695b75f1e1b,鼎升图文,生活服务,图文快印店,浙江省,杭州市,西湖区,浙江省杭州市西湖区文三路348-11号,8890b00d0c0ee695b75f1e1b,1,0,120.138811,30.283461,"(0571)56830482,13738077155",life,http://api.map.baidu.com/place/detail?uid=8890b00d0c0ee695b75f1e1b&output=html&source=placeapi_v2,,08:30-22:00,0,,,,,,,22,0,,,,,,,120.13881905794,30.283326781065,0
234c71fdb2d8b07b6d20b964,大谢复印店,生活服务,图文快印店,浙江省,杭州市,西湖区,浙江省杭州市西湖区玉古路147号,,1,0,120.132894,30.268352,(0571)87999686,life,http://api.map.baidu.com/place/detail?uid=234c71fdb2d8b07b6d20b964&output=html&source=placeapi_v2,,08:00-21:00,,,,,,,,1,,,,,,,,,,0
9461a4b47bda25abfb2d611b,恒晟图文(塘苗路店),生活服务,图文快印店,浙江省,杭州市,西湖区,浙江省杭州市西湖区塘苗路18号华星现代产业园1层A102-1号,9461a4b47bda25abfb2d611b,1,0,120.12874,30.280775,(0571)89938832,life,http://api.map.baidu.com/place/detail?uid=9461a4b47bda25abfb2d611b&output=html&source=placeapi_v2,115,09:30-18:00,5,,,,,,,22,3,,,,,,,120.12878876816,30.280682424929,0
8113dea8eb42a0cb260bd026,合众图文(万塘路店),生活服务,图文快印店,浙江省,杭州市,西湖区,浙江杭州市西湖区万塘路56号,8113dea8eb42a0cb260bd026,1,0,120.131034,30.28138,(0571)85026835,life,http://api.map.baidu.com/place/detail?uid=8113dea8eb42a0cb260bd026&output=html&source=placeapi_v2,,,0,,,,,,,15,2,,,,,,,120.13091398742,30.281370032924,0
85bbfc322202389172455bf8,政荣图文,生活服务,图文快印店,浙江省,杭州市,西湖区,浙江省杭州市西湖区马塍路32号,85bbfc322202389172455bf8,1,0,120.153426,30.286324,(0571)88079757,life,http://api.map.baidu.com/place/detail?uid=85bbfc322202389172455bf8&output=html&source=placeapi_v2,,08:00-21:00,0,,,,,,,22,2,,,,,,,120.15354288847,30.286297209479,0
16d8a650efc8bef3da2f289a,星期8图文,生活服务,图文快印店,浙江省,杭州市,西湖区,浙江省杭州市西湖区华星路6-1-10号,16d8a650efc8bef3da2f289a,1,0,120.134191,30.285725,15967103153,life,http://api.map.baidu.com/place/detail?uid=16d8a650efc8bef3da2f289a&output=html&source=placeapi_v2,,08:00-22:00,0,,,,,,,24,2,,,,,,,120.13423975067,30.285606380764,0
c6d4985cdd8149470a5cb308,九莲文印广告店,生活服务,图文快印店,浙江省,杭州市,西湖区,浙江省杭州市西湖区文三路356号,c6d4985cdd8149470a5cb308,1,0,120.136622,30.284074,,life,http://api.map.baidu.com/place/detail?uid=c6d4985cdd8149470a5cb308&output=html&source=placeapi_v2,,08:30-21:00,1,,,,,,,5,1,,,,,,,120.13631553349,30.284064168937,0
04c6d311ac13d6a9e8e58214,创享图文(塘苗路店),生活服务,图文快印店,浙江省,杭州市,西湖区,浙江省杭州市西湖区塘苗路18号a103号,04c6d311ac13d6a9e8e58214,1,0,120.128598,30.280824,,life,http://api.map.baidu.com/place/detail?uid=04c6d311ac13d6a9e8e58214&output=html&source=placeapi_v2,,08:00-20:00,,,,,,,,18,,,,,,,,120.1285988538,30.280683031448,0
da07e45cd11986b1d0ff2340,柯达(玉古路店),生活服务,图文快印店,浙江省,杭州市,西湖区,浙江省杭州市西湖区玉古路杭州玉泉饭店西北门北侧约70米,da07e45cd11986b1d0ff2340,1,0,120.13211,30.266276,,life,http://api.map.baidu.com/place/detail?uid=da07e45cd11986b1d0ff2340&output=html&source=placeapi_v2,,,,,,,,,,4,,,,,,,,120.13195565261,30.266321181211,0
0bced5a8ba972b322b06ce6c,东冷印社,生活服务,图文快印店,浙江省,杭州市,西湖区,浙江省杭州市西湖区万塘路52号,0bced5a8ba972b322b06ce6c,1,0,120.130944,30.281336,13336085988,life,http://api.map.baidu.com/place/detail?uid=0bced5a8ba972b322b06ce6c&output=html&source=placeapi_v2,,10:00-20:00,3.2,,,,,,,22,6,,,,,,,120.13091773066,30.281334328056,0
6bc961be586b2acd2ce67b15,方寸图片社,生活服务,图文快印店,浙江省,杭州市,西湖区,浙江省杭州市西湖区莫干山路武林巷3号,6bc961be586b2acd2ce67b15,1,0,120.15794,30.282097,(0571)88088002,life,http://api.map.baidu.com/place/detail?uid=6bc961be586b2acd2ce67b15&output=html&source=placeapi_v2,,,3.3,,,,,,,14,8,,,,,,,120.15778436504,30.282190909199,0
e85c628384b9e8bab45f1ef8,萱和印章,生活服务,图文快印店,浙江省,杭州市,西湖区,浙江省杭州市西湖区文三路362号,e85c628384b9e8bab45f1ef8,1,0,120.137811,30.283366,13336170357,life,http://api.map.baidu.com/place/detail?uid=e85c628384b9e8bab45f1ef8&output=html&source=placeapi_v2,,08:30-18:30,0,,,,,,,17,0,,,,,,,120.1380823531,30.283238650447,0
298d4e8aeece3e64f942b2b9,全印图文,生活服务,图文快印店,浙江省,杭州市,西湖区,浙江省杭州市西湖区教工路79号3楼,,1,0,120.140933,30.286964,13396557302,life,http://api.map.baidu.com/place/detail?uid=298d4e8aeece3e64f942b2b9&output=html&source=placeapi_v2,,,,,,,,,,,,,,,,,,120.1408706943,30.286990644637,0
120bc65d2930064c8415412f,图文快印,生活服务,图文快印店,浙江省,杭州市,拱墅区,杭州市拱墅区直戒坛寺巷如家酒店(武林广场店),120bc65d2930064c8415412f,1,0,120.16816,30.274371,,life,http://api.map.baidu.com/place/detail?uid=120bc65d2930064c8415412f&output=html&source=placeapi_v2,,,,,,,,,,1,,,,,,,,120.16830561741,30.274383882342,0
112b47196e6667a4eb12e430,印之美图文(东园街店),生活服务,图文快印店,浙江省,杭州市,拱墅区,浙江省杭州市拱墅区东园街16号,112b47196e6667a4eb12e430,1,0,120.187704,30.273033,(0571)85964839,life,http://api.map.baidu.com/place/detail?uid=112b47196e6667a4eb12e430&output=html&source=placeapi_v2,,08:00-20:00,0,,,,,,,25,1,,,,,,,120.18768903362,30.273149330311,0
144efd013b4e91fff1193738,德洪图文,生活服务,图文快印店,浙江省,杭州市,拱墅区,浙江省杭州市拱墅区太平桥横街16号131号,144efd013b4e91fff1193738,1,0,120.185183,30.269268,(0571)87041402,life,http://api.map.baidu.com/place/detail?uid=144efd013b4e91fff1193738&output=html&source=placeapi_v2,,08:00-21:00,4.5,,,,,,,17,3,,,,,,,120.18523530698,30.269275880208,0
84260180c676e77716a19007,林达图文广告,生活服务,图文快印店,浙江省,杭州市,拱墅区,浙江省杭州市拱墅区林司后79号,84260180c676e77716a19007,1,0,120.18185,30.269215,(0571)85124885,life,http://api.map.baidu.com/place/detail?uid=84260180c676e77716a19007&output=html&source=placeapi_v2,,08:00-21:00,0,,,,,,,23,2,,,,,,,120.18188404597,30.269214982956,0
0eb8f6407152ea8d01294fd3,林芸图文,生活服务,图文快印店,浙江省,杭州市,拱墅区,浙江省杭州市拱墅区体育场路43-3号3单元,0eb8f6407152ea8d01294fd3,1,0,120.191413,30.275996,15858227439,life,http://api.map.baidu.com/place/detail?uid=0eb8f6407152ea8d01294fd3&output=html&source=placeapi_v2,,08:30-22:00,0,,,,,,,19,1,,,,,,,120.19140865263,30.276076060827,0
0d59a74aaefa48eb100daa51,宏图数码图文,生活服务,图文快印店,浙江省,杭州市,拱墅区,浙江省杭州市拱墅区刀茅巷220号,0d59a74aaefa48eb100daa51,1,0,120.193012,30.274587,(0571)85287650,life,http://api.map.baidu.com/place/detail?uid=0d59a74aaefa48eb100daa51&output=html&source=placeapi_v2,,08:00-20:00,5,,,,,,,17,4,,,,,,,120.19300827154,30.274622730806,0
f000b929c002090b35b06cd8,政勇图文店,生活服务,图文快印店,浙江省,杭州市,拱墅区,杭州市拱墅区永康苑40幢108号,f000b929c002090b35b06cd8,1,0,120.188253,30.278841,17767149593,life,http://api.map.baidu.com/place/detail?uid=f000b929c002090b35b06cd8&output=html&source=placeapi_v2,,08:00-22:00,,,,,,,,3,,,,,,,,120.18827684432,30.278767460858,0
3f56c4f64f2c6535e215f99e,睿彩图文快印(孩儿巷),生活服务,图文快印店,浙江省,杭州市,拱墅区,浙江省杭州市拱墅区孩儿巷115号,3f56c4f64f2c6535e215f99e,1,0,120.173068,30.267395,15057127698,life,http://api.map.baidu.com/place/detail?uid=3f56c4f64f2c6535e215f99e&output=html&source=placeapi_v2,,08:30-21:30,0,,,,,,,17,0,,,,,,,120.17288606732,30.267582839197,0
5e0177365fdce59ab05c6a26,艺锦图文,生活服务,图文快印店,浙江省,杭州市,拱墅区,浙江省杭州市拱墅区建国北路103号,5e0177365fdce59ab05c6a26,1,0,120.1871,30.267349,(0571)87870150,life,http://api.map.baidu.com/place/detail?uid=5e0177365fdce59ab05c6a26&output=html&source=placeapi_v2,,08:00-20:00,0,,,,,,,18,2,,,,,,,120.18731032685,30.267355517082,0
821b8af253e59f13e0110301,翔涛图文(凤起店),生活服务,图文快印店,浙江省,杭州市,拱墅区,浙江省杭州市拱墅区凤起路石板巷200号2单元,821b8af253e59f13e0110301,1,0,120.1909,30.269681,15958106822,life,http://api.map.baidu.com/place/detail?uid=821b8af253e59f13e0110301&output=html&source=placeapi_v2,,08:30-21:00,1.0,,,,,,,15,2,,,,,,,120.19081855638,30.269869726599,0
5d3f661768064ca5a6da39df,荭林图文,生活服务,图文快印店,浙江省,杭州市,拱墅区,浙江省杭州市拱墅区环城北路57号5号,5d3f661768064ca5a6da39df,1,0,120.18884,30.279984,18105711312,life,http://api.map.baidu.com/place/detail?uid=5d3f661768064ca5a6da39df&output=html&source=placeapi_v2,,08:30-21:00,3,,,,,,,20,1,,,,,,,120.1887684986,30.279986818881,0
afa5abbc05866e9d6b49f373,精典文印,生活服务,图文快印店,浙江省,杭州市,上城区,浙江省杭州市上城区庆春东路32-5号,afa5abbc05866e9d6b49f373,1,0,120.203953,30.263603,18957123334,life,http://api.map.baidu.com/place/detail?uid=afa5abbc05866e9d6b49f373&output=html&source=placeapi_v2,,09:00-21:00,2.6,,,,,,,17,6,,,,,,,120.20395468113,30.263435222899,0
e4d9d14f215d2b362811d1d3,恒晟图文(建国路店),生活服务,图文快印店,浙江省,杭州市,拱墅区,浙江省杭州市拱墅区建国北路60号,e4d9d14f215d2b362811d1d3,1,0,120.187636,30.265054,(0571)88051046,life,http://api.map.baidu.com/place/detail?uid=e4d9d14f215d2b362811d1d3&output=html&source=placeapi_v2,115,10:00-18:00,4,,,,,,,30,11,,,,,,,120.18743538718,30.265048040784,0
f6c55195e353c8e83a04b12e,尚仕图文(永通信息广场店),生活服务,图文快印店,浙江省,杭州市,拱墅区,浙江省杭州市拱墅区环城北路141号永通信息广场1楼,f6c55195e353c8e83a04b12e,1,0,120.182317,30.279608,13023633988,life,http://api.map.baidu.com/place/detail?uid=f6c55195e353c8e83a04b12e&output=html&source=placeapi_v2,,,,,,,,,,,,,,,,,,,,0
39344dedf61a4aa62d473380,真彩图文数码印刷(延安路店),生活服务,图文快印店,浙江省,杭州市,拱墅区,浙江省杭州市拱墅区延安路484号,39344dedf61a4aa62d473380,1,0,120.170799,30.270927,(0571)88028767,life,http://api.map.baidu.com/place/detail?uid=39344dedf61a4aa62d473380&output=html&source=placeapi_v2,,08:00-19:00,3,,,,,,,6,3,,,,,,,,,0
2aabea58556d19d58e77279a,美佳图文(大学路店),生活服务,图文快印店,浙江省,杭州市,上城区,浙江省杭州市上城区上大学路44号,2aabea58556d19d58e77279a,1,0,120.189198,30.257993,(0571)87922449,life,http://api.map.baidu.com/place/detail?uid=2aabea58556d19d58e77279a&output=html&source=placeapi_v2,,08:00-22:00,,,,,,,,6,,,,,,,,120.18909744281,30.25800228169,0
6f0cf35e5fdc92adc8213da3,精彬图文,生活服务,图文快印店,浙江省,杭州市,上城区,浙江省杭州市上城区建国中路150号,6f0cf35e5fdc92adc8213da3,1,0,120.187403,30.259444,(0571)87791845,life,http://api.map.baidu.com/place/detail?uid=6f0cf35e5fdc92adc8213da3&output=html&source=placeapi_v2,,08:30-22:00,0.0,,,,,,,18,2,,,,,,,120.18726906751,30.259575397579,0
dece553bf37247ad932ca398,闻苑图文(凤起东路店),生活服务,图文快印店,浙江省,杭州市,上城区,浙江省杭州市上城区凤起东路29-1号,dece553bf37247ad932ca398,1,0,120.200101,30.269327,(0571)86047139,life,http://api.map.baidu.com/place/detail?uid=dece553bf37247ad932ca398&output=html&source=placeapi_v2,,08:00-17:30,0,,,,,,,17,0,,,,,,,120.20009284437,30.269229319084,0
62b39c5de53fa2e058f6bed4,万升图文,生活服务,图文快印店,浙江省,杭州市,上城区,浙江省杭州市上城区建国中路157号,62b39c5de53fa2e058f6bed4,1,0,120.187119,30.261092,"(0571)87783060,(0571)87783420",life,http://api.map.baidu.com/place/detail?uid=62b39c5de53fa2e058f6bed4&output=html&source=placeapi_v2,,09:00-18:00,1,,,,,,,31,4,,,,,,,120.18730896694,30.261103751642,0
62fa3dc29760e72501294f5d,延凤图文,生活服务,图文快印店,浙江省,杭州市,拱墅区,浙江省杭州市拱墅区凤起路大和里6幢2底层2单元,62fa3dc29760e72501294f5d,1,0,120.171437,30.269428,15268152581,life,http://api.map.baidu.com/place/detail?uid=62fa3dc29760e72501294f5d&output=html&source=placeapi_v2,,09:00-21:00,5,,,,,,,22,2,,,,,,,120.17133271654,30.269424047938,0
ad409831505194efd7851f8b,鑫元图文(快印),生活服务,图文快印店,浙江省,杭州市,上城区,浙江省杭州市上城区凯旋路431号,ad409831505194efd7851f8b,1,0,120.196659,30.281092,"(0571)86055163,18167106867",life,http://api.map.baidu.com/place/detail?uid=ad409831505194efd7851f8b&output=html&source=placeapi_v2,,10:00-22:00,0.0,,,,,,,7,,,,,,,,120.19680900036,30.281167042123,0
7a37494c5b8231e1e215f92d,平峰图文,生活服务,图文快印店,浙江省,杭州市,拱墅区,浙江省杭州市拱墅区屏风街78号,7a37494c5b8231e1e215f92d,1,0,120.176312,30.272956,(0571)85064627,life,http://api.map.baidu.com/place/detail?uid=7a37494c5b8231e1e215f92d&output=html&source=placeapi_v2,,08:00-21:00,5,,,,,,,23,3,,,,,,,120.17637080608,30.27288402508,0
f76997c63aa95ac4f82d6167,庆和图文,生活服务,图文快印店,浙江省,杭州市,上城区,浙江省杭州市上城区庆春东路南肖埠庆和苑4幢1102号,f76997c63aa95ac4f82d6167,1,0,120.199881,30.264283,(0571)86963451,life,http://api.map.baidu.com/place/detail?uid=f76997c63aa95ac4f82d6167&output=html&source=placeapi_v2,,08:00-20:00,5,,,,,,,15,5,,,,,,,120.19988714929,30.264220262618,0
5c5b36010f33fa91c5f50d4e,杭州城东复印经营部,生活服务,图文快印店,浙江省,杭州市,上城区,浙江省杭州市上城区机场路18-8号,5c5b36010f33fa91c5f50d4e,1,0,120.197808,30.283835,(0571)86044358,life,http://api.map.baidu.com/place/detail?uid=5c5b36010f33fa91c5f50d4e&output=html&source=placeapi_v2,,08:00-17:30,0,,,,,,,22,2,,,,,,,120.19766337695,30.283870032664,0
d6df91c1193d1b14f7b9162d,恒定图文(朝晖店),生活服务,图文快印店,浙江省,杭州市,拱墅区,浙江省杭州市拱墅区朝晖路191号,d6df91c1193d1b14f7b9162d,1,0,120.177065,30.282804,(0571)81390167,life,http://api.map.baidu.com/place/detail?uid=d6df91c1193d1b14f7b9162d&output=html&source=placeapi_v2,,10:00-22:00,5,,,,,,,18,3,,,,,,,120.17701642984,30.282888572537,0
c8744fd8f6c50f7832f71d3e,卓奇图文印章(中北店),生活服务,图文快印店,浙江省,杭州市,拱墅区,浙江省杭州市拱墅区中山北路359号,c8744fd8f6c50f7832f71d3e,1,0,120.174838,30.27187,(0571)85172698,life,http://api.map.baidu.com/place/detail?uid=c8744fd8f6c50f7832f71d3e&output=html&source=placeapi_v2,,08:00-20:00,1,,,,,,,14,7,,,,,,,120.1749047736,30.271890020857,0
6f5f46933787a595f942b2c3,姣姣图文快印,生活服务,图文快印店,浙江省,杭州市,拱墅区,浙江省杭州市拱墅区孩儿巷12号,6f5f46933787a595f942b2c3,1,0,120.175063,30.266611,(0571)87014621,life,http://api.map.baidu.com/place/detail?uid=6f5f46933787a595f942b2c3&output=html&source=placeapi_v2,,08:30-22:00,,,,,,,,23,,,,,,,,120.17504828517,30.266549850402,0
35b9b88fda3d314597ec84f5,嘉亿图文(清吟街店),生活服务,图文快印店,浙江省,杭州市,上城区,浙江省杭州市上城区清吟街107号,35b9b88fda3d314597ec84f5,1,0,120.18144,30.259401,(0571)87041019,life,http://api.map.baidu.com/place/detail?uid=35b9b88fda3d314597ec84f5&output=html&source=placeapi_v2,,08:00-21:30,0,,,,,,,15,2,,,,,,,120.18139646853,30.259461833622,0
184f9176d590ade41d580074,昆仑数码快印(秋水弄),生活服务,图文快印店,浙江省,杭州市,拱墅区,浙江省杭州市拱墅区中山北路596号,184f9176d590ade41d580074,1,0,120.172662,30.283492,"(0571)85399288,(0571)85399299",life,http://api.map.baidu.com/place/detail?uid=184f9176d590ade41d580074&output=html&source=placeapi_v2,,08:00-19:30,1.2,,,,,,,20,10,,,,,,,120.17277199959,30.283209040695,0
52eba465fe1dbfdbd13ce3f9,博博图文,生活服务,图文快印店,浙江省,杭州市,上城区,浙江省杭州市上城区凯旋路104号,52eba465fe1dbfdbd13ce3f9,1,0,120.197327,30.260262,15868483269,life,http://api.map.baidu.com/place/detail?uid=52eba465fe1dbfdbd13ce3f9&output=html&source=placeapi_v2,,,3,,,,,,,21,4,,,,,,,120.19736214455,30.260319715841,0
b07f2b61286038b805026fbf,恒晟图文(朝晖路店),生活服务,图文快印店,浙江省,杭州市,拱墅区,浙江省杭州市拱墅区朝晖路221号中山花园春晓苑1层,,1,0,120.173031,30.281678,"(0571)85394135,(0571)85394136",life,http://api.map.baidu.com/place/detail?uid=b07f2b61286038b805026fbf&output=html&source=placeapi_v2,,09:00-21:00,0,,,,,,,13,2,,,,,,,120.17303192699,30.281824037745,0
e16d049d69e739d92dfaa735,清诚图文,生活服务,图文快印店,浙江省,杭州市,拱墅区,浙江省杭州市拱墅区文晖路46号现代置业大厦西楼1楼102室,e16d049d69e739d92dfaa735,1,0,120.185381,30.288858,"(0571)56551265,18857118517",life,http://api.map.baidu.com/place/detail?uid=e16d049d69e739d92dfaa735&output=html&source=placeapi_v2,,08:30-20:00,5,,,,,,,12,2,,,,,,,120.18536417135,30.289195855621,0
a3dba65bf7dff6ceab0dd832,木子图文(朝晖路店),生活服务,图文快印店,浙江省,杭州市,拱墅区,浙江省杭州市拱墅区朝晖路159号,a3dba65bf7dff6ceab0dd832,1,0,120.181267,30.284203,(0571)85461311,life,http://api.map.baidu.com/place/detail?uid=a3dba65bf7dff6ceab0dd832&output=html&source=placeapi_v2,,08:00-22:00,,,,,,,,7,1,,,,,,,120.18126359893,30.284348684106,0
cb3c54213f6e260509ccdd13,左岸图文(朝晖店),生活服务,图文快印店,浙江省,杭州市,拱墅区,浙江省杭州市拱墅区上塘路28号钛合国际2期,cb3c54213f6e260509ccdd13,1,0,120.177073,30.284522,(0571)81390535,life,http://api.map.baidu.com/place/detail?uid=cb3c54213f6e260509ccdd13&output=html&source=placeapi_v2,,08:00-24:00,,,,,,,,10,,,,,,,,120.17683337265,30.284399316295,0
3c16035df55d3cb7223bf2dd,湘科图文,生活服务,图文快印店,浙江省,杭州市,上城区,浙江省杭州市上城区中河中路186号,3c16035df55d3cb7223bf2dd,1,0,120.178824,30.259052,15906606983,life,http://api.map.baidu.com/place/detail?uid=3c16035df55d3cb7223bf2dd&output=html&source=placeapi_v2,,08:30-22:00,5,,,,,,,22,3,,,,,,,120.17875704898,30.259048544575,0
d00a69482ce344cdab175a67,怿怿图文,生活服务,图文快印店,浙江省,杭州市,上城区,浙江省杭州市上城区凤起东路32号,d00a69482ce344cdab175a67,1,0,120.199144,30.268896,"(0571)88302920,18958098389",life,http://api.map.baidu.com/place/detail?uid=d00a69482ce344cdab175a67&output=html&source=placeapi_v2,,10:00-22:00,0.0,,,,,,,21,,,,,,,,120.19916414351,30.268996162101,0
521b9e6abe329d586f3e1b63,瑞通图文,生活服务,图文快印店,浙江省,杭州市,拱墅区,浙江杭州市拱墅区建国北路739-2号,521b9e6abe329d586f3e1b63,1,0,120.183633,30.285405,(0571)85456004,life,http://api.map.baidu.com/place/detail?uid=521b9e6abe329d586f3e1b63&output=html&source=placeapi_v2,,,0,,,,,,,21,2,,,,,,,120.18356259176,30.285353758647,0
c61bd30569ad1516c27da229,集思图文(朝晖店),生活服务,图文快印店,浙江省,杭州市,拱墅区,浙江杭州市拱墅区朝晖路154号,c61bd30569ad1516c27da229,1,0,120.178541,30.284144,"(0571)85785120,(0571)85785132",life,http://api.map.baidu.com/place/detail?uid=c61bd30569ad1516c27da229&output=html&source=placeapi_v2,,08:00-19:00,0,,,,,,,19,2,,,,,,,120.17864663556,30.283961494242,0
e39ddd293442a6666f4760ff,四捷图文(朝晖路店),生活服务,图文快印店,浙江省,杭州市,拱墅区,浙江省杭州市拱墅区朝晖路125号,e39ddd293442a6666f4760ff,1,0,120.183023,30.283923,(0571)85452401,life,http://api.map.baidu.com/place/detail?uid=e39ddd293442a6666f4760ff&output=html&source=placeapi_v2,,09:00-19:00,0,,,,,,,25,2,,,,,,,120.18301425085,30.284089501053,0
5b99db8ae42b31d6adcb661b,天水印章(中山北路店),生活服务,图文快印店,浙江省,杭州市,拱墅区,浙江省杭州市拱墅区中山北路402号,5b99db8ae42b31d6adcb661b,1,0,120.174487,30.273617,(0571)85171273,life,http://api.map.baidu.com/place/detail?uid=5b99db8ae42b31d6adcb661b&output=html&source=placeapi_v2,,,0,,,,,,,7,2,,,,,,,120.1744700656,30.273668371423,0
2a7a25ec90698a626c3e1b0e,杭州现代工艺刻印有限公司,生活服务,图文快印店,浙江省,杭州市,拱墅区,浙江省杭州市拱墅区中山北路335号,2a7a25ec90698a626c3e1b0e,1,0,120.17491,30.271561,"13305812701,13805782701",life,http://api.map.baidu.com/place/detail?uid=2a7a25ec90698a626c3e1b0e&output=html&source=placeapi_v2,,09:00-18:00,0,,,,,,,9,1,,,,,,,120.17499619146,30.271663659779,0
42ec1cb33a7acb03a5da391c,南方印章,生活服务,图文快印店,浙江省,杭州市,拱墅区,浙江省杭州市拱墅区建国北路724号,42ec1cb33a7acb03a5da391c,1,0,120.184618,30.284102,"(0571)85304081,18626856508",life,http://api.map.baidu.com/place/detail?uid=42ec1cb33a7acb03a5da391c&output=html&source=placeapi_v2,,09:00-21:00,0,,,,,,,21,0,,,,,,,,,0
6c5ea8c646ac70750aa8d4e9,柯达(环城东路店),生活服务,图文快印店,浙江省,杭州市,上城区,浙江省杭州市上城区环城东路22号,6c5ea8c646ac70750aa8d4e9,1,0,120.19255,30.25587,15067110778,life,http://api.map.baidu.com/place/detail?uid=6c5ea8c646ac70750aa8d4e9&output=html&source=placeapi_v2,,08:00-21:00,,,,,,,,5,,,,,,,,120.19260206498,30.255737642457,0
eab498b6eb2bd00002897233,湘文图文(新塘路店),生活服务,图文快印店,浙江省,杭州市,上城区,浙江省杭州市上城区新塘路260号,eab498b6eb2bd00002897233,1,0,120.214435,30.277082,"(0571)86983229,13575738993",life,http://api.map.baidu.com/place/detail?uid=eab498b6eb2bd00002897233&output=html&source=placeapi_v2,,08:00-22:00,4,,,,,,,26,3,,,,,,,120.21420086427,30.277136958608,0
5cbd54e9691afe5af33cba6e,湘勇图文快印(庆和路店),生活服务,图文快印店,浙江省,杭州市,上城区,浙江省杭州市上城区庆和路7号,5cbd54e9691afe5af33cba6e,1,0,120.223312,30.261399,18069892155,life,http://api.map.baidu.com/place/detail?uid=5cbd54e9691afe5af33cba6e&output=html&source=placeapi_v2,,09:00-22:00,1,,,,,,,24,3,,,,,,,120.22323617919,30.261271239618,0
b00f073b47f4f265901fc903,南洋图文,生活服务,图文快印店,浙江省,杭州市,上城区,浙江省杭州市上城区昙花庵路176号,b00f073b47f4f265901fc903,1,0,120.215878,30.276747,"(0571)86033920,18358144625",life,http://api.map.baidu.com/place/detail?uid=b00f073b47f4f265901fc903&output=html&source=placeapi_v2,,08:00-21:00,5,,,,,,,24,3,,,,,,,120.21588048986,30.276677479766,0
ba260dcf92f5c102ba17e781,领骏图文快印(凤起东路店),生活服务,图文快印店,浙江省,杭州市,上城区,江干区凤起东路304号,ba260dcf92f5c102ba17e781,1,0,120.212446,30.269351,(0571)85301791,life,http://api.map.baidu.com/place/detail?uid=ba260dcf92f5c102ba17e781&output=html&source=placeapi_v2,,08:30-21:00,5,,,,,,,33,5,,,,,,,120.21241683072,30.269471599086,0
ff1b5abf95cbd7193362127c,恒晟图文(万银国际店),生活服务,图文快印店,浙江省,杭州市,上城区,浙江省杭州市上城区民心路100号,ff1b5abf95cbd7193362127c,1,0,120.22554,30.258041,17767155983,life,http://api.map.baidu.com/place/detail?uid=ff1b5abf95cbd7193362127c&output=html&source=placeapi_v2,,08:00-18:00,0,,,,,,,1,0,,,,,,,120.22522082891,30.257642333482,0
146eb1964a1b31de4e5547e5,春宇图文(太平门直街店),生活服务,图文快印店,浙江省,杭州市,上城区,浙江杭州市上城区太平门直街473-1号,146eb1964a1b31de4e5547e5,1,0,120.213144,30.267038,(0571)86436092,life,http://api.map.baidu.com/place/detail?uid=146eb1964a1b31de4e5547e5&output=html&source=placeapi_v2,,08:30-21:30,1,,,,,,,27,5,,,,,,,120.21345719745,30.267047278721,0
0be1f85395c6720cf7231021,春宇图文(太平门直街店),生活服务,图文快印店,浙江省,杭州市,上城区,浙江省杭州市上城区太平门直街719号,0be1f85395c6720cf7231021,1,0,120.222202,30.267532,(0571)86436092,life,http://api.map.baidu.com/place/detail?uid=0be1f85395c6720cf7231021&output=html&source=placeapi_v2,,08:00-22:00,0,,,,,,,16,1,,,,,,,120.22227189135,30.267407342524,0
8baa030e7a56900ddbeced30,丰凯图文制作(钱潮路店),生活服务,图文快印店,浙江省,杭州市,上城区,浙江省杭州市上城区钱潮路350号,8baa030e7a56900ddbeced30,1,0,120.221504,30.268509,13588111100,life,http://api.map.baidu.com/place/detail?uid=8baa030e7a56900ddbeced30&output=html&source=placeapi_v2,,08:00-20:00,3,,,,,,,19,5,,,,,,,120.22131366886,30.268488325696,0
861c99258a40734b6c476064,竞思真彩图文数码印刷(新塘店),生活服务,图文快印店,浙江省,杭州市,上城区,浙江省杭州市上城区新塘路59号,861c99258a40734b6c476064,1,0,120.214081,30.267915,(0571)87698600,life,http://api.map.baidu.com/place/detail?uid=861c99258a40734b6c476064&output=html&source=placeapi_v2,,08:00-22:00,3,,,,,,,20,5,,,,,,,120.21435981958,30.267936562789,0
37f369f097e8dca5b320a859,悦野图文,生活服务,图文快印店,浙江省,杭州市,上城区,浙江省杭州市上城区顺福路215号,37f369f097e8dca5b320a859,1,0,120.217602,30.267493,"(0571)86965706,13396572066",life,http://api.map.baidu.com/place/detail?uid=37f369f097e8dca5b320a859&output=html&source=placeapi_v2,,08:00-22:00,0,,,,,,,21,2,,,,,,,120.21775176836,30.267544354596,0
5e1aec0b81354059e6073809,丰吉图文(广景弄店),生活服务,图文快印店,浙江省,杭州市,上城区,杭州市上城区广景弄与蔚蓝北巷交叉路口东北侧(广景苑),5e1aec0b81354059e6073809,1,0,120.211749,30.271727,(0571)88921657,life,http://api.map.baidu.com/place/detail?uid=5e1aec0b81354059e6073809&output=html&source=placeapi_v2,,08:00-19:00,0.0,,,,,,,23,,,,,,,,120.21177569753,30.271662893274,0
f4193774dad769ccfbf0cbb0,联创图文(艮山西路店),生活服务,图文快印店,浙江省,杭州市,上城区,浙江省杭州市上城区艮山西路78号东门大厦1楼,f4193774dad769ccfbf0cbb0,1,0,120.216456,30.28455,18668017080,life,http://api.map.baidu.com/place/detail?uid=f4193774dad769ccfbf0cbb0&output=html&source=placeapi_v2,,,,,,,,,,14,,,,,,,,120.2165075655,30.284474263332,0
7baf7af97c273bb788f15db8,湘泽图文(风起路店),生活服务,图文快印店,浙江省,杭州市,上城区,浙江省杭州市上城区凤起东路181号,7baf7af97c273bb788f15db8,1,0,120.212888,30.269349,18158420460,life,http://api.map.baidu.com/place/detail?uid=7baf7af97c273bb788f15db8&output=html&source=placeapi_v2,,08:30-22:00,5.0,,,,,,,17,1,,,,,,,120.21294543561,30.269404666387,0
7dbfb624617ff2053617dcf3,1112打印店,生活服务,图文快印店,浙江省,杭州市,余杭区,杭州市余杭区杭州师范大学精思苑,,1,0,120.028694,30.297701,,life,http://api.map.baidu.com/place/detail?uid=7dbfb624617ff2053617dcf3&output=html&source=placeapi_v2,,,5,,,,,,,,5,,,,,,,120.02838458819,30.297931574664,0
ded4f39679f1fc0adc1e5209,恒晟图文(EFC店),生活服务,图文快印店,浙江省,杭州市,余杭区,浙江省杭州市余杭区海鸥路40-8-6号2楼,ded4f39679f1fc0adc1e5209,1,0,120.011841,30.288997,(0571)89363363,life,http://api.map.baidu.com/place/detail?uid=ded4f39679f1fc0adc1e5209&output=html&source=placeapi_v2,,09:00-21:00,5,,,,,,,5,9,,,,,,,120.01194893816,30.289029122257,0
da4e4db3e9c9a9e6a0d230fa,鸿隽图文数码印刷(海邦四店),生活服务,图文快印店,浙江省,杭州市,余杭区,浙江省杭州市余杭区向往街1008号乐富海邦园14幢1楼,da4e4db3e9c9a9e6a0d230fa,1,0,120.015584,30.289841,(0571)88735357,life,http://api.map.baidu.com/place/detail?uid=da4e4db3e9c9a9e6a0d230fa&output=html&source=placeapi_v2,,08:30-20:30,5,,,,,,,15,1,,,,,,,,,0
b162cd29afae72b3a6da39e9,逸晟广告图文,生活服务,图文快印店,浙江省,杭州市,余杭区,浙江省杭州市临平区仓兴街338号,b162cd29afae72b3a6da39e9,1,0,119.999137,30.294002,"(0571)86134480,15888866522",life,http://api.map.baidu.com/place/detail?uid=b162cd29afae72b3a6da39e9&output=html&source=placeapi_v2,,09:00-19:00,,,,,,,,10,,,,,,,,,,0
7c39e6633241cbefa1d23093,兴高图文(杭师大店),生活服务,图文快印店,浙江省,杭州市,余杭区,杭州市临平区捷瑞达科技园1幢1-103室,7c39e6633241cbefa1d23093,1,0,120.02075,30.291989,(0571)88619961,life,http://api.map.baidu.com/place/detail?uid=7c39e6633241cbefa1d23093&output=html&source=placeapi_v2,,09:00-19:00,5,,,,,,,15,1,,,,,,,120.02069205316,30.291730638964,0
432c99ef42929b9a3362124c,水平图文(公元里店),生活服务,图文快印店,浙江省,杭州市,西湖区,浙江省杭州市西湖区西溪路560郡原公元里15幢202号,432c99ef42929b9a3362124c,1,0,120.064977,30.293307,(0571)58100619,life,http://api.map.baidu.com/place/detail?uid=432c99ef42929b9a3362124c&output=html&source=placeapi_v2,,08:00-22:00,5,,,,,,,3,1,,,,,,,120.06496235698,30.293114169888,0
1b2b37a4f4f6298a04026ff3,橙子图文(八方城店),生活服务,图文快印店,浙江省,杭州市,余杭区,浙江省杭州市临平区同顺街西溪八方城11幢102室,,1,0,120.052285,30.29635,18329128560,life,http://api.map.baidu.com/place/detail?uid=1b2b37a4f4f6298a04026ff3&output=html&source=placeapi_v2,,08:30-21:30,,,,,,,,15,,,,,,,,,,0
0b589425b63b3809725e80d4,恒晟图文(西溪八方城店),生活服务,图文快印店,浙江省,杭州市,余杭区,浙江省杭州市临平区五常街道西溪八方城10号楼102室,,1,0,120.051324,30.295994,19957122550,life,http://api.map.baidu.com/place/detail?uid=0b589425b63b3809725e80d4&output=html&source=placeapi_v2,,09:30-17:30,,,,,,,,22,12,,,,,,,120.05135591386,30.295913148207,0
f303a25a691b9be251e5c579,笔锋图文(浙大森林店),生活服务,图文快印店,浙江省,杭州市,西湖区,浙江省杭州市西湖区西园八路浙大森林e1e1-106室,,1,0,120.069769,30.313553,13758121888,life,http://api.map.baidu.com/place/detail?uid=f303a25a691b9be251e5c579&output=html&source=placeapi_v2,,09:00-17:30,1.0,,,,,,,2,1,,,,,,,120.06989064965,30.31328631226,0
e880c08941383a70c27da2af,恒晟图文(公元里店),生活服务,图文快印店,浙江省,杭州市,西湖区,浙江省杭州市西湖区文一西路崇义路郡原公园里9幢1楼2单元102室,e880c08941383a70c27da2af,1,0,120.06536,30.293804,(0571)86695039,life,http://api.map.baidu.com/place/detail?uid=e880c08941383a70c27da2af&output=html&source=placeapi_v2,,09:30-18:30,5,,,,,,,12,4,,,,,,,120.06537087938,30.29387943116,0
d962a049787f5fff077ce880,巧天图文快印(古墩路店),生活服务,图文快印店,浙江省,杭州市,西湖区,杭州市西湖区古墩路597号冠苑底商,d962a049787f5fff077ce880,1,0,120.103921,30.302171,,life,http://api.map.baidu.com/place/detail?uid=d962a049787f5fff077ce880&output=html&source=placeapi_v2,,10:00-20:00,,,,,,,,13,1,,,,,,,120.10405194338,30.302178409631,0
0852b6afb2bdc3fc1d58009d,水平图文(余杭塘路店),生活服务,图文快印店,浙江省,杭州市,西湖区,浙江省杭州市西湖区马塍路3~6号,,1,0,120.101319,30.301298,(0571)56072158,life,http://api.map.baidu.com/place/detail?uid=0852b6afb2bdc3fc1d58009d&output=html&source=placeapi_v2,,08:00-20:00,,,,,,,,5,,,,,,,,120.10130041474,30.301009242679,0
4124b84ba6f8dce3eb1e973c,宏光图文(紫金港店),生活服务,图文快印店,浙江省,杭州市,西湖区,浙江省杭州市西湖区申花路789号剑桥公社a1号,4124b84ba6f8dce3eb1e973c,1,0,120.100554,30.311722,(0571)89987567,life,http://api.map.baidu.com/place/detail?uid=4124b84ba6f8dce3eb1e973c&output=html&source=placeapi_v2,,08:00-24:00,5,,,,,,,20,2,,,,,,,120.10047422832,30.3118828836,0
f824860e8eafddbdc056aca6,笔锋图文(农生环店),生活服务,图文快印店,浙江省,杭州市,西湖区,浙江省杭州市西湖区余杭塘路浙江大学紫金港校区西区d座a112号,,1,0,120.097885,30.304849,13758121888,life,http://api.map.baidu.com/place/detail?uid=f824860e8eafddbdc056aca6&output=html&source=placeapi_v2,,,,,,,,,,,,,,,,,,120.09817702265,30.305227135115,0
324ef8c708c6c2413517dc38,恒晟图文(古墩店),生活服务,图文快印店,浙江省,杭州市,西湖区,浙江省杭州市西湖区古墩路600号同人精华大厦a座1楼,324ef8c708c6c2413517dc38,1,0,120.105079,30.307787,(0571)85198469,life,http://api.map.baidu.com/place/detail?uid=324ef8c708c6c2413517dc38&output=html&source=placeapi_v2,,09:00-18:00,4.5,,,,,,,28,8,,,,,,,120.10504975599,30.307603300513,0
f3b017e4ab4c47493904b19f,紫云数码图文店,生活服务,图文快印店,浙江省,杭州市,西湖区,杭州市西湖区迪臣路与泰和路交叉路口往南约250米,f3b017e4ab4c47493904b19f,1,1,120.08893,30.313582,15168493372,life,http://api.map.baidu.com/place/detail?uid=f3b017e4ab4c47493904b19f&output=html&source=placeapi_v2,,09:00-23:00,4.5,,,,,,,26,4,,,,,,,120.0888478738,30.313667082606,1
af9ff542041ede46bda240d2,蓝钻绚彩图文数码印刷(余杭塘路店),生活服务,图文快印店,浙江省,杭州市,西湖区,浙江省杭州市西湖区余杭塘路826号,af9ff542041ede46bda240d2,1,0,120.100052,30.301277,"(0571)88930149,(0571)88930549",life,http://api.map.baidu.com/place/detail?uid=af9ff542041ede46bda240d2&output=html&source=placeapi_v2,,11:00-19:00,1.5,,,,,,,18,2,,,,,,,120.10004010109,30.301009621606,0
962fd136ad8932d4d6b74e18,恒晟图文(天行国际店),生活服务,图文快印店,浙江省,杭州市,拱墅区,拱墅区丰潭路508号天行国际5号楼102-3室,962fd136ad8932d4d6b74e18,1,0,120.112816,30.310345,15355423600,life,http://api.map.baidu.com/place/detail?uid=962fd136ad8932d4d6b74e18&output=html&source=placeapi_v2,,09:00-18:00,5,,,,,,,14,2,,,,,,,120.11294403427,30.310357153928,0
af894ca16f608c1e9cec2bed,兰博图文,生活服务,图文快印店,浙江省,杭州市,西湖区,浙江省杭州市西湖区港湾家园18幢15号,af894ca16f608c1e9cec2bed,1,0,120.089845,30.31617,13067882319,life,http://api.map.baidu.com/place/detail?uid=af894ca16f608c1e9cec2bed&output=html&source=placeapi_v2,,08:00-23:00,0,,,,,,,17,1,,,,,,,120.08985771301,30.31600766413,0
3935951ddc61e491cf06a485,辉煌图文(紫荆花北路店),生活服务,图文快印店,浙江省,杭州市,西湖区,浙江省杭州市西湖区紫荆花北路107号,3935951ddc61e491cf06a485,1,0,120.097584,30.317201,(0571)85393089,life,http://api.map.baidu.com/place/detail?uid=3935951ddc61e491cf06a485&output=html&source=placeapi_v2,,08:30-22:00,3,,,,,,,22,5,,,,,,,120.09776575414,30.317229454265,0
95452c3b92f6ecd8a8f0cdf2,佳贵图文(科创园店),生活服务,图文快印店,浙江省,杭州市,西湖区,浙江省杭州市西湖区文一西路522号9幢303号,95452c3b92f6ecd8a8f0cdf2,1,0,120.095656,30.295695,,life,http://api.map.baidu.com/place/detail?uid=95452c3b92f6ecd8a8f0cdf2&output=html&source=placeapi_v2,,08:30-23:00,3.0,,,,,,,4,2,,,,,,,120.09563772767,30.296006560883,0
8f524f8515287a476849f369,恒定图文(城西店),生活服务,图文快印店,浙江省,杭州市,西湖区,浙江省杭州市西湖区文一西路173号,8f524f8515287a476849f369,1,0,120.111304,30.292739,(0571)87563836,life,http://api.map.baidu.com/place/detail?uid=8f524f8515287a476849f369&output=html&source=placeapi_v2,,08:00-23:00,5,,,,,,,10,1,,,,,,,120.111399371,30.292844123092,0
280c1a4c9da7facbc61e5186,恒晟图文(太合商业中心店),生活服务,图文快印店,浙江省,杭州市,拱墅区,浙江省杭州市拱墅区萍水街299号1幢106号,280c1a4c9da7facbc61e5186,1,0,120.119414,30.308207,"(0571)56606053,18757155263",life,http://api.map.baidu.com/place/detail?uid=280c1a4c9da7facbc61e5186&output=html&source=placeapi_v2,,09:00-19:00,4.1,,,,,,,25,9,,,,,,,120.11939692746,30.30823390513,0
7772036fb528f10edb131848,启源图文(余杭塘路店),生活服务,图文快印店,浙江省,杭州市,拱墅区,浙江省杭州市拱墅区余杭塘路445号中天西城纪5号楼,7772036fb528f10edb131848,1,0,120.116854,30.299465,(0571)88869009,life,http://api.map.baidu.com/place/detail?uid=7772036fb528f10edb131848&output=html&source=placeapi_v2,,08:00-22:00,5,,,,,,,22,1,,,,,,,120.11680446717,30.299592829693,0
5bbfe4f67174e44f095cb3bf,艺阁图文,生活服务,图文快印店,浙江省,杭州市,西湖区,浙江省杭州市西湖区丰潭路163号,5bbfe4f67174e44f095cb3bf,1,0,120.113222,30.296549,(0571)85912501,life,http://api.map.baidu.com/place/detail?uid=5bbfe4f67174e44f095cb3bf&output=html&source=placeapi_v2,,12:30-18:30,0,,,,,,,18,2,,,,,,,120.11347598564,30.29657951792,0
6a4c95ea30d04f91bea24046,凯达印章(文一西路店),生活服务,图文快印店,浙江省,杭州市,西湖区,浙江省杭州市西湖区文一西路246-1号,6a4c95ea30d04f91bea24046,1,0,120.105786,30.292929,"13867587821,15068175406",life,http://api.map.baidu.com/place/detail?uid=6a4c95ea30d04f91bea24046&output=html&source=placeapi_v2,,00:00-24:00,5,,,,,,,41,5,,,,,,,120.10579762228,30.292760793412,0
e0eb205aee67d881095cb3cd,笔锋图文(活动中心店),生活服务,图文快印店,浙江省,杭州市,西湖区,浙大紫金港校区西区活动中心,,1,0,120.079243,30.305103,"(0571)88208167,18357118946",life,http://api.map.baidu.com/place/detail?uid=e0eb205aee67d881095cb3cd&output=html&source=placeapi_v2,,09:00-18:00,,,,,,,,1,,,,,,,,,,0
2a1b12ce41c0fe920b1cc7d8,硕博图文(泰和路店),生活服务,图文快印店,浙江省,杭州市,西湖区,浙江省杭州市西湖区余杭塘路928号港湾家园20幢11号,,1,0,120.091232,30.316387,(0571)89714553,life,http://api.map.baidu.com/place/detail?uid=2a1b12ce41c0fe920b1cc7d8&output=html&source=placeapi_v2,,08:30-23:00,0,,,,,,,16,1,,,,,,,120.09125205577,30.31629334591,0
71b10299ed77576af33cba00,柯达(古墩路店),生活服务,图文快印店,浙江省,杭州市,西湖区,杭州市西湖区古墩路兰桂花园西北侧,71b10299ed77576af33cba00,1,0,120.105992,30.289882,,life,http://api.map.baidu.com/place/detail?uid=71b10299ed77576af33cba00&output=html&source=placeapi_v2,,09:00-21:00,1,,,,,,,18,1,,,,,,,120.10581532159,30.289820193376,0
d4bd3f61215749889ff7795f,行知图文(大关苑路店),生活服务,图文快印店,浙江省,杭州市,拱墅区,浙江省杭州市拱墅区大关苑路35号,d4bd3f61215749889ff7795f,1,0,120.160739,30.31332,15372012795,life,http://api.map.baidu.com/place/detail?uid=d4bd3f61215749889ff7795f&output=html&source=placeapi_v2,,00:00-24:00,0,,,,,,,18,1,,,,,,,120.16082706504,30.313286197139,0
3892967915df6d61f50e77df,润达图文(大关路店),生活服务,图文快印店,浙江省,杭州市,拱墅区,浙江省杭州市拱墅区大关路13号2楼,3892967915df6d61f50e77df,1,0,120.142624,30.306546,13388606599,life,http://api.map.baidu.com/place/detail?uid=3892967915df6d61f50e77df&output=html&source=placeapi_v2,,00:00-24:00,5,,,,,,,8,1,,,,,,,120.14278095534,30.306347467077,0
9b30058ac21521486140a9c9,杭州创新图文(莫干山路店),生活服务,图文快印店,浙江省,杭州市,拱墅区,浙江省杭州市拱墅区莫干山路769号,9b30058ac21521486140a9c9,1,0,120.142488,30.304904,(0571)88079314,life,http://api.map.baidu.com/place/detail?uid=9b30058ac21521486140a9c9&output=html&source=placeapi_v2,,08:00-21:00,5,,,,,,,33,4,,,,,,,120.14259528703,30.304800089906,0
064186fc2934a19aa80dd87c,国盛图文加工店,生活服务,图文快印店,浙江省,杭州市,拱墅区,浙江省杭州市拱墅区和睦路280号,1c16a4bbc95fb75f84330408,1,0,120.144192,30.309532,"18957123363,18957169226",life,http://api.map.baidu.com/place/detail?uid=064186fc2934a19aa80dd87c&output=html&source=placeapi_v2,,,5,,,,,,,18,1,,,,,,,120.14420600026,30.309627022617,0
a7cae2ad4db96a0a3ee231b2,真彩图文数码印刷(绿地店),生活服务,图文快印店,浙江省,杭州市,拱墅区,浙江省杭州市拱墅区大关路100号绿地中央广场二期11幢106室,a7cae2ad4db96a0a3ee231b2,1,0,120.15073,30.309245,"(0571)86789759,(0571)86789769",life,http://api.map.baidu.com/place/detail?uid=a7cae2ad4db96a0a3ee231b2&output=html&source=placeapi_v2,,08:00-22:00,5,,,,,,,15,3,,,,,,,120.15057413832,30.309514807203,0
cda52c19cf5566fd6e20b969,晟峰图文,生活服务,图文快印店,浙江省,杭州市,西湖区,浙江省杭州市西湖区西溪河下251-2号,cda52c19cf5566fd6e20b969,1,0,120.147981,30.296976,15258891986,life,http://api.map.baidu.com/place/detail?uid=cda52c19cf5566fd6e20b969&output=html&source=placeapi_v2,,08:00-20:00,0,,,,,,,18,1,,,,,,,120.14804686772,30.297105132839,0
62774542f3e59aad09a8d44f,艺力图文,生活服务,图文快印店,浙江省,杭州市,拱墅区,浙江省杭州市拱墅区赵伍路79号,62774542f3e59aad09a8d44f,1,0,120.136385,30.313101,(0571)88105410,life,http://api.map.baidu.com/place/detail?uid=62774542f3e59aad09a8d44f&output=html&source=placeapi_v2,,08:00-20:00,0,,,,,,,18,1,,,,,,,120.13633168951,30.313056330807,0
c3828e864a6d59c13913fd2c,佳贵图文(教工店),生活服务,图文快印店,浙江省,杭州市,西湖区,浙江省杭州市西湖区教工路222号,c3828e864a6d59c13913fd2c,1,0,120.142147,30.292751,"(0571)85110517,13656811649",life,http://api.map.baidu.com/place/detail?uid=c3828e864a6d59c13913fd2c&output=html&source=placeapi_v2,,08:00-01:00,5,,,,,,,24,2,,,,,,,120.14206785168,30.292731503857,0
d155721fb890070cdbecedd0,恒晟图文(远洋国际店),生活服务,图文快印店,浙江省,杭州市,拱墅区,浙江省杭州市拱墅区金华南路355号远洋国际中心e座1楼143号,d155721fb890070cdbecedd0,1,0,120.148231,30.312672,(0571)87219873,life,http://api.map.baidu.com/place/detail?uid=d155721fb890070cdbecedd0&output=html&source=placeapi_v2,,09:00-18:00,0,,,,,,,16,0,,,,,,,120.14793737989,30.312582861126,0
3a4c4ab618c7ebf75e17c3cf,品贝图文(余杭塘路店),生活服务,图文快印店,浙江省,杭州市,拱墅区,浙江杭州市拱墅区余杭塘路184号,3a4c4ab618c7ebf75e17c3cf,1,0,120.128319,30.301106,13777376395,life,http://api.map.baidu.com/place/detail?uid=3a4c4ab618c7ebf75e17c3cf&output=html&source=placeapi_v2,,08:30-19:00,5,,,,,,,28,1,,,,,,,120.12834997467,30.300871428271,0
39792dd8bb98c5f431f71deb,财艺图文,生活服务,图文快印店,浙江省,杭州市,拱墅区,浙江省杭州市拱墅区双荡弄18号,39792dd8bb98c5f431f71deb,1,0,120.154434,30.297172,13735575518,life,http://api.map.baidu.com/place/detail?uid=39792dd8bb98c5f431f71deb&output=html&source=placeapi_v2,,,5,,,,,,,13,,,,,,,,120.15438873069,30.297101977702,0
e7a17e6b5e3c0a31d4851f43,迪尚文印,生活服务,图文快印店,浙江省,杭州市,拱墅区,浙江省杭州市拱墅区湖墅南路50组团20幢11楼,e7a17e6b5e3c0a31d4851f43,1,0,120.152683,30.29978,(0571)88370676,life,http://api.map.baidu.com/place/detail?uid=e7a17e6b5e3c0a31d4851f43&output=html&source=placeapi_v2,,08:00-20:00,0.0,,,,,,,15,,,,,,,,120.15262008751,30.29991438787,0
b9d5429625c6075c0f0a7084,雅芳图文(登云路店),生活服务,图文快印店,浙江省,杭州市,拱墅区,浙江省杭州市拱墅区登云路30号3幢4单元101号,b9d5429625c6075c0f0a7084,1,0,120.151254,30.319898,15068717545,life,http://api.map.baidu.com/place/detail?uid=b9d5429625c6075c0f0a7084&output=html&source=placeapi_v2,,,,,,,,,,1,,,,,,,,120.15125413044,30.319743166148,0
0e31a20bd2461e6a8605bfa6,绽放图文(湖墅南路店),生活服务,图文快印店,浙江省,杭州市,拱墅区,浙江省杭州市拱墅区湖墅南路489号,0e31a20bd2461e6a8605bfa6,1,0,120.153319,30.299823,13777492297,life,http://api.map.baidu.com/place/detail?uid=0e31a20bd2461e6a8605bfa6&output=html&source=placeapi_v2,,08:00-22:00,5,,,,,,,14,3,,,,,,,120.15347026091,30.299890518234,0
3dc9befd66259f68bea24027,博得图文,生活服务,图文快印店,浙江省,杭州市,西湖区,浙江省杭州市西湖区教工路234号,3dc9befd66259f68bea24027,1,0,120.142137,30.293215,(0571)88052706,life,http://api.map.baidu.com/place/detail?uid=3dc9befd66259f68bea24027&output=html&source=placeapi_v2,,09:00-19:00,1,,,,,,,20,5,,,,,,,120.14204825515,30.29316148995,0
6dd7f8df2569b48cb75f1ec4,一起印打印店,生活服务,图文快印店,浙江省,杭州市,拱墅区,浙江杭州市拱墅区登云路518号西城时代商务中心2幢1楼,6dd7f8df2569b48cb75f1ec4,1,0,120.123563,30.302755,,life,http://api.map.baidu.com/place/detail?uid=6dd7f8df2569b48cb75f1ec4&output=html&source=placeapi_v2,,,0,,,,,,,,1,,,,,,,,,0
26e88ac95c4116c712882487,青山图文,生活服务,图文快印店,浙江省,杭州市,上城区,浙江省杭州市上城区池塘庙路44号二区23幢,26e88ac95c4116c712882487,1,0,120.198611,30.302173,(0571)86412881,life,http://api.map.baidu.com/place/detail?uid=26e88ac95c4116c712882487&output=html&source=placeapi_v2,,08:00-22:00,1,,,,,,,24,2,,,,,,,120.19861956656,30.302094428492,0
f7959159997d6b304afd3fdd,工大图文,生活服务,图文快印店,浙江省,杭州市,拱墅区,浙江省杭州市拱墅区潮王路18号,f7959159997d6b304afd3fdd,1,0,120.16975,30.299041,(0571)88320844,life,http://api.map.baidu.com/place/detail?uid=f7959159997d6b304afd3fdd&output=html&source=placeapi_v2,,08:30-21:00,1,,,,,,,7,2,,,,,,,120.17007552181,30.299277395755,0
adeae16f45c492ab3686f44d,超强图文,生活服务,图文快印店,浙江省,杭州市,拱墅区,浙江省杭州市拱墅区东新园雪峰苑5幢1号,adeae16f45c492ab3686f44d,1,0,120.188786,30.318902,"(0571)85226232,15958192998",life,http://api.map.baidu.com/place/detail?uid=adeae16f45c492ab3686f44d&output=html&source=placeapi_v2,,08:00-22:00,0,,,,,,,20,1,,,,,,,120.18878761266,30.319033705202,0
e16d049d69e739d92dfaa735,清诚图文,生活服务,图文快印店,浙江省,杭州市,拱墅区,浙江省杭州市拱墅区文晖路46号现代置业大厦西楼1楼102室,e16d049d69e739d92dfaa735,1,0,120.185381,30.288858,"(0571)56551265,18857118517",life,http://api.map.baidu.com/place/detail?uid=e16d049d69e739d92dfaa735&output=html&source=placeapi_v2,,08:30-20:00,5,,,,,,,12,2,,,,,,,120.18536417135,30.289195855621,0
17cdf82881657382e015f90e,文野图文(汶野巷店),生活服务,图文快印店,浙江省,杭州市,拱墅区,浙江省杭州市拱墅区长德弄88号附近,17cdf82881657382e015f90e,1,0,120.180114,30.310015,13372556901,life,http://api.map.baidu.com/place/detail?uid=17cdf82881657382e015f90e&output=html&source=placeapi_v2,,08:00-21:00,1,,,,,,,8,1,,,,,,,120.18003634383,30.310008000784,0
92b806d2b3aef6ff79b55c4c,宏盛图文(潮王路店),生活服务,图文快印店,浙江省,杭州市,拱墅区,浙江省杭州市拱墅区潮王路6~9号,92b806d2b3aef6ff79b55c4c,1,0,120.176717,30.296595,(0571)85134659,life,http://api.map.baidu.com/place/detail?uid=92b806d2b3aef6ff79b55c4c&output=html&source=placeapi_v2,,08:00-17:00,1,,,,,,,15,7,,,,,,,120.17675134467,30.296374932732,0
6d15400b4983adbf2b06ce3d,西西图文淘宝吧(顾家畈路店),生活服务,图文快印店,浙江省,杭州市,上城区,浙江省杭州市上城区三里亭一区23幢4单元101室,6d15400b4983adbf2b06ce3d,1,0,120.198123,30.298736,13957172406,life,http://api.map.baidu.com/place/detail?uid=6d15400b4983adbf2b06ce3d&output=html&source=placeapi_v2,,08:00-22:00,2,,,,,,,21,2,,,,,,,120.19809623263,30.298857811988,0
f3ada3ef22bb7b7bc61b75f3,速美图文快印,生活服务,图文快印店,浙江省,杭州市,拱墅区,杭州市拱墅区潮王路朝晖六区,f3ada3ef22bb7b7bc61b75f3,1,0,120.174206,30.295813,(0571)87640175,life,http://api.map.baidu.com/place/detail?uid=f3ada3ef22bb7b7bc61b75f3&output=html&source=placeapi_v2,,08:30-19:30,,,,,,,,5,,,,,,,,120.17419180738,30.295951563643,0
ea6ecacd5c42e17033621246,出彩图文广告(全福桥店),生活服务,图文快印店,浙江省,杭州市,上城区,浙江省杭州市上城区全福桥路456号,ea6ecacd5c42e17033621246,1,0,120.206955,30.307626,18710209542,life,http://api.map.baidu.com/place/detail?uid=ea6ecacd5c42e17033621246&output=html&source=placeapi_v2,,00:00-24:00,,,,,,,,9,1,,,,,,,,,0
0b7a14e189dabb911c580050,彩马图文(现代店),生活服务,图文快印店,浙江省,杭州市,拱墅区,浙江省杭州市拱墅区泛远巷30号现代家园2幢,0b7a14e189dabb911c580050,1,0,120.184896,30.289531,18957124806,life,http://api.map.baidu.com/place/detail?uid=0b7a14e189dabb911c580050&output=html&source=placeapi_v2,,08:30-22:00,4.2,,,,,,,22,5,,,,,,,120.18478286528,30.289467965919,0
27cc5858482820f74d2fdf25,杭州巨星新闻图片社,生活服务,图文快印店,浙江省,杭州市,拱墅区,浙江省杭州市拱墅区再行路252号,27cc5858482820f74d2fdf25,1,0,120.17727,30.311697,13857108090,life,http://api.map.baidu.com/place/detail?uid=27cc5858482820f74d2fdf25&output=html&source=placeapi_v2,,09:00-20:00,1,,,,,,,19,5,,,,,,,120.177108368,30.311716332901,0
614f240bfd2421b0f90cad57,左岸图文(七堡店),生活服务,图文快印店,浙江省,杭州市,上城区,浙江省杭州市上城区九和路516号,614f240bfd2421b0f90cad57,1,0,120.246794,30.306543,(0571)88010776,life,http://api.map.baidu.com/place/detail?uid=614f240bfd2421b0f90cad57&output=html&source=placeapi_v2,,08:00-16:00,4,,,,,,,18,1,,,,,,,120.24670842696,30.306366763464,0
fd40afae7b3b7d42d518b7b7,恒定图文(东站店),生活服务,图文快印店,浙江省,杭州市,上城区,浙江省杭州市上城区新塘路644号中豪五星国际一区1号楼,fd40afae7b3b7d42d518b7b7,1,0,120.229062,30.296946,15381034683,life,http://api.map.baidu.com/place/detail?uid=fd40afae7b3b7d42d518b7b7&output=html&source=placeapi_v2,,08:00-22:00,5,,,,,,,17,3,,,,,,,120.2290867262,30.297021358922,0
2972a28dff5bfaceeddfca81,时代图文(新风路店),生活服务,图文快印店,浙江省,杭州市,上城区,浙江省杭州市上城区新风路318-5号,2972a28dff5bfaceeddfca81,1,0,120.212203,30.299861,"(0571)85025638,13735459518",life,http://api.map.baidu.com/place/detail?uid=2972a28dff5bfaceeddfca81&output=html&source=placeapi_v2,,08:00-22:00,2.3,,,,,,,19,8,,,,,,,120.21212789405,30.299792364034,0
792cd9d31903cc2f95ca0728,恒晟图文(新风路店),生活服务,图文快印店,浙江省,杭州市,上城区,浙江省杭州市上城区新风路新风丽都北苑23号,792cd9d31903cc2f95ca0728,1,0,120.212691,30.298368,(0571)87822289,life,http://api.map.baidu.com/place/detail?uid=792cd9d31903cc2f95ca0728&output=html&source=placeapi_v2,,09:30-18:30,3.7,,,,,,,15,3,,,,,,,120.21275351084,30.298390949141,0
f80e26f6ad2166327bf7966b,恒晟图文(万象企业中心店),生活服务,图文快印店,浙江省,杭州市,上城区,浙江省杭州市江干区东宁路586号万象企业中心A座大厅107室,f80e26f6ad2166327bf7966b,1,0,120.222409,30.300793,(0571)87760601,life,http://api.map.baidu.com/place/detail?uid=f80e26f6ad2166327bf7966b&output=html&source=placeapi_v2,,09:00-19:00,,,,,,,,7,4,,,,,,,,,0
362384b8dff649629d95de86,湘友图文(东港嘉苑店),生活服务,图文快印店,浙江省,杭州市,江干区,江干区东港嘉苑3区5号底商一楼(笕桥服务中心正对面),362384b8dff649629d95de86,1,0,120.220484,30.303565,,life,http://api.map.baidu.com/place/detail?uid=362384b8dff649629d95de86&output=html&source=placeapi_v2,,08:00-22:00,5,,,,,,,21,6,,,,,,,120.22042420537,30.303284611281,0
d000647b40fb7fc94afc8d35,佳彩图文(环站东路店),生活服务,图文快印店,浙江省,杭州市,上城区,浙江省杭州市上城区环站东路409号,d000647b40fb7fc94afc8d35,1,0,120.229092,30.294334,18058767300,life,http://api.map.baidu.com/place/detail?uid=d000647b40fb7fc94afc8d35&output=html&source=placeapi_v2,,08:30-21:00,0,,,,,,,24,0,,,,,,,,,0
6acc61bcf857480dd8d891ba,橙子图文广告(富亿店),生活服务,图文快印店,浙江省,杭州市,上城区,浙江省杭州市上城区全福桥路298号富亿中心1幢5号,6acc61bcf857480dd8d891ba,1,0,120.211618,30.304177,"(0571)86809032,18058766618",life,http://api.map.baidu.com/place/detail?uid=6acc61bcf857480dd8d891ba&output=html&source=placeapi_v2,,08:00-21:00,5.0,,,,,,,9,2,,,,,,,120.21116108826,30.303760345342,0
c9945a7c77f2fc8909b93aae,宇皓图文快印,生活服务,图文快印店,浙江省,杭州市,上城区,浙江省杭州市上城区下沙路1233~1235号,c9945a7c77f2fc8909b93aae,1,0,120.272653,30.309288,"(0571)86016867,15158172066",life,http://api.map.baidu.com/place/detail?uid=c9945a7c77f2fc8909b93aae&output=html&source=placeapi_v2,,08:00-22:00,0,,,,,,,18,0,,,,,,,120.27266873666,30.309362394405,0
f4d548da8ef63b006fa3cce3,文印邦图文快印超市(杭州绿谷店),生活服务,图文快印店,浙江省,杭州市,上城区,浙江省杭州市上城区红普路788号5幢1层105室,f4d548da8ef63b006fa3cce3,1,0,120.258244,30.316101,(0571)88020735,life,http://api.map.baidu.com/place/detail?uid=f4d548da8ef63b006fa3cce3&output=html&source=placeapi_v2,,08:30-21:30,,,,,,,,5,,,,,,,,120.25777123718,30.316004478354,0
a7796017f023f9288e772725,彩虹图文图文刻章(久盛路店),生活服务,图文快印店,浙江省,杭州市,上城区,浙江省杭州市上城区通顺路新江花园43号,a7796017f023f9288e772725,1,0,120.281694,30.309641,13396535569,life,http://api.map.baidu.com/place/detail?uid=a7796017f023f9288e772725&output=html&source=placeapi_v2,,08:30-20:00,4.5,,,,,,,20,3,,,,,,,120.28176662575,30.309630598058,0
fb2a371b819ec89dc4f50d08,商贸路复印店,生活服务,图文快印店,浙江省,杭州市,上城区,浙江省杭州市上城区老杭海路124号3楼,fb2a371b819ec89dc4f50d08,1,0,120.276961,30.321076,,life,http://api.map.baidu.com/place/detail?uid=fb2a371b819ec89dc4f50d08&output=html&source=placeapi_v2,,08:30-21:00,3,,,,,,,14,2,,,,,,,120.27696987824,30.320981699277,0
5f8871e14c96dc2e047ce814,亿家图文(九乔路店),生活服务,图文快印店,浙江省,杭州市,上城区,杭州市上城区九堡镇九乔街九洲芳园底商3幢,5f8871e14c96dc2e047ce814,1,0,120.28969,30.311288,(0571)88810556,life,http://api.map.baidu.com/place/detail?uid=5f8871e14c96dc2e047ce814&output=html&source=placeapi_v2,,09:00-20:00,,,,,,,,12,,,,,,,,,,0
f083c9f120336955d0f49e81,杰兰图文,生活服务,图文快印店,浙江省,杭州市,上城区,浙江省杭州市上城区杭乔路222号,f083c9f120336955d0f49e81,1,0,120.286606,30.310953,15988452086,life,http://api.map.baidu.com/place/detail?uid=f083c9f120336955d0f49e81&output=html&source=placeapi_v2,,08:00-22:30,1.5,,,,,,,13,4,,,,,,,120.28640577903,30.310928507584,0
5eb2adfcef4cb370f90cad0e,恒定图文(九堡店),生活服务,图文快印店,浙江省,杭州市,上城区,浙江省杭州市上城区8号路华侨国际B座1楼,5eb2adfcef4cb370f90cad0e,1,0,120.27064,30.315097,13336173085,life,http://api.map.baidu.com/place/detail?uid=5eb2adfcef4cb370f90cad0e&output=html&source=placeapi_v2,,08:00-18:00,,,,,,,,10,1,,,,,,,120.27062215057,30.315147160935,0
759e5b1bbee49a2317a1905a,启帆图文(金堡街店),生活服务,图文快印店,浙江省,杭州市,上城区,浙江省杭州市上城区金堡街229号,759e5b1bbee49a2317a1905a,1,0,120.285081,30.309955,(0571)88210383,life,http://api.map.baidu.com/place/detail?uid=759e5b1bbee49a2317a1905a&output=html&source=placeapi_v2,,09:00-21:30,1.6,,,,,,,24,5,,,,,,,120.28511458523,30.31016811799,0
e13076fcae3ba11cc9e33c80,开天激光(创意店),生活服务,图文快印店,浙江省,杭州市,上城区,浙江省杭州市上城区金禾街222号,e13076fcae3ba11cc9e33c80,1,0,120.288062,30.314195,13732413966,life,http://api.map.baidu.com/place/detail?uid=e13076fcae3ba11cc9e33c80&output=html&source=placeapi_v2,,00:00-24:00,,,,,,,,11,,,,,,,,120.28808999945,30.31441550442,0
ba16216c5fade950246e98a3,宏辰图文(上沙路店),生活服务,图文快印店,浙江省,杭州市,钱塘区,浙江省杭州市钱塘区上沙路260号,ba16216c5fade950246e98a3,1,0,120.335617,30.31412,13819104719,life,http://api.map.baidu.com/place/detail?uid=ba16216c5fade950246e98a3&output=html&source=placeapi_v2,,08:00-22:00,5,,,,,,,12,3,,,,,,,120.33548153224,30.314112077762,0
ce65b5e1e0b6007980a00cd1,轩然图文(天城东路店),生活服务,图文快印店,浙江省,杭州市,钱塘区,浙江省杭州市钱塘区天城东路241号,ce65b5e1e0b6007980a00cd1,1,0,120.334528,30.310765,"(0571)87158505,17706531205",life,http://api.map.baidu.com/place/detail?uid=ce65b5e1e0b6007980a00cd1&output=html&source=placeapi_v2,,09:00-20:30,,,,,,,,4,,,,,,,,120.3345215356,30.310877045168,0
