uid,name,cat_L1,cat_L2,province,city,area,address,street_id,detail,child_num,loc_lng,loc_lat,telephone,type,detail_url,price,shop_hours,overall_rating,taste_rating,service_rating,environment_rating,facility_rating,hygiene_rating,technology_rating,image_num,comment_num,groupon_num,discount_num,favorite_num,checkin_num,brand,content_tag,naviloc_lng,naviloc_lat,child_num
c21db9e5350214fe00ff2d21,中国邮政(那陈邮政所),生活服务,邮局,广西壮族自治区,南宁市,良庆区,广西壮族自治区南宁市良庆区那陈新街11号,c21db9e5350214fe00ff2d21,1,0,108.288343,22.453338,(0771)4140001,life,http://api.map.baidu.com/place/detail?uid=c21db9e5350214fe00ff2d21&output=html&source=placeapi_v2,,"09:00-12:00,14:30-17:30",,,,,,,,3,,,,,,,,108.28834992433,22.453262544816,0
8cba4bb072e68f85ac0457a0,中国邮政(百济邮政支局),生活服务,邮局,广西壮族自治区,南宁市,邕宁区,南宁市邕宁区百兴路百济镇中心幼儿园西北侧约290米,8cba4bb072e68f85ac0457a0,1,0,108.585209,22.4724,(0771)4376004,life,http://api.map.baidu.com/place/detail?uid=8cba4bb072e68f85ac0457a0&output=html&source=placeapi_v2,,"09:00-12:00,14:30-17:30",,,,,,,,,,,,,,,,108.5851094173,22.472242327228,0
92b806d299c290ff78b55ca0,中国邮政(苏圩邮政支局),生活服务,邮局,广西壮族自治区,南宁市,江南区,广西壮族自治区南宁市江南区苏圩中国邮政(苏圩镇中心学校西北),92b806d299c290ff78b55ca0,1,1,108.104842,22.553278,(0771)4178034,life,http://api.map.baidu.com/place/detail?uid=92b806d299c290ff78b55ca0&output=html&source=placeapi_v2,,,0.0,,,,,,,2,1,,,,,,,108.10485649927,22.55338467327,1
1b4fd070c039aa732bb97ce8,中国邮政(职大邮政所),生活服务,邮局,广西壮族自治区,南宁市,江南区,南宁市江南区明阳大道广西职业技术学院,1b4fd070c039aa732bb97ce8,1,0,108.239543,22.586,11185,life,http://api.map.baidu.com/place/detail?uid=1b4fd070c039aa732bb97ce8&output=html&source=placeapi_v2,,09:00-17:00,,,,,,,,2,,,,,,,,,,0
bf44ce23e76d1bc08bfc068f,中国邮政,生活服务,邮局,广西壮族自治区,南宁市,江南区,南宁市江南区吴圩镇机场路南宁吴圩国际机场T2航站楼F3,,1,0,108.191727,22.606756,,life,http://api.map.baidu.com/place/detail?uid=bf44ce23e76d1bc08bfc068f&output=html&source=placeapi_v2,,09:00-17:00,5.0,,,,,,,1,2,,,,,,,,,0
4c14252b15ae063f27d2bb6f,中国邮政(明阳邮政所),生活服务,邮局,广西壮族自治区,南宁市,江南区,广西壮族自治区南宁市江南区光明南路85号,4c14252b15ae063f27d2bb6f,1,0,108.235921,22.619946,(0771)4217294,life,http://api.map.baidu.com/place/detail?uid=4c14252b15ae063f27d2bb6f&output=html&source=placeapi_v2,,"09:00-12:00,14:30-17:30",,,,,,,,3,,,,,,,,108.23610771338,22.62003915552,0
be552480bdc46dbb2de67b53,中国邮政(新江邮政所),生活服务,邮局,广西壮族自治区,南宁市,邕宁区,新江镇南宁市邕宁区新江镇人民政府附近,,1,0,108.502937,22.627994,(0771)4762004,life,http://api.map.baidu.com/place/detail?uid=be552480bdc46dbb2de67b53&output=html&source=placeapi_v2,,09:00-18:00,,,,,,,,,,,,,,,,,,0
b0d056f28f2fef00cac3db26,中国邮政(那楼邮政支局),生活服务,邮局,广西壮族自治区,南宁市,邕宁区,广西壮族自治区南宁市邕宁区古楼街535号,b0d056f28f2fef00cac3db26,1,0,108.634651,22.616141,(0771)4345004,life,http://api.map.baidu.com/place/detail?uid=b0d056f28f2fef00cac3db26&output=html&source=placeapi_v2,,"09:00-12:00,14:30-17:30",0.0,,,,,,,4,,,,,,,,108.63473882133,22.616153039991,0
41fd3b1a4fb570906f3e1b4b,中国邮政(吴圩邮政支局),生活服务,邮局,广西壮族自治区,南宁市,江南区,广西壮族自治区南宁市江南区龙江路6号,41fd3b1a4fb570906f3e1b4b,1,0,108.23024,22.653451,(0771)4206022,life,http://api.map.baidu.com/place/detail?uid=41fd3b1a4fb570906f3e1b4b&output=html&source=placeapi_v2,,09:00-18:00,,,,,,,,6,,,,,,,,108.23032455545,22.653484290012,0
b116df98c922b68454bfff92,中国邮政(五象湖营业部),生活服务,邮局,广西壮族自治区,南宁市,良庆区,南宁市良庆区良玉大道南宁宝能城南侧约130米,,1,0,108.393045,22.733367,11185,life,http://api.map.baidu.com/place/detail?uid=b116df98c922b68454bfff92&output=html&source=placeapi_v2,,08:30-19:00,1,,,,,,,8,3,,,,,,,108.39305010753,22.733221380463,0
d012ab06e078967643e19224,中国邮政村邮乐购,生活服务,邮局,广西壮族自治区,南宁市,邕宁区,广西壮族自治区南宁市邕宁区那路街3号,,1,0,108.585668,22.701882,18378806905,life,http://api.map.baidu.com/place/detail?uid=d012ab06e078967643e19224&output=html&source=placeapi_v2,,,,,,,,,,1,,,,,,,,108.58557019233,22.701855564957,0
c5827e07ad86bd7d734b87d4,中国邮政(友谊路店),生活服务,邮局,广西壮族自治区,南宁市,江南区,广西壮族自治区南宁市江南区友谊路48-16号,c5827e07ad86bd7d734b87d4,1,0,108.301736,22.756829,,life,http://api.map.baidu.com/place/detail?uid=c5827e07ad86bd7d734b87d4&output=html&source=placeapi_v2,,09:00-18:00,,,,,,,,6,,,,,,,,108.3018329726,22.756989948832,0
181653342faafc07fb2d6154,中国邮政(阳光新城邮政所),生活服务,邮局,广西壮族自治区,南宁市,良庆区,广西壮族自治区南宁市良庆区德政路181号,181653342faafc07fb2d6154,1,0,108.337459,22.763062,(0771)4509253,life,http://api.map.baidu.com/place/detail?uid=181653342faafc07fb2d6154&output=html&source=placeapi_v2,,"08:30-12:30,13:30-17:30",0,,,,,,,19,2,,,,,,,108.33748923084,22.762924932696,0
b116df98c922b68454bfff92,中国邮政(五象湖营业部),生活服务,邮局,广西壮族自治区,南宁市,良庆区,南宁市良庆区良玉大道南宁宝能城南侧约130米,,1,0,108.393045,22.733367,11185,life,http://api.map.baidu.com/place/detail?uid=b116df98c922b68454bfff92&output=html&source=placeapi_v2,,08:30-19:00,1,,,,,,,8,3,,,,,,,108.39305010753,22.733221380463,0
d528780d61a95f55c27da22e,中国邮政(汉林邮政所),生活服务,邮局,广西壮族自治区,南宁市,邕宁区,广西壮族自治区南宁市邕宁区仙葫大道东198号,d528780d61a95f55c27da22e,1,0,108.501186,22.754885,11185,life,http://api.map.baidu.com/place/detail?uid=d528780d61a95f55c27da22e&output=html&source=placeapi_v2,,09:00-17:00,2.3,,,,,,,20,6,,,,,,,,,0
4dd0ca366b159a0b2a3a9fa2,中国邮政(南宁市邮政局江西村邮政所),生活服务,邮局,广西壮族自治区,南宁市,江南区,广西壮族自治区南宁市江南区正街18号,,1,0,108.10711,22.781358,(0771)3361174,life,http://api.map.baidu.com/place/detail?uid=4dd0ca366b159a0b2a3a9fa2&output=html&source=placeapi_v2,,"09:00-12:00,14:30-17:30",1.0,,,,,,,5,1,,,,,,,108.10712729792,22.781254546193,0
7896cc7dcc987ef7fbdc85d6,中国邮政,生活服务,邮局,广西壮族自治区,南宁市,江南区,广西壮族自治区南宁市江南区白沙大道103~105号,7896cc7dcc987ef7fbdc85d6,1,0,108.288211,22.780918,,life,http://api.map.baidu.com/place/detail?uid=7896cc7dcc987ef7fbdc85d6&output=html&source=placeapi_v2,,09:00-17:00,,,,,,,,3,,,,,,,,108.28804191448,22.781013737452,0
c961c653d15b4d3282a00c79,中国邮政(南宁市邮政局五一东邮政所),生活服务,邮局,广西壮族自治区,南宁市,江南区,广西壮族自治区南宁市江南区五一东路33-4号,c961c653d15b4d3282a00c79,1,0,108.305281,22.800443,(0771)4956883,life,http://api.map.baidu.com/place/detail?uid=c961c653d15b4d3282a00c79&output=html&source=placeapi_v2,,00:00-24:00,0,,,,,,,19,2,,,,,,,108.3053850801,22.800564637093,0
3dc9befd98dc6517bea24051,中国邮政(那洪邮政所),生活服务,邮局,广西壮族自治区,南宁市,江南区,广西壮族自治区南宁市江南区白沙大道104号,3dc9befd98dc6517bea24051,1,0,108.292877,22.783281,11185,life,http://api.map.baidu.com/place/detail?uid=3dc9befd98dc6517bea24051&output=html&source=placeapi_v2,,09:00-17:00,1.0,,,,,,,8,3,,,,,,,108.29284021311,22.783217523611,0
d4034eb39b7d3cf7c0364451,中国邮政(荣和邮政所),生活服务,邮局,广西壮族自治区,南宁市,江南区,广西壮族自治区南宁市江南区白沙路1~3号,d4034eb39b7d3cf7c0364451,1,0,108.345695,22.791769,(0771)4913673,life,http://api.map.baidu.com/place/detail?uid=d4034eb39b7d3cf7c0364451&output=html&source=placeapi_v2,,"08:30-12:30,13:30-17:30",0,,,,,,,25,1,,,,,,,108.34585531893,22.791779793947,0
3c3416b3537d2b93095cb394,中国邮政(亭江邮政所),生活服务,邮局,广西壮族自治区,南宁市,江南区,南宁市江南区亭江路新10+1广场西南侧约30米,3c3416b3537d2b93095cb394,1,0,108.328904,22.792897,(0771)4804763,life,http://api.map.baidu.com/place/detail?uid=3c3416b3537d2b93095cb394&output=html&source=placeapi_v2,,09:00-17:00,0,,,,,,,20,1,,,,,,,108.32900338245,22.792960189198,0
f1a93dad672b0d8f5fbe8643,南宁邮政郊区分局(仙葫分局),生活服务,邮局,广西壮族自治区,南宁市,青秀区,广西壮族自治区南宁市青秀区仙葫大道东198号,f1a93dad672b0d8f5fbe8643,1,1,108.502333,22.774665,11185,life,http://api.map.baidu.com/place/detail?uid=f1a93dad672b0d8f5fbe8643&output=html&source=placeapi_v2,,09:00-17:00,0,,,,,,,17,0,,,,,,,108.50264051861,22.774533080575,1
8c7f94c6d085ccd689b98847,富德支局,生活服务,邮局,广西壮族自治区,南宁市,江南区,南宁市江南区富德路金玉幼儿园(五一路)西北侧约140米,8c7f94c6d085ccd689b98847,1,0,108.275518,22.81595,,life,http://api.map.baidu.com/place/detail?uid=8c7f94c6d085ccd689b98847&output=html&source=placeapi_v2,,,,,,,,,,,,,,,,,,,,0
c961c653d15b4d3282a00c79,中国邮政(南宁市邮政局五一东邮政所),生活服务,邮局,广西壮族自治区,南宁市,江南区,广西壮族自治区南宁市江南区五一东路33-4号,c961c653d15b4d3282a00c79,1,0,108.305281,22.800443,(0771)4956883,life,http://api.map.baidu.com/place/detail?uid=c961c653d15b4d3282a00c79&output=html&source=placeapi_v2,,00:00-24:00,0,,,,,,,19,2,,,,,,,108.3053850801,22.800564637093,0
cf889dacbccb64ca75e5b61e,中国邮政(新阳邮政所),生活服务,邮局,广西壮族自治区,南宁市,西乡塘区,广西南宁市西乡塘区新阳路1栋,cf889dacbccb64ca75e5b61e,1,0,108.311449,22.822027,11185,life,http://api.map.baidu.com/place/detail?uid=cf889dacbccb64ca75e5b61e&output=html&source=placeapi_v2,,,,,,,,,,13,,,,,,,,,,0
ee5c62982551cf192902e184,中国邮政(华西路),生活服务,邮局,广西壮族自治区,南宁市,西乡塘区,广西壮族自治区南宁市西乡塘区华强街道西关路85号翠提湾小区1栋,ee5c62982551cf192902e184,1,0,108.315472,22.825628,11185,life,http://api.map.baidu.com/place/detail?uid=ee5c62982551cf192902e184&output=html&source=placeapi_v2,,09:00-18:00,,,,,,,,14,,,,,,,,108.31540227887,22.825788751261,0
c9d16beba5b43d140ab93a3d,中兴桥北投递部,生活服务,邮局,广西壮族自治区,南宁市,西乡塘区,广西壮族自治区南宁市西乡塘区明秀西路158-1号2楼,c9d16beba5b43d140ab93a3d,1,1,108.291964,22.822188,(0771)3151589,life,http://api.map.baidu.com/place/detail?uid=c9d16beba5b43d140ab93a3d&output=html&source=placeapi_v2,,09:00-18:00,,,,,,,,,,,,,,,,108.29227494718,22.822115032195,1
afc49e556221f21b02294fa0,中国邮政便民服务站(龙腾路),生活服务,邮局,广西壮族自治区,南宁市,西乡塘区,南宁市西乡塘区龙腾路金满花园小区东侧约70米,,1,0,108.303741,22.831682,,life,http://api.map.baidu.com/place/detail?uid=afc49e556221f21b02294fa0&output=html&source=placeapi_v2,,,,,,,,,,1,,,,,,,,,,0
2d1c8790920485ab8bfc0644,中国邮政(星湖平交),生活服务,邮局,广西壮族自治区,南宁市,青秀区,广西壮族自治区南宁市青秀区江北大道20号,2d1c8790920485ab8bfc0644,1,0,108.347515,22.804054,11185,life,http://api.map.baidu.com/place/detail?uid=2d1c8790920485ab8bfc0644&output=html&source=placeapi_v2,,07:00-02:00,0,,,,,,,6,1,,,,,,,108.34749611527,22.804085903994,0
872e8a8b386b0fbc40ab9a44,中国邮政(天桃邮政所),生活服务,邮局,广西壮族自治区,南宁市,青秀区,广西壮族自治区南宁市青秀区天桃路35-24号66号,872e8a8b386b0fbc40ab9a44,1,0,108.3417,22.811969,(0771)2803433,life,http://api.map.baidu.com/place/detail?uid=872e8a8b386b0fbc40ab9a44&output=html&source=placeapi_v2,,08:30-17:00,,,,,,,,5,,,,,,,,108.34172730868,22.811916922877,0
5e15a1d84510c51993114c69,中国邮政(建政邮政所),生活服务,邮局,广西壮族自治区,南宁市,青秀区,广西壮族自治区南宁市青秀区建政路23号,5e15a1d84510c51993114c69,1,0,108.346326,22.829823,(0771)5665971,life,http://api.map.baidu.com/place/detail?uid=5e15a1d84510c51993114c69&output=html&source=placeapi_v2,,"09:00-12:00,13:00-18:00",5,,,,,,,22,2,,,,,,,108.34623891515,22.829918816568,0
416c0d86d7bfe234ac31e545,中国邮政(东葛邮政所),生活服务,邮局,广西壮族自治区,南宁市,青秀区,广西壮族自治区南宁市青秀区东葛路22-2-1号,416c0d86d7bfe234ac31e545,1,0,108.346307,22.824804,(0771)5877424,life,http://api.map.baidu.com/place/detail?uid=416c0d86d7bfe234ac31e545&output=html&source=placeapi_v2,,09:00-24:00,,,,,,,,6,,,,,,,,,,0
69e8bfdc0b3799c5ed74f892,中国邮政(新民邮政所),生活服务,邮局,广西壮族自治区,南宁市,青秀区,广西壮族自治区南宁市青秀区民主路35-2号,69e8bfdc0b3799c5ed74f892,1,0,108.333413,22.826377,(0771)2801348,life,http://api.map.baidu.com/place/detail?uid=69e8bfdc0b3799c5ed74f892&output=html&source=placeapi_v2,,"09:00-12:00,13:00-18:00",0,,,,,,,18,2,,,,,,,108.33334760407,22.826554319847,0
8177484c69934b1b5af6be76,广西壮族自治区邮政公司集邮分公司,生活服务,邮局,广西壮族自治区,南宁市,青秀区,广西壮族自治区南宁市青秀区金浦路三支路1号,8177484c69934b1b5af6be76,1,0,108.333311,22.811996,(0771)2182235,life,http://api.map.baidu.com/place/detail?uid=8177484c69934b1b5af6be76&output=html&source=placeapi_v2,,09:00-18:30,,,,,,,,18,,,,,,,,108.33330575022,22.811932167291,0
3e8914567f5fcaca081cc72f,南宁市邮政局(保爱路),生活服务,邮局,广西壮族自治区,南宁市,青秀区,广西壮族自治区南宁市青秀区保爱路66号,3e8914567f5fcaca081cc72f,1,1,108.333057,22.81177,(0771)5810171,life,http://api.map.baidu.com/place/detail?uid=3e8914567f5fcaca081cc72f&output=html&source=placeapi_v2,,09:00-18:00,0,,,,,,,48,2,,,,,,,108.33339093473,22.811680268446,1
81246caf8fcc05b91df74d6a,医科大邮所,生活服务,邮局,广西壮族自治区,南宁市,青秀区,广西壮族自治区南宁市青秀区双拥路22号,,1,0,108.353271,22.802609,,life,http://api.map.baidu.com/place/detail?uid=81246caf8fcc05b91df74d6a&output=html&source=placeapi_v2,,"09:00-12:00,13:00-18:00",,,,,,,,1,1,,,,,,,108.35337298981,22.802622419111,0
84ec1f0376ef021c83a00c1b,民主路邮电局,生活服务,邮局,广西壮族自治区,南宁市,青秀区,广西壮族自治区南宁市青秀区民主路35号27栋,,1,0,108.333179,22.826407,(0771)2801348,life,http://api.map.baidu.com/place/detail?uid=84ec1f0376ef021c83a00c1b&output=html&source=placeapi_v2,,,,,,,,,,,,,,,,,,,,0
bc70ac6ac27c0a9c4f6d4626,中国邮政(金浦路营业厅),生活服务,邮局,广西壮族自治区,南宁市,青秀区,广西壮族自治区南宁市青秀区金浦路9号,bc70ac6ac27c0a9c4f6d4626,1,0,108.380709,22.821432,(0771)3193703,life,http://api.map.baidu.com/place/detail?uid=bc70ac6ac27c0a9c4f6d4626&output=html&source=placeapi_v2,,09:00-18:00,0,,,,,,,10,1,,,,,,,108.38031677785,22.821387899511,0
9484afbc34c71c2a33621207,中国邮政(凤翔邮政所),生活服务,邮局,广西壮族自治区,南宁市,青秀区,南宁市青秀区景晖巷3号,9484afbc34c71c2a33621207,1,0,108.398591,22.82475,(0771)5533265,life,http://api.map.baidu.com/place/detail?uid=9484afbc34c71c2a33621207&output=html&source=placeapi_v2,,"09:00-12:00,13:00-18:00",0.0,,,,,,,10,1,,,,,,,108.39849100027,22.82489600535,0
7ccf55f5eff58093223bf27f,中国邮政(便民智能包裹柜),生活服务,邮局,广西壮族自治区,南宁市,青秀区,广西壮族自治区南宁市青秀区金浦路9号,7ccf55f5eff58093223bf27f,1,1,108.380382,22.821425,(0771)3193703,life,http://api.map.baidu.com/place/detail?uid=7ccf55f5eff58093223bf27f&output=html&source=placeapi_v2,,08:00-18:00,1.5,,,,,,,20,3,,,,,,,108.38028279495,22.8215966235,1
d64ed6228c9c57026f3e1b1f,中国邮政(仙葫西揽投部),生活服务,邮局,广西壮族自治区,南宁市,青秀区,南宁市青秀区仙葫大道长岛・800里香江南侧约50米,d64ed6228c9c57026f3e1b1f,1,0,108.470086,22.814194,11185,life,http://api.map.baidu.com/place/detail?uid=d64ed6228c9c57026f3e1b1f&output=html&source=placeapi_v2,,,2.3,,,,,,,6,3,,,,,,,108.47006531722,22.814291337059,0
08adf71d32cb54be28d7ab9b,仙葫西区邮政所,生活服务,邮局,广西壮族自治区,南宁市,青秀区,广西壮族自治区南宁市青秀区通泰路21~25号,,1,0,108.449449,22.812709,(0771)4780860,life,http://api.map.baidu.com/place/detail?uid=08adf71d32cb54be28d7ab9b&output=html&source=placeapi_v2,,09:00-17:00,0,,,,,,,14,2,,,,,,,108.44945166523,22.812665708495,0
f7c16e0eac90312bd8ecedbe,中国邮政(陈村邮政所),生活服务,邮局,广西壮族自治区,南宁市,西乡塘区,广西壮族自治区南宁市西乡塘区大学东路83-1号,f7c16e0eac90312bd8ecedbe,1,0,108.263359,22.845769,11185,life,http://api.map.baidu.com/place/detail?uid=f7c16e0eac90312bd8ecedbe&output=html&source=placeapi_v2,,09:00-19:00,5.0,,,,,,,21,2,,,,,,,108.26323404787,22.845863074022,0
ff1c82313790c33a07026f1d,南宁市邮政局(西乡塘邮政所),生活服务,邮局,广西壮族自治区,南宁市,西乡塘区,广西壮族自治区南宁市西乡塘区大学东路95号,ff1c82313790c33a07026f1d,1,0,108.246398,22.845538,(0771)3248859,life,http://api.map.baidu.com/place/detail?uid=ff1c82313790c33a07026f1d&output=html&source=placeapi_v2,,09:00-18:00,0,,,,,,,11,2,,,,,,,108.24633900171,22.845577674345,0
e12f0421fb9e57f83010af92,中国邮政(湖南大厦),生活服务,邮局,广西壮族自治区,南宁市,西乡塘区,广西壮族自治区南宁市西乡塘区科园大道23-44号,e12f0421fb9e57f83010af92,1,0,108.277927,22.851475,(0771)2189555,life,http://api.map.baidu.com/place/detail?uid=e12f0421fb9e57f83010af92&output=html&source=placeapi_v2,,09:00-18:00,0,,,,,,,15,1,,,,,,,108.27799265224,22.851474941983,0
a3f21eeed31378462fb17e4e,南宁市邮政局安吉路邮政营业所,生活服务,邮局,广西壮族自治区,南宁市,西乡塘区,广西壮族自治区南宁市西乡塘区安吉大道12-1号南区2楼,a3f21eeed31378462fb17e4e,1,0,108.309313,22.863912,(0771)3119105,life,http://api.map.baidu.com/place/detail?uid=a3f21eeed31378462fb17e4e&output=html&source=placeapi_v2,,"09:00-12:00,13:00-18:00",2,,,,,,,18,3,,,,,,,108.30922003435,22.863812658678,0
1b0c8d023c1511e671455b20,中国邮政-邮乐购,生活服务,邮局,广西壮族自治区,南宁市,西乡塘区,南宁市西乡塘区碧云路广西大学,,1,0,108.302537,22.850163,11185,life,http://api.map.baidu.com/place/detail?uid=1b0c8d023c1511e671455b20&output=html&source=placeapi_v2,,,,,,,,,,0,1,,,,,,,108.30255454631,22.84991305456,0
dbf1fe8a5d46a673354aaeb8,中国邮政包裹(秀灵路),生活服务,邮局,广西壮族自治区,南宁市,西乡塘区,广西壮族自治区南宁市西乡塘区秀灵路东五里9-1号,dbf1fe8a5d46a673354aaeb8,1,0,108.307159,22.852215,11185,life,http://api.map.baidu.com/place/detail?uid=dbf1fe8a5d46a673354aaeb8&output=html&source=placeapi_v2,,,,,,,,,,1,,,,,,,,108.30718132011,22.852176536954,0
b3aa435d5da4950a15764351,中国邮政(衡阳西邮政所),生活服务,邮局,广西壮族自治区,南宁市,西乡塘区,南宁市西乡塘区衡阳西路19-19号,b3aa435d5da4950a15764351,1,0,108.315924,22.83758,11185,life,http://api.map.baidu.com/place/detail?uid=b3aa435d5da4950a15764351&output=html&source=placeapi_v2,,"09:00-12:00,13:00-18:00",0.0,,,,,,,16,,,,,,,,108.31585363067,22.837709411649,0
6cef3808ba5ec99b6f3e1b3d,中国邮政(五里亭邮政所),生活服务,邮局,广西壮族自治区,南宁市,西乡塘区,广西壮族自治区南宁市西乡塘区明秀西路122号(华联超市大门入口处),,1,0,108.297404,22.835659,(0771)4751324,life,http://api.map.baidu.com/place/detail?uid=6cef3808ba5ec99b6f3e1b3d&output=html&source=placeapi_v2,,"09:00-12:00,13:00-18:00",,,,,,,,3,,,,,,,,108.29758860753,22.835803605429,0
afc49e556221f21b02294fa0,中国邮政便民服务站(龙腾路),生活服务,邮局,广西壮族自治区,南宁市,西乡塘区,南宁市西乡塘区龙腾路金满花园小区东侧约70米,,1,0,108.303741,22.831682,,life,http://api.map.baidu.com/place/detail?uid=afc49e556221f21b02294fa0&output=html&source=placeapi_v2,,,,,,,,,,1,,,,,,,,,,0
9d9d8062d04bd968901fc97c,中国邮政(南城邮政所),生活服务,邮局,广西壮族自治区,南宁市,西乡塘区,广西壮族自治区南宁市西乡塘区北湖南路21-1号,9d9d8062d04bd968901fc97c,1,0,108.332598,22.84217,(0771)2181407,life,http://api.map.baidu.com/place/detail?uid=9d9d8062d04bd968901fc97c&output=html&source=placeapi_v2,,09:00-17:00,,,,,,,,12,,,,,,,,108.33251433767,22.842134249386,0
05df95d3ebaf674d89db73a7,中国邮政(明秀小区邮政所),生活服务,邮局,广西壮族自治区,南宁市,西乡塘区,广西壮族自治区南宁市西乡塘区明秀东路145号,05df95d3ebaf674d89db73a7,1,0,108.335563,22.85109,(0771)3321653,life,http://api.map.baidu.com/place/detail?uid=05df95d3ebaf674d89db73a7&output=html&source=placeapi_v2,,"09:00-12:00,13:00-18:00",4,,,,,,,21,2,,,,,,,108.33570735203,22.851107748008,0
92b806d2287263fc79b55c13,中国邮政(长岗邮政所),生活服务,邮局,广西壮族自治区,南宁市,兴宁区,广西壮族自治区南宁市兴宁区民主路北四里12-21号c区,92b806d2287263fc79b55c13,1,0,108.347646,22.836079,(0771)5617271,life,http://api.map.baidu.com/place/detail?uid=92b806d2287263fc79b55c13&output=html&source=placeapi_v2,,09:00-17:00,3,,,,,,,29,3,,,,,,,108.34777300806,22.83595353011,0
529d328578bd2cf7471a3207,中国邮政(邕武路),生活服务,邮局,广西壮族自治区,南宁市,兴宁区,广西壮族自治区南宁市兴宁区望州北二里26-17号,,1,0,108.342635,22.865738,,life,http://api.map.baidu.com/place/detail?uid=529d328578bd2cf7471a3207&output=html&source=placeapi_v2,,,,,,,,,,,,,,,,,,,,0
3b8813e19b2b309c210220d8,中国邮政(望州岭投递部),生活服务,邮局,广西壮族自治区,南宁市,兴宁区,广西壮族自治区南宁市兴宁区望州路北二里26-17号,3b8813e19b2b309c210220d8,1,1,108.338712,22.842162,(0771)5650692,life,http://api.map.baidu.com/place/detail?uid=3b8813e19b2b309c210220d8&output=html&source=placeapi_v2,,08:00-18:00,0,,,,,,,19,2,,,,,,,108.33879106686,22.842104956255,1
701e77482789e7249cf77991,中国邮政(长路),生活服务,邮局,广西壮族自治区,南宁市,兴宁区,广西壮族自治区南宁市兴宁区长岗路179号皇马农贸市场b6号楼2楼108室,701e77482789e7249cf77991,1,0,108.371222,22.846085,11185,life,http://api.map.baidu.com/place/detail?uid=701e77482789e7249cf77991&output=html&source=placeapi_v2,,"09:00-12:00,13:00-18:00",,,,,,,,15,,,,,,,,108.37127462772,22.845969679122,0
5b0d829337546fd52bb97c50,中国邮政(屯里邮政所),生活服务,邮局,广西壮族自治区,南宁市,青秀区,广西壮族自治区南宁市青秀区屯里路79号,,1,0,108.436129,22.849259,18607870061,life,http://api.map.baidu.com/place/detail?uid=5b0d829337546fd52bb97c50&output=html&source=placeapi_v2,,"09:00-12:00,14:30-17:30",,,,,,,,11,,,,,,,,108.43612950886,22.849037806055,0
5ffb1816a978b8216f476052,中国邮政(南宁市邮政局长塘邮政所),生活服务,邮局,广西壮族自治区,南宁市,青秀区,广西壮族自治区南宁市青秀区长安路142号,,1,0,108.659736,22.837544,(0771)4270035,life,http://api.map.baidu.com/place/detail?uid=5ffb1816a978b8216f476052&output=html&source=placeapi_v2,,09:00-17:00,0.0,,,,,,,,1,,,,,,,108.65991786753,22.837302797655,0
46edcacb0ff8bbaec9e33c1e,南宁邮区中心局(运输分局),生活服务,邮局,广西壮族自治区,南宁市,西乡塘区,广西壮族自治区南宁市西乡塘区安吉大道40号,46edcacb0ff8bbaec9e33c1e,1,0,108.305824,22.88259,,life,http://api.map.baidu.com/place/detail?uid=46edcacb0ff8bbaec9e33c1e&output=html&source=placeapi_v2,,,0.0,,,,,,,,1,,,,,,,108.30449196499,22.882765777621,0
dc29db8acc4f622b51e5c570,安吉投递部,生活服务,邮局,广西壮族自治区,南宁市,西乡塘区,广西壮族自治区南宁市西乡塘区安吉大道40号,dc29db8acc4f622b51e5c570,1,0,108.304913,22.882202,,life,http://api.map.baidu.com/place/detail?uid=dc29db8acc4f622b51e5c570&output=html&source=placeapi_v2,,,0.0,,,,,,,5,1,,,,,,,108.30486848526,22.882169232599,0
05dd7d5f495cae00ad080f49,天天邮礼邮政惠民综合服务点,生活服务,邮局,广西壮族自治区,南宁市,兴宁区,广西壮族自治区南宁市兴宁区邕武路14号,05dd7d5f495cae00ad080f49,1,0,108.344184,22.878894,(0771)3347574,life,http://api.map.baidu.com/place/detail?uid=05dd7d5f495cae00ad080f49&output=html&source=placeapi_v2,,"08:30-12:30,13:30-17:30",0,,,,,,,27,2,,,,,,,108.3440915832,22.879026307515,0
529d328578bd2cf7471a3207,中国邮政(邕武路),生活服务,邮局,广西壮族自治区,南宁市,兴宁区,广西壮族自治区南宁市兴宁区望州北二里26-17号,,1,0,108.342635,22.865738,,life,http://api.map.baidu.com/place/detail?uid=529d328578bd2cf7471a3207&output=html&source=placeapi_v2,,,,,,,,,,,,,,,,,,,,0
a41f5eae37dafcaf8c1a8998,中国邮政(温泉路),生活服务,邮局,广西壮族自治区,南宁市,兴宁区,南宁市兴宁区温泉路177号,a41f5eae37dafcaf8c1a8998,1,0,108.428986,22.884902,(0771)5821618,life,http://api.map.baidu.com/place/detail?uid=a41f5eae37dafcaf8c1a8998&output=html&source=placeapi_v2,,"09:00-12:00,14:30-17:30",0,,,,,,,26,1,,,,,,,108.42922558995,22.88478874499,0
dfc68e9da9ddcd9f95ca07af,中国邮政(南宁市邮政局金陵邮政支局),生活服务,邮局,广西壮族自治区,南宁市,西乡塘区,广西壮族自治区南宁市西乡塘区金城路22号,,1,0,108.056259,22.923086,(0771)3358734,life,http://api.map.baidu.com/place/detail?uid=dfc68e9da9ddcd9f95ca07af&output=html&source=placeapi_v2,,"09:00-12:00,14:30-17:30",0,,,,,,,4,3,,,,,,,108.05609433015,22.923093111698,0
b533ea4aa992d0424f6d4646,中国邮政(四塘邮政所),生活服务,邮局,广西壮族自治区,南宁市,兴宁区,广西壮族自治区南宁市兴宁区三塘镇四塘社区南环路167号,b533ea4aa992d0424f6d4646,1,0,108.493757,22.920782,(0771)4240277,life,http://api.map.baidu.com/place/detail?uid=b533ea4aa992d0424f6d4646&output=html&source=placeapi_v2,,09:00-17:00,0,,,,,,,10,1,,,,,,,108.49378454769,22.920697822156,0
764672e59180f5ac94ec8448,中国邮政(那龙邮政所),生活服务,邮局,广西壮族自治区,南宁市,西乡塘区,南宁市西乡塘区那龙镇龙江街182号,,1,0,108.019218,22.973317,(0771)3365047,life,http://api.map.baidu.com/place/detail?uid=764672e59180f5ac94ec8448&output=html&source=placeapi_v2,,09:00-17:00,,,,,,,,1,,,,,,,,,,0
a673d614df9bb07df90cad63,中国邮政(甘圩邮政所),生活服务,邮局,广西壮族自治区,南宁市,武鸣区,南宁市武鸣区017县道甘圩街甘圩人民政府后门,a673d614df9bb07df90cad63,1,0,108.232159,22.978638,(0771)6265856,life,http://api.map.baidu.com/place/detail?uid=a673d614df9bb07df90cad63&output=html&source=placeapi_v2,,09:00-17:00,,,,,,,,,,,,,,,,,,0
3be122e12110bb531ff74d88,中国邮政(腾翔邮政所),生活服务,邮局,广西壮族自治区,南宁市,武鸣区,武鸣区016县道腾翔佳惠多超市西南10米,3be122e12110bb531ff74d88,1,0,108.330142,23.040902,(0771)6260443,life,http://api.map.baidu.com/place/detail?uid=3be122e12110bb531ff74d88&output=html&source=placeapi_v2,,"09:00-12:00,13:30-16:30",0,,,,,,,8,1,,,,,,,108.3305044321,23.040884996156,0
97b47dc2fda76e5115c90579,中国邮政(武鸣区邮政局双桥邮政支局),生活服务,邮局,广西壮族自治区,南宁市,武鸣区,广西壮族自治区南宁市武鸣区双武路47号,97b47dc2fda76e5115c90579,1,0,108.308552,23.105134,(0771)6020115,life,http://api.map.baidu.com/place/detail?uid=97b47dc2fda76e5115c90579&output=html&source=placeapi_v2,,"09:00-12:00,13:30-16:30",0,,,,,,,7,1,,,,,,,108.30842097363,23.105089758572,0
d6a42f93946d2b1fdc1e52cb,中国邮政(农坛路),生活服务,邮局,广西壮族自治区,南宁市,武鸣区,广西壮族自治区南宁市武鸣区农坛路603号,d6a42f93946d2b1fdc1e52cb,1,0,108.299958,23.179479,11185,life,http://api.map.baidu.com/place/detail?uid=d6a42f93946d2b1fdc1e52cb&output=html&source=placeapi_v2,,,0,,,,,,,5,1,,,,,,,108.29999820965,23.179290956803,0
44e02c59090fd8ec30169b9d,中国邮政(思陇邮政所),生活服务,邮局,广西壮族自治区,南宁市,宾阳县,南宁市宾阳县X028彩虹幼儿园西南侧约90米,,1,0,108.661562,23.172579,"(0771)8450201,(0771)8450535",life,http://api.map.baidu.com/place/detail?uid=44e02c59090fd8ec30169b9d&output=html&source=placeapi_v2,,,,,,,,,,1,,,,,,,,,,0
25ec69fc7e123d00c26c14d2,中国邮政(武鸣区邮政局里建邮政支局),生活服务,邮局,广西壮族自治区,南宁市,武鸣区,武侨路苏志强诊所东北20米,25ec69fc7e123d00c26c14d2,1,1,108.177441,23.205371,(0771)6301357,life,http://api.map.baidu.com/place/detail?uid=25ec69fc7e123d00c26c14d2&output=html&source=placeapi_v2,,09:00-17:00,0,,,,,,,13,1,,,,,,,108.17684483344,23.205182898971,1
062a5070678b248c8b2fb537,里建邮政支局,生活服务,邮局,广西壮族自治区,南宁市,武鸣区,广西南宁市武鸣区南宁华侨投资区武侨路转盘处里建,,1,0,108.185078,23.21029,,life,http://api.map.baidu.com/place/detail?uid=062a5070678b248c8b2fb537&output=html&source=placeapi_v2,,,,,,,,,,,,,,,,,,108.18590135735,23.2102781972,0
de724438f7b265d63ce23190,中国邮政(罗波邮电支局),生活服务,邮局,广西壮族自治区,南宁市,武鸣区,南宁市武鸣区罗波镇X489武鸣燃气公司罗波第二门市部东南侧50米,,1,1,108.426258,23.285093,(0771)6082268,life,http://api.map.baidu.com/place/detail?uid=de724438f7b265d63ce23190&output=html&source=placeapi_v2,,"09:00-12:00,13:30-16:30",0.0,,,,,,,3,,,,,,,,108.42635267418,23.284680876009,1
7a94fda0ff71b2d216764363,中国邮政(武鸣区邮政局东风邮政代办点),生活服务,邮局,广西壮族自治区,南宁市,武鸣区,广西壮族自治区南宁市邮政局东风邮政代办点(034县道),,1,0,108.258356,23.326407,13597016037,life,http://api.map.baidu.com/place/detail?uid=7a94fda0ff71b2d216764363&output=html&source=placeapi_v2,,09:00-13:30,,,,,,,,1,,,,,,,,,,0
87ef61a638b344eaabf72987,中国邮政(马头邮政所),生活服务,邮局,广西壮族自治区,南宁市,武鸣区,南宁市武鸣区X039马头客运站东侧约40米,,1,0,108.511379,23.30711,(0771)6071161,life,http://api.map.baidu.com/place/detail?uid=87ef61a638b344eaabf72987&output=html&source=placeapi_v2,,"09:00-12:00,13:30-16:30",0.0,,,,,,,1,,,,,,,,,,0
4f62e538a3a6b98ff523101c,中国邮政三农服务站,生活服务,邮局,广西壮族自治区,南宁市,上林县,广西壮族自治区南宁市上林县万加街125号,4f62e538a3a6b98ff523101c,1,0,108.673473,23.312107,(0771)5222031,life,http://api.map.baidu.com/place/detail?uid=4f62e538a3a6b98ff523101c&output=html&source=placeapi_v2,,"09:00-12:00,14:00-17:00",0.0,,,,,,,3,,,,,,,,,,0
