uid,name,cat_L1,cat_L2,province,city,area,address,street_id,detail,child_num,loc_lng,loc_lat,telephone,type,detail_url,price,shop_hours,overall_rating,taste_rating,service_rating,environment_rating,facility_rating,hygiene_rating,technology_rating,image_num,comment_num,groupon_num,discount_num,favorite_num,checkin_num,brand,content_tag,naviloc_lng,naviloc_lat,child_num
d9d662af01ad05f47ec87662,鑫印文苑店,生活服务,图文快印店,广西壮族自治区,南宁市,邕宁区,南宁市邕宁区西关街南宁市邕宁区那楼镇中心学校东北侧约60米,,1,0,108.637561,22.615103,,life,http://api.map.baidu.com/place/detail?uid=d9d662af01ad05f47ec87662&output=html&source=placeapi_v2,,,,,,,,,,1,,,,,,,,,,0
3312b65d1396fd0e7dc876e3,图文快印,生活服务,图文快印店,广西壮族自治区,南宁市,江南区,南宁市江南区友谊路新港家园西南侧约140米,3312b65d1396fd0e7dc876e3,1,0,108.224902,22.652121,18978969040,life,http://api.map.baidu.com/place/detail?uid=3312b65d1396fd0e7dc876e3&output=html&source=placeapi_v2,,,,,,,,,,,,,,,,,,,,0
641f9a6c908eadbc16c90593,58图文快印(玉洞店),生活服务,图文快印店,广西壮族自治区,南宁市,良庆区,广西壮族自治区南宁市良庆区凤凰路6号,641f9a6c908eadbc16c90593,1,0,108.343832,22.728864,18260975858,life,http://api.map.baidu.com/place/detail?uid=641f9a6c908eadbc16c90593&output=html&source=placeapi_v2,,00:00-24:00,0,,,,,,,13,1,,,,,,,108.34378394501,22.728926782053,0
df025d229a3cb2a903ff2d5c,小玉图文广告,生活服务,图文快印店,广西壮族自治区,南宁市,良庆区,广西壮族自治区南宁市良庆区凤凰路47号,df025d229a3cb2a903ff2d5c,1,0,108.347171,22.731662,"13307864247,18260860512",life,http://api.map.baidu.com/place/detail?uid=df025d229a3cb2a903ff2d5c&output=html&source=placeapi_v2,,08:30-06:00,,,,,,,,10,,,,,,,,108.34714019585,22.731712854332,0
34602a2cf362905ac0364438,超盛图文,生活服务,图文快印店,广西壮族自治区,南宁市,良庆区,广西壮族自治区南宁市良庆区五象岭路9号,34602a2cf362905ac0364438,1,0,108.344555,22.766196,"(0771)4506531,15977719103,18978839802",life,http://api.map.baidu.com/place/detail?uid=34602a2cf362905ac0364438&output=html&source=placeapi_v2,,08:09-22:09,0,,,,,,,24,1,,,,,,,108.34457089117,22.766273708349,0
67dfd82aa5eac47a4f3a59a0,嘉博图文,生活服务,图文快印店,广西壮族自治区,南宁市,良庆区,广西壮族自治区南宁市良庆区银海大道666号,67dfd82aa5eac47a4f3a59a0,1,0,108.333858,22.741806,18172362013,life,http://api.map.baidu.com/place/detail?uid=67dfd82aa5eac47a4f3a59a0&output=html&source=placeapi_v2,,08:00-22:30,0,,,,,,,11,2,,,,,,,108.33392136617,22.741840767161,0
fd9ded385eadc56c52e5c525,港鑫图文广告(五象大道辅路店),生活服务,图文快印店,广西壮族自治区,南宁市,良庆区,广西壮族自治区南宁市良庆区五象大道432号滨江丽景花园b1号b-2号,fd9ded385eadc56c52e5c525,1,0,108.343633,22.767632,"13077798982,15177788568",life,http://api.map.baidu.com/place/detail?uid=fd9ded385eadc56c52e5c525&output=html&source=placeapi_v2,,08:30-22:00,0,,,,,,,13,2,,,,,,,108.34359494332,22.767564765659,0
a696cb22f317ba6ab13c81da,元华图文快印店,生活服务,图文快印店,广西壮族自治区,南宁市,良庆区,广西壮族自治区南宁市良庆区凤凰路11号龙光・玖珑湖6-108号铺面,,1,0,108.373661,22.736367,19968286395,life,http://api.map.baidu.com/place/detail?uid=a696cb22f317ba6ab13c81da&output=html&source=placeapi_v2,,09:00-20:00,0.0,,,,,,,12,1,,,,,,,108.37354620969,22.736354941117,0
86d55128ac84fe60ca1b9509,南宁市新五象数码图文店,生活服务,图文快印店,广西壮族自治区,南宁市,良庆区,广西壮族自治区南宁市良庆区凯旋路9号海尔青啤联合广场2号楼1楼,86d55128ac84fe60ca1b9509,1,0,108.390359,22.765173,(0771)4976616,life,http://api.map.baidu.com/place/detail?uid=86d55128ac84fe60ca1b9509&output=html&source=placeapi_v2,,09:00-22:00,,,,,,,,19,,,,,,,,108.3902216489,22.765140907732,0
f0cf7f14a33b60d3b5147f8b,和印亮彩数字印刷(富雅店),生活服务,图文快印店,广西壮族自治区,南宁市,良庆区,广西壮族自治区南宁市良庆区盘歌路6号富雅国际生活广场1楼1036室,f0cf7f14a33b60d3b5147f8b,1,0,108.393209,22.765262,(0771)4897364,life,http://api.map.baidu.com/place/detail?uid=f0cf7f14a33b60d3b5147f8b&output=html&source=placeapi_v2,,08:30-18:00,,,,,,,,10,,,,,,,,108.39329266259,22.765396226458,0
61f7d755f250ce7a9e9d6876,清泉图文快印,生活服务,图文快印店,广西壮族自治区,南宁市,邕宁区,南宁市邕宁区2号路滨江幸福小区,,1,0,108.474797,22.756786,19914899346,life,http://api.map.baidu.com/place/detail?uid=61f7d755f250ce7a9e9d6876&output=html&source=placeapi_v2,,09:00-21:00,,,,,,,,1,1,,,,,,,,,0
3215ee7e98414470db131876,新朝阳文印部,生活服务,图文快印店,广西壮族自治区,南宁市,邕宁区,广西壮族自治区南宁市邕宁区汉林街11-3号,3215ee7e98414470db131876,1,0,108.501186,22.755172,(0771)4719529,life,http://api.map.baidu.com/place/detail?uid=3215ee7e98414470db131876&output=html&source=placeapi_v2,,09:00-18:30,,,,,,,,15,,,,,,,,,,0
2713c68fd16a8eee82a12e2c,先达照相复印,生活服务,图文快印店,广西壮族自治区,南宁市,邕宁区,广西壮族自治区南宁市邕宁区汉林街68号,2713c68fd16a8eee82a12e2c,1,0,108.501492,22.75505,(0771)4715618,life,http://api.map.baidu.com/place/detail?uid=2713c68fd16a8eee82a12e2c&output=html&source=placeapi_v2,,,0,,,,,,,14,1,,,,,,,,,0
647517ee450b73c72efaa73c,福兴文印部(红星路店),生活服务,图文快印店,广西壮族自治区,南宁市,邕宁区,广西壮族自治区南宁市邕宁区红星路2-12号,647517ee450b73c72efaa73c,1,0,108.495571,22.762197,"13878677012,18978949948",life,http://api.map.baidu.com/place/detail?uid=647517ee450b73c72efaa73c&output=html&source=placeapi_v2,1,07:00-21:00,0,,,,,,,22,2,,,,,,,108.49537970472,22.762103246499,0
7d331b5682880b20e215f98d,58图文快印(壮锦店),生活服务,图文快印店,广西壮族自治区,南宁市,江南区,广西壮族自治区南宁市江南区壮锦大道18号西建冠城世家6-102号,,1,0,108.277502,22.786077,(0771)4300452,life,http://api.map.baidu.com/place/detail?uid=7d331b5682880b20e215f98d&output=html&source=placeapi_v2,,00:00-24:00,,,,,,,,2,,,,,,,,108.27782703704,22.786058799366,0
0fe6221aebc8b9cc0bf5ebce,荣辉图文快印,生活服务,图文快印店,广西壮族自治区,南宁市,江南区,广西壮族自治区南宁市江南区白沙大道109号普罗旺斯紫罗兰庄园15-,0fe6221aebc8b9cc0bf5ebce,1,0,108.288211,22.778943,18776141476,life,http://api.map.baidu.com/place/detail?uid=0fe6221aebc8b9cc0bf5ebce&output=html&source=placeapi_v2,,08:00-22:00,4.3,,,,,,,18,8,,,,,,,108.28803453285,22.778871948143,0
00366155f12f90daeedfca0d,振兴图文快印,生活服务,图文快印店,广西壮族自治区,南宁市,江南区,广西壮族自治区南宁市江南区五一东路23-10号,00366155f12f90daeedfca0d,1,0,108.308558,22.800142,18776890528,life,http://api.map.baidu.com/place/detail?uid=00366155f12f90daeedfca0d&output=html&source=placeapi_v2,,,0,,,,,,,21,1,,,,,,,108.30855756638,22.800264115921,0
00e1e27f3b7816eba20464a1,逸腾图文快印,生活服务,图文快印店,广西壮族自治区,南宁市,江南区,广西壮族自治区南宁市江南区星光大道172-1号,00e1e27f3b7816eba20464a1,1,0,108.317717,22.77791,"(0771)4517161,15977717278",life,http://api.map.baidu.com/place/detail?uid=00e1e27f3b7816eba20464a1&output=html&source=placeapi_v2,,,0,,,,,,,23,1,,,,,,,108.31794374505,22.777906133407,0
d18d26cb68a4d9149b68b47b,名华图文快印工作室,生活服务,图文快印店,广西壮族自治区,南宁市,江南区,广西壮族自治区南宁市江南区白沙大道38-6号1栋58号,d18d26cb68a4d9149b68b47b,1,0,108.307666,22.786642,13667881419,life,http://api.map.baidu.com/place/detail?uid=d18d26cb68a4d9149b68b47b&output=html&source=placeapi_v2,,,0,,,,,,,6,1,,,,,,,108.30789383808,22.786664214542,0
19ec8f4ed8f3d44ee9f853d1,哲超图文,生活服务,图文快印店,广西壮族自治区,南宁市,江南区,广西壮族自治区南宁市江南区亭洪路39-2号,19ec8f4ed8f3d44ee9f853d1,1,0,108.317434,22.794234,18172395463,life,http://api.map.baidu.com/place/detail?uid=19ec8f4ed8f3d44ee9f853d1&output=html&source=placeapi_v2,,,1,,,,,,,21,3,,,,,,,,,0
5f43c599dd7160b7704b877b,春晖图文,生活服务,图文快印店,广西壮族自治区,南宁市,江南区,广西壮族自治区南宁市江南区星光大道223号荣宝华商城a3栋112号,5f43c599dd7160b7704b877b,1,0,108.320812,22.777925,"15077174286,18577158641",life,http://api.map.baidu.com/place/detail?uid=5f43c599dd7160b7704b877b&output=html&source=placeapi_v2,,00:00-24:00,0,,,,,,,18,2,,,,,,,,,0
e15cd6729de36c1b4f6d46e4,新豪图文快印(南国康城店),生活服务,图文快印店,广西壮族自治区,南宁市,江南区,广西壮族自治区南宁市江南区圭贝路5号1号,e15cd6729de36c1b4f6d46e4,1,0,108.322863,22.78087,13557516751,life,http://api.map.baidu.com/place/detail?uid=e15cd6729de36c1b4f6d46e4&output=html&source=placeapi_v2,,08:30-21:30,5,,,,,,,12,1,,,,,,,108.32262248845,22.780871315624,0
6a01174b7a9fd1cbeddfca99,鹏鹏照相馆,生活服务,图文快印店,广西壮族自治区,南宁市,江南区,广西壮族自治区南宁市江南区石柱岭一路11-1号,6a01174b7a9fd1cbeddfca99,1,0,108.308062,22.786823,15077145948,life,http://api.map.baidu.com/place/detail?uid=6a01174b7a9fd1cbeddfca99&output=html&source=placeapi_v2,,,0,,,,,,,21,1,,,,,,,108.30787724278,22.786811746372,0
49e1ef438ecb5a24f7e73bac,印知彩图文广告,生活服务,图文快印店,广西壮族自治区,南宁市,江南区,广西壮族自治区南宁市江南区五一东路35号,49e1ef438ecb5a24f7e73bac,1,0,108.305533,22.800385,,life,http://api.map.baidu.com/place/detail?uid=49e1ef438ecb5a24f7e73bac&output=html&source=placeapi_v2,,,0.0,,,,,,,15,2,,,,,,,108.30561510559,22.800530449829,0
acf05645fee1f7f75d0d02d3,创艺广告,生活服务,图文快印店,广西壮族自治区,南宁市,江南区,广西壮族自治区南宁市江南区燕敦路荣宝华c6116号,acf05645fee1f7f75d0d02d3,1,0,108.322122,22.777572,13377189415,life,http://api.map.baidu.com/place/detail?uid=acf05645fee1f7f75d0d02d3&output=html&source=placeapi_v2,,08:30-21:30,,,,,,,,17,,,,,,,,,,0
a8165b7d944922f816c9059f,尚易图文,生活服务,图文快印店,广西壮族自治区,南宁市,江南区,广西壮族自治区南宁市江南区白沙大道19号,a8165b7d944922f816c9059f,1,0,108.333703,22.789218,(0771)4866153,life,http://api.map.baidu.com/place/detail?uid=a8165b7d944922f816c9059f&output=html&source=placeapi_v2,,08:00-22:00,2.2,,,,,,,16,4,,,,,,,108.3335717268,22.789454468794,0
34602a2cf362905ac0364438,超盛图文,生活服务,图文快印店,广西壮族自治区,南宁市,良庆区,广西壮族自治区南宁市良庆区五象岭路9号,34602a2cf362905ac0364438,1,0,108.344555,22.766196,"(0771)4506531,15977719103,18978839802",life,http://api.map.baidu.com/place/detail?uid=34602a2cf362905ac0364438&output=html&source=placeapi_v2,,08:09-22:09,0,,,,,,,24,1,,,,,,,108.34457089117,22.766273708349,0
fd9ded385eadc56c52e5c525,港鑫图文广告(五象大道辅路店),生活服务,图文快印店,广西壮族自治区,南宁市,良庆区,广西壮族自治区南宁市良庆区五象大道432号滨江丽景花园b1号b-2号,fd9ded385eadc56c52e5c525,1,0,108.343633,22.767632,"13077798982,15177788568",life,http://api.map.baidu.com/place/detail?uid=fd9ded385eadc56c52e5c525&output=html&source=placeapi_v2,,08:30-22:00,0,,,,,,,13,2,,,,,,,108.34359494332,22.767564765659,0
712c5876c1faa5daf13cbae0,独岭图文广告快印(五象店),生活服务,图文快印店,广西壮族自治区,南宁市,良庆区,广西壮族自治区南宁市良庆区云英路8号五象总部大厦b座1楼105号,712c5876c1faa5daf13cbae0,1,0,108.385634,22.771658,"(0771)4111985,13507883985",life,http://api.map.baidu.com/place/detail?uid=712c5876c1faa5daf13cbae0&output=html&source=placeapi_v2,,,5,,,,,,,10,2,,,,,,,108.38565982356,22.771855918136,0
190c6befc64a92b0260bd04c,中奥诺数字印刷(富雅国金店),生活服务,图文快印店,广西壮族自治区,南宁市,良庆区,广西壮族自治区南宁市良庆区五象大道403号富雅国际金融中心g2栋106号,,1,0,108.383844,22.772082,(0771)5528985,life,http://api.map.baidu.com/place/detail?uid=190c6befc64a92b0260bd04c&output=html&source=placeapi_v2,,08:00-22:30,,,,,,,,5,,,,,,,,108.38384161189,22.771927403938,0
6e776b096172cb8529fc4875,景盛图文快印,生活服务,图文快印店,广西壮族自治区,南宁市,江南区,广西壮族自治区南宁市江南区富德商业街a102号,6e776b096172cb8529fc4875,1,0,108.272082,22.817199,"18277123569,18775375569",life,http://api.map.baidu.com/place/detail?uid=6e776b096172cb8529fc4875&output=html&source=placeapi_v2,,,0.0,,,,,,,19,,,,,,,,108.27217649147,22.817316153481,0
3553c645640b150f3904b191,思南照相图文广告,生活服务,图文快印店,广西壮族自治区,南宁市,江南区,广西壮族自治区南宁市江南区五一路174号,3553c645640b150f3904b191,1,0,108.274375,22.81583,18100774559,life,http://api.map.baidu.com/place/detail?uid=3553c645640b150f3904b191&output=html&source=placeapi_v2,,,0.0,,,,,,,27,,,,,,,,108.2742739486,22.815722997278,0
36b3947e5f679c0b81288a1a,童艺照相图文广告店,生活服务,图文快印店,广西壮族自治区,南宁市,江南区,广西壮族自治区南宁市江南区上津路仁义农副产品批发市场,,1,0,108.252556,22.824885,13557860225,life,http://api.map.baidu.com/place/detail?uid=36b3947e5f679c0b81288a1a&output=html&source=placeapi_v2,,09:00-21:30,,,,,,,,6,,,,,,,,108.25249255165,22.824949522618,0
00ff42c38b50981f9cf779c5,兴灿图文快印,生活服务,图文快印店,广西壮族自治区,南宁市,西乡塘区,广西壮族自治区南宁市西乡塘区龙腾路永兴公寓1号,00ff42c38b50981f9cf779c5,1,0,108.305651,22.832513,15577187056,life,http://api.map.baidu.com/place/detail?uid=00ff42c38b50981f9cf779c5&output=html&source=placeapi_v2,,08:00-23:00,5,,,,,,,21,1,,,,,,,108.30568337771,22.832602156236,0
00366155f12f90daeedfca0d,振兴图文快印,生活服务,图文快印店,广西壮族自治区,南宁市,江南区,广西壮族自治区南宁市江南区五一东路23-10号,00366155f12f90daeedfca0d,1,0,108.308558,22.800142,18776890528,life,http://api.map.baidu.com/place/detail?uid=00366155f12f90daeedfca0d&output=html&source=placeapi_v2,,,0,,,,,,,21,1,,,,,,,108.30855756638,22.800264115921,0
8834d79c6b04ebcc3686f49d,奥速图文快印(锐意店),生活服务,图文快印店,广西壮族自治区,南宁市,西乡塘区,广西壮族自治区南宁市西乡塘区新阳路72-4号,8834d79c6b04ebcc3686f49d,1,0,108.310704,22.822105,18878733878,life,http://api.map.baidu.com/place/detail?uid=8834d79c6b04ebcc3686f49d&output=html&source=placeapi_v2,,,5,,,,,,,17,1,,,,,,,108.31081590194,22.822051273174,0
465a80e310025b56c42ba1d7,云朝文印店,生活服务,图文快印店,广西壮族自治区,南宁市,西乡塘区,广西壮族自治区南宁市西乡塘区新阳路221号,465a80e310025b56c42ba1d7,1,0,108.300564,22.823397,,life,http://api.map.baidu.com/place/detail?uid=465a80e310025b56c42ba1d7&output=html&source=placeapi_v2,,08:30-20:00,,,,,,,,7,,,,,,,,108.30057249007,22.823532483524,0
74f553e01f49a0766d20b916,鑫必达图文,生活服务,图文快印店,广西壮族自治区,南宁市,西乡塘区,广西壮族自治区南宁市西乡塘区新阳路218-2号,74f553e01f49a0766d20b916,1,0,108.301947,22.823875,13978688045,life,http://api.map.baidu.com/place/detail?uid=74f553e01f49a0766d20b916&output=html&source=placeapi_v2,,,1,,,,,,,28,6,,,,,,,108.30209767808,22.823702749503,0
9e31fb480405c543b5f42f79,阳光图文(淡村路店),生活服务,图文快印店,广西壮族自治区,南宁市,江南区,广西壮族自治区南宁市江南区福建园街道淡村路6-18-19号,,1,0,108.314481,22.804786,18978835168,life,http://api.map.baidu.com/place/detail?uid=9e31fb480405c543b5f42f79&output=html&source=placeapi_v2,,08:30-22:15,0,,,,,,,24,0,,,,,,,108.31454944558,22.804693891761,0
febd41dab191a7a76240a9e8,妮妮文印部,生活服务,图文快印店,广西壮族自治区,南宁市,江南区,广西壮族自治区南宁市江南区五一东路15-4号,febd41dab191a7a76240a9e8,1,0,108.310916,22.800116,(0771)4830367,life,http://api.map.baidu.com/place/detail?uid=febd41dab191a7a76240a9e8&output=html&source=placeapi_v2,,08:00-23:00,4,,,,,,,13,2,,,,,,,108.31093835715,22.800305298854,0
9f2dcfc73b35f7b6343a719c,欣美文印店,生活服务,图文快印店,广西壮族自治区,南宁市,江南区,广西壮族自治区南宁市江南区五一新福里路3-3号,9f2dcfc73b35f7b6343a719c,1,0,108.291811,22.805012,13877126086,life,http://api.map.baidu.com/place/detail?uid=9f2dcfc73b35f7b6343a719c&output=html&source=placeapi_v2,,,,,,,,,,13,,,,,,,,108.29194915513,22.804994766022,0
746808df0b410050fa42b25b,瑞思图文,生活服务,图文快印店,广西壮族自治区,南宁市,江南区,广西壮族自治区南宁市江南区五一中路124-6号,,1,0,108.290838,22.804543,18977771858,life,http://api.map.baidu.com/place/detail?uid=746808df0b410050fa42b25b&output=html&source=placeapi_v2,,,0,,,,,,,20,1,,,,,,,108.290860487,22.804458702007,0
87a9363e344a7ef596ca0781,拼搏图文快印,生活服务,图文快印店,广西壮族自治区,南宁市,西乡塘区,广西壮族自治区南宁市西乡塘区北大龙腾路2号,87a9363e344a7ef596ca0781,1,0,108.305053,22.832859,18178112988,life,http://api.map.baidu.com/place/detail?uid=87a9363e344a7ef596ca0781&output=html&source=placeapi_v2,,08:30-21:00,,,,,,,,14,,,,,,,,108.3051578618,22.832679712404,0
49e1ef438ecb5a24f7e73bac,印知彩图文广告,生活服务,图文快印店,广西壮族自治区,南宁市,江南区,广西壮族自治区南宁市江南区五一东路35号,49e1ef438ecb5a24f7e73bac,1,0,108.305533,22.800385,,life,http://api.map.baidu.com/place/detail?uid=49e1ef438ecb5a24f7e73bac&output=html&source=placeapi_v2,,,0.0,,,,,,,15,2,,,,,,,108.30561510559,22.800530449829,0
77801c4afae99a568bfc064e,亮彩数字印刷(北大南路店),生活服务,图文快印店,广西壮族自治区,南宁市,西乡塘区,广西壮族自治区南宁市西乡塘区北大南路17号,77801c4afae99a568bfc064e,1,0,108.311724,22.819898,(0771)3926305,life,http://api.map.baidu.com/place/detail?uid=77801c4afae99a568bfc064e&output=html&source=placeapi_v2,,,5.0,,,,,,,21,1,,,,,,,108.31179198184,22.819964843401,0
857f734661caa03722022029,新金彩喷画(南宁店),生活服务,图文快印店,广西壮族自治区,南宁市,西乡塘区,广西壮族自治区南宁市西乡塘区北大南路8号广西装饰广告综合市场d区2楼,857f734661caa03722022029,1,0,108.313391,22.819741,"18172005452,18376739996",life,http://api.map.baidu.com/place/detail?uid=857f734661caa03722022029&output=html&source=placeapi_v2,,,,,,,,,,5,,,,,,,,108.31337658198,22.819847067661,0
ae53296641b791eb081cc79d,流星雨快相,生活服务,图文快印店,广西壮族自治区,南宁市,江南区,广西壮族自治区南宁市江南区五一中路10~13号,ae53296641b791eb081cc79d,1,0,108.293497,22.803982,,life,http://api.map.baidu.com/place/detail?uid=ae53296641b791eb081cc79d&output=html&source=placeapi_v2,,,0,,,,,,,20,2,,,,,,,108.29347850768,22.803917206106,0
fb674eb7f84b656949fd3f4c,图文快印店,生活服务,图文快印店,广西壮族自治区,南宁市,青秀区,广西壮族自治区南宁市青秀区古城路2-25号,fb674eb7f84b656949fd3f4c,1,0,108.342892,22.814388,15296591029,life,http://api.map.baidu.com/place/detail?uid=fb674eb7f84b656949fd3f4c&output=html&source=placeapi_v2,,09:00-18:00,0,,,,,,,7,2,,,,,,,108.34282658579,22.814389119692,0
892465406842627e077ce8af,鑫顺图文快印(民主路店),生活服务,图文快印店,广西壮族自治区,南宁市,兴宁区,广西壮族自治区南宁市兴宁区新民路59号,892465406842627e077ce8af,1,0,108.333809,22.826967,"(0771)4816525,13557687799",life,http://api.map.baidu.com/place/detail?uid=892465406842627e077ce8af&output=html&source=placeapi_v2,,00:00-24:00,1,,,,,,,20,1,,,,,,,108.33385241404,22.826843936936,0
6833f8dfe123b16949fd3f80,天天礼仪图文快印,生活服务,图文快印店,广西壮族自治区,南宁市,青秀区,广西壮族自治区南宁市青秀区桃源路59号,6833f8dfe123b16949fd3f80,1,0,108.341343,22.806732,"15578998911,18978842646",life,http://api.map.baidu.com/place/detail?uid=6833f8dfe123b16949fd3f80&output=html&source=placeapi_v2,,09:00-20:00,0.0,,,,,,,13,,,,,,,,108.34121123396,22.806804506542,0
da917565b6cc5a18acee7a4f,南海图文快印(思贤路店),生活服务,图文快印店,广西壮族自治区,南宁市,青秀区,广西壮族自治区南宁市青秀区思贤路14-1号,da917565b6cc5a18acee7a4f,1,0,108.346306,22.825481,"(0771)5654398,13768309055,18577171202",life,http://api.map.baidu.com/place/detail?uid=da917565b6cc5a18acee7a4f&output=html&source=placeapi_v2,,08:30-22:00,0,,,,,,,26,1,,,,,,,108.34619214757,22.825406370761,0
9ad11c5dded1d79f38221cc9,天佳图文快印(园湖南路店),生活服务,图文快印店,广西壮族自治区,南宁市,青秀区,广西壮族自治区南宁市青秀区园湖南路16-8号,9ad11c5dded1d79f38221cc9,1,0,108.354081,22.821722,"(0771)5877626,(0771)5889916",life,http://api.map.baidu.com/place/detail?uid=9ad11c5dded1d79f38221cc9&output=html&source=placeapi_v2,,08:00-01:00,,,,,,,,6,,,,,,,,,,0
86c38ae9ca032ebfd0f49ea6,真如图文快印,生活服务,图文快印店,广西壮族自治区,南宁市,青秀区,广西壮族自治区南宁市青秀区东葛路30号,86c38ae9ca032ebfd0f49ea6,1,0,108.350766,22.827076,"(0771)5876528,13907868703",life,http://api.map.baidu.com/place/detail?uid=86c38ae9ca032ebfd0f49ea6&output=html&source=placeapi_v2,,08:30-21:00,5,,,,,,,20,2,,,,,,,108.35070098906,22.827164054773,0
ed9685fadd7461ae42d63e8b,印佳图文(古城路店),生活服务,图文快印店,广西壮族自治区,南宁市,青秀区,广西壮族自治区南宁市青秀区古城路45号47号,ed9685fadd7461ae42d63e8b,1,0,108.340708,22.824843,,life,http://api.map.baidu.com/place/detail?uid=ed9685fadd7461ae42d63e8b&output=html&source=placeapi_v2,,08:30-21:00,0,,,,,,,19,1,,,,,,,108.34077696343,22.824901289025,0
f01d3776edabea2196f08c4a,温泉文印室,生活服务,图文快印店,广西壮族自治区,南宁市,青秀区,广西壮族自治区南宁市青秀区星湖路29-17号,f01d3776edabea2196f08c4a,1,0,108.349389,22.813539,,life,http://api.map.baidu.com/place/detail?uid=f01d3776edabea2196f08c4a&output=html&source=placeapi_v2,,,5,,,,,,,15,3,,,,,,,108.34941156762,22.813415942401,0
f1e94af34d43a781e8e58248,正励图文快印,生活服务,图文快印店,广西壮族自治区,南宁市,兴宁区,广西壮族自治区南宁市兴宁区共和路173号,f1e94af34d43a781e8e58248,1,0,108.329634,22.823431,(0771)2610922,life,http://api.map.baidu.com/place/detail?uid=f1e94af34d43a781e8e58248&output=html&source=placeapi_v2,,08:30-21:00,2.2,,,,,,,19,5,,,,,,,108.32972554193,22.823490278645,0
7ae6ff7aad7a853a43e19291,九利九图文快印(精博南湖店),生活服务,图文快印店,广西壮族自治区,南宁市,青秀区,南宁市青秀区锦春路南一里南湖名都大酒店西南侧约40米,7ae6ff7aad7a853a43e19291,1,0,108.361593,22.809167,19968079599,life,http://api.map.baidu.com/place/detail?uid=7ae6ff7aad7a853a43e19291&output=html&source=placeapi_v2,,09:00-22:00,1,,,,,,,9,1,,,,,,,,,0
2a7bbdb75bcd9b29f942b29d,沸点快印(星湖店),生活服务,图文快印店,广西壮族自治区,南宁市,青秀区,广西壮族自治区南宁市青秀区麻村二街三巷30号1层,2a7bbdb75bcd9b29f942b29d,1,0,108.357661,22.815524,(0771)5875934,life,http://api.map.baidu.com/place/detail?uid=2a7bbdb75bcd9b29f942b29d&output=html&source=placeapi_v2,,08:30-21:00,0,,,,,,,18,1,,,,,,,,,0
0236a8375cfc4256b5147f3b,斐然文印中心,生活服务,图文快印店,广西壮族自治区,南宁市,青秀区,广西壮族自治区南宁市青秀区星湖路25-10号,0236a8375cfc4256b5147f3b,1,0,108.34628,22.813141,(0771)5857866,life,http://api.map.baidu.com/place/detail?uid=0236a8375cfc4256b5147f3b&output=html&source=placeapi_v2,,09:30-18:30,0,,,,,,,16,2,,,,,,,108.34643155227,22.813197908084,0
3a9617d4e754c0cc9de3217e,印阁图文(民主店),生活服务,图文快印店,广西壮族自治区,南宁市,兴宁区,广西壮族自治区南宁市兴宁区民主路18-27号,3a9617d4e754c0cc9de3217e,1,0,108.332267,22.826445,13768301318,life,http://api.map.baidu.com/place/detail?uid=3a9617d4e754c0cc9de3217e&output=html&source=placeapi_v2,,09:00-22:00,5.0,,,,,,,25,,,,,,,,108.33230828885,22.826341056468,0
ac58391b98479222e115f9c8,高文快印(新竹路店),生活服务,图文快印店,广西壮族自治区,南宁市,青秀区,广西壮族自治区南宁市青秀区新竹路29-6号,ac58391b98479222e115f9c8,1,0,108.350955,22.822166,(0771)5878396,life,http://api.map.baidu.com/place/detail?uid=ac58391b98479222e115f9c8&output=html&source=placeapi_v2,,10:00-21:00,5,,,,,,,15,7,,,,,,,108.35095698008,22.822040647473,0
bf7803a7241145e92bb97c22,优印客图文快印(嘉和・南湖之都店),生活服务,图文快印店,广西壮族自治区,南宁市,青秀区,广西壮族自治区南宁市青秀区民族大道82号嘉和南湖之都1楼,bf7803a7241145e92bb97c22,1,0,108.360632,22.818966,15696188000,life,http://api.map.baidu.com/place/detail?uid=bf7803a7241145e92bb97c22&output=html&source=placeapi_v2,,,,,,,,,,10,,,,,,,,108.36062611331,22.819035055542,0
6d0538e2f45cdce44e776eb2,恒荣文印部,生活服务,图文快印店,广西壮族自治区,南宁市,兴宁区,广西壮族自治区南宁市兴宁区共和路131-1号,6d0538e2f45cdce44e776eb2,1,0,108.330259,22.822067,13768276283,life,http://api.map.baidu.com/place/detail?uid=6d0538e2f45cdce44e776eb2&output=html&source=placeapi_v2,,,0,,,,,,,25,3,,,,,,,108.33036989468,22.822123513581,0
18d9270789a5ba05cc06a41e,敏睿图文广告,生活服务,图文快印店,广西壮族自治区,南宁市,青秀区,广西壮族自治区南宁市青秀区新民路43-2号,18d9270789a5ba05cc06a41e,1,0,108.334944,22.819744,15277080525,life,http://api.map.baidu.com/place/detail?uid=18d9270789a5ba05cc06a41e&output=html&source=placeapi_v2,,,,,,,,,,15,,,,,,,,108.33506057207,22.819815207438,0
1e220d314abf19e60a5cb379,梦雅图文广告(共和路),生活服务,图文快印店,广西壮族自治区,南宁市,青秀区,广西壮族自治区南宁市青秀区共和路142号,1e220d314abf19e60a5cb379,1,0,108.330577,22.822078,(0771)2823720,life,http://api.map.baidu.com/place/detail?uid=1e220d314abf19e60a5cb379&output=html&source=placeapi_v2,,,1,,,,,,,22,2,,,,,,,108.33054238101,22.82214077998,0
5dec07d31bc4531326e0a08e,超彩图文快印,生活服务,图文快印店,广西壮族自治区,南宁市,青秀区,广西壮族自治区南宁市青秀区桃源路51号,5dec07d31bc4531326e0a08e,1,0,108.339761,22.807007,15678889032,life,http://api.map.baidu.com/place/detail?uid=5dec07d31bc4531326e0a08e&output=html&source=placeapi_v2,,09:00-22:00,,,,,,,,9,,,,,,,,108.33969521136,22.80693107853,0
f2da71378707abdf7ab55cbd,奥速数字快印・广告(南湖名都店),生活服务,图文快印店,广西壮族自治区,南宁市,青秀区,南宁市青秀区双拥路30号南湖名都广场B栋,,1,0,108.362759,22.809916,19163969373,life,http://api.map.baidu.com/place/detail?uid=f2da71378707abdf7ab55cbd&output=html&source=placeapi_v2,,08:30-22:00,,,,,,,,5,,,,,,,,108.36282177499,22.809950213424,0
e0c49b138cd4fc8b96ca0738,俊鹏文印服务部,生活服务,图文快印店,广西壮族自治区,南宁市,青秀区,广西壮族自治区南宁市青秀区建政路34-16号,e0c49b138cd4fc8b96ca0738,1,0,108.342516,22.826785,(0771)5600796,life,http://api.map.baidu.com/place/detail?uid=e0c49b138cd4fc8b96ca0738&output=html&source=placeapi_v2,,09:00-22:00,0.0,,,,,,,19,,,,,,,,,,0
0888c35d401a69f08a36ee96,南宁市青秀区优印图文快印中心,生活服务,图文快印店,广西壮族自治区,南宁市,青秀区,广西壮族自治区南宁市青秀区园湖路27号,,1,0,108.349178,22.82973,,life,http://api.map.baidu.com/place/detail?uid=0888c35d401a69f08a36ee96&output=html&source=placeapi_v2,,,,,,,,,,,,,,,,,,,,0
a3170cc48a4e5ceb10293594,朝天阙文印,生活服务,图文快印店,广西壮族自治区,南宁市,青秀区,广西壮族自治区南宁市青秀区天桃路13号,a3170cc48a4e5ceb10293594,1,0,108.337579,22.808748,"(0771)2853004,13307868080",life,http://api.map.baidu.com/place/detail?uid=a3170cc48a4e5ceb10293594&output=html&source=placeapi_v2,,08:30-20:30,1,,,,,,,12,2,,,,,,,,,0
7a61dbb982f8fb5dbca8221f,优胜图文,生活服务,图文快印店,广西壮族自治区,南宁市,青秀区,广西壮族自治区南宁市青秀区园湖北路27号园湖饭店3楼,7a61dbb982f8fb5dbca8221f,1,0,108.349154,22.829617,(0771)2085239,life,http://api.map.baidu.com/place/detail?uid=7a61dbb982f8fb5dbca8221f&output=html&source=placeapi_v2,,08:00-21:30,,,,,,,,3,,,,,,,,108.34913135109,22.829777847698,0
d03966e2270ac8e20d0a7021,大辰印务,生活服务,图文快印店,广西壮族自治区,南宁市,兴宁区,广西壮族自治区南宁市兴宁区民主路6~8号都市华庭1层,d03966e2270ac8e20d0a7021,1,0,108.342,22.831689,13737072840,life,http://api.map.baidu.com/place/detail?uid=d03966e2270ac8e20d0a7021&output=html&source=placeapi_v2,,10:00-22:00,0.0,,,,,,,5,4,,,,,,,108.34195980541,22.831975687189,0
f4ab30b28f233480e60738ed,图文快印中心,生活服务,图文快印店,广西壮族自治区,南宁市,青秀区,南宁市青秀区新竹路新竹小区东北侧,,1,0,108.361505,22.822279,,life,http://api.map.baidu.com/place/detail?uid=f4ab30b28f233480e60738ed&output=html&source=placeapi_v2,,,,,,,,,,1,,,,,,,,,,0
16fd0fcf493d6ef7354aae18,柏松图文快印,生活服务,图文快印店,广西壮族自治区,南宁市,兴宁区,广西壮族自治区南宁市兴宁区民主路20号,,1,0,108.330308,22.826641,,life,http://api.map.baidu.com/place/detail?uid=16fd0fcf493d6ef7354aae18&output=html&source=placeapi_v2,,,,,,,,,,1,,,,,,,,108.33028484131,22.826775215496,0
6910b15d23df120d04026f3b,梦想图文广告(中国・南宁园湖北路旗舰店),生活服务,图文快印店,广西壮族自治区,南宁市,青秀区,广西壮族自治区南宁市青秀区园湖北路16-6号(房屋产权交易中心斜对面),,1,0,108.347684,22.831553,"17680712432,19116803868",life,http://api.map.baidu.com/place/detail?uid=6910b15d23df120d04026f3b&output=html&source=placeapi_v2,,00:00-23:45,,,,,,,,190,6,,,,,,,,,0
4602ffefd84f387493114c73,华宇图文快印(民族大道),生活服务,图文快印店,广西壮族自治区,南宁市,青秀区,广西壮族自治区南宁市青秀区民族大道45号,,1,0,108.332787,22.819413,,life,http://api.map.baidu.com/place/detail?uid=4602ffefd84f387493114c73&output=html&source=placeapi_v2,,08:00-19:00,,,,,,,,3,1,,,,,,,108.33278395958,22.819311307188,0
49958339834045e97adbd2c8,优佳图文快印,生活服务,图文快印店,广西壮族自治区,南宁市,青秀区,广西壮族自治区南宁市青秀区建政路10~14号,,1,0,108.34833,22.831737,19117518169,life,http://api.map.baidu.com/place/detail?uid=49958339834045e97adbd2c8&output=html&source=placeapi_v2,,08:00-23:00,,,,,,,,7,,,,,,,,108.34842557671,22.83163065739,0
4f8b3f30faefebf331870ae6,柯达快速彩色(东葛路店),生活服务,图文快印店,广西壮族自治区,南宁市,青秀区,广西壮族自治区南宁市青秀区东葛路109号,20e817fb1f6a77e3cafa5f1a,1,0,108.357224,22.830828,(0771)5648638,life,http://api.map.baidu.com/place/detail?uid=4f8b3f30faefebf331870ae6&output=html&source=placeapi_v2,,09:00-21:00,0,,,,,,,23,0,,,,,,,108.35727222411,22.830725665608,0
1132d323d9a9cd8eb2077d5e,机缘巧壳手机壳自助打印机(印象城店),生活服务,图文快印店,广西壮族自治区,南宁市,兴宁区,广西壮族自治区南宁市兴宁区印象城一层,,1,0,108.330346,22.82017,18677158114,life,http://api.map.baidu.com/place/detail?uid=1132d323d9a9cd8eb2077d5e&output=html&source=placeapi_v2,,00:00-24:00,,,,,,,,3,,,,,,,,,,0
6d80a67ff695cb5d4107c145,东龙印章,生活服务,图文快印店,广西壮族自治区,南宁市,青秀区,广西壮族自治区南宁市青秀区东葛路109-11号,6d80a67ff695cb5d4107c145,1,0,108.357233,22.830831,13977124911,life,http://api.map.baidu.com/place/detail?uid=6d80a67ff695cb5d4107c145&output=html&source=placeapi_v2,,,,,,,,,,21,1,,,,,,,108.3572689444,22.83072433442,0
b83460ced8c14cdbed74f897,婉娟广告,生活服务,图文快印店,广西壮族自治区,南宁市,青秀区,广西壮族自治区南宁市青秀区东葛路66-1号,b83460ced8c14cdbed74f897,1,0,108.355048,22.829226,13481114106,life,http://api.map.baidu.com/place/detail?uid=b83460ced8c14cdbed74f897&output=html&source=placeapi_v2,,08:00-20:00,0,,,,,,,19,1,,,,,,,108.35494823397,22.829402989414,0
af8dac36b0d277ed04fef503,锐泽招牌制作部,生活服务,图文快印店,广西壮族自治区,南宁市,青秀区,广西壮族自治区南宁市青秀区园湖北路16-27号,af8dac36b0d277ed04fef503,1,0,108.34687,22.832211,18172337137,life,http://api.map.baidu.com/place/detail?uid=af8dac36b0d277ed04fef503&output=html&source=placeapi_v2,,,0,,,,,,,13,2,,,,,,,108.34669375508,22.832111021875,0
bc607dd1fee69ae28f55ec33,印之佳图文快印(汇春路店),生活服务,图文快印店,广西壮族自治区,南宁市,青秀区,广西壮族自治区南宁市青秀区双拥路40-1号东方明珠花园2号楼1层7号,bc607dd1fee69ae28f55ec33,1,0,108.370718,22.817023,18077104226,life,http://api.map.baidu.com/place/detail?uid=bc607dd1fee69ae28f55ec33&output=html&source=placeapi_v2,,08:30-22:30,0.0,,,,,,,17,,,,,,,,108.3708027128,22.817065980702,0
12260cc413b4a61246e274a6,玉顺图文快印,生活服务,图文快印店,广西壮族自治区,南宁市,青秀区,广西壮族自治区南宁市青秀区中缅路1号广西耀凯凤岭一号9栋,12260cc413b4a61246e274a6,1,0,108.404383,22.810911,"13377139268,15676142212",life,http://api.map.baidu.com/place/detail?uid=12260cc413b4a61246e274a6&output=html&source=placeapi_v2,,00:00-24:00,0.0,,,,,,,23,,,,,,,,108.40436517631,22.810888511048,0
238aead567a1aca1cc06a4c1,优印数码图文(岸店),生活服务,图文快印店,广西壮族自治区,南宁市,青秀区,广西壮族自治区南宁市青秀区金浦路7号世纪商都3号商铺,238aead567a1aca1cc06a4c1,1,0,108.380239,22.822174,"(0771)5676681,19968111010",life,http://api.map.baidu.com/place/detail?uid=238aead567a1aca1cc06a4c1&output=html&source=placeapi_v2,,07:30-23:00,4.4,,,,,,,27,7,,,,,,,108.3802475679,22.82214375215,0
754dc33fc41088d5128824a4,行进图文快印,生活服务,图文快印店,广西壮族自治区,南宁市,青秀区,广西壮族自治区南宁市青秀区祥宾路1号西北方向50米琅东八组,754dc33fc41088d5128824a4,1,0,108.376045,22.828327,"(0771)5568949,18978915425",life,http://api.map.baidu.com/place/detail?uid=754dc33fc41088d5128824a4&output=html&source=placeapi_v2,,08:30-22:00,4,,,,,,,18,2,,,,,,,108.37602600002,22.828269005461,0
405ef1e38cc377bfcac3db2e,小欢图文快印(金洲路店),生活服务,图文快印店,广西壮族自治区,南宁市,青秀区,广西壮族自治区南宁市青秀区桂春路8号,405ef1e38cc377bfcac3db2e,1,0,108.369897,22.81378,13471185614,life,http://api.map.baidu.com/place/detail?uid=405ef1e38cc377bfcac3db2e&output=html&source=placeapi_v2,,08:30-22:50,5,,,,,,,12,3,,,,,,,108.36997010936,22.813691108911,0
8e0098ea111f6225990050b7,兴利图文快印,生活服务,图文快印店,广西壮族自治区,南宁市,青秀区,南宁市青秀区祥宾路91栋4号,8e0098ea111f6225990050b7,1,0,108.381911,22.826962,"(0771)5559267,18775317559",life,http://api.map.baidu.com/place/detail?uid=8e0098ea111f6225990050b7&output=html&source=placeapi_v2,,08:30-21:30,1,,,,,,,15,1,,,,,,,108.38190624141,22.826842401022,0
c8ac9f4b05b32cd740ab9a47,晨骐图文快印(汇东国际D座店),生活服务,图文快印店,广西壮族自治区,南宁市,青秀区,广西壮族自治区南宁市青秀区金浦路16号汇东国际d座1楼,c8ac9f4b05b32cd740ab9a47,1,0,108.379458,22.818145,"(0771)5593823,18978986239",life,http://api.map.baidu.com/place/detail?uid=c8ac9f4b05b32cd740ab9a47&output=html&source=placeapi_v2,,00:00-24:00,0,,,,,,,9,0,,,,,,,108.37948901625,22.818274826552,0
be667e3069b6f1543a13fd2b,蓝润图文快印(滨湖路店),生活服务,图文快印店,广西壮族自治区,南宁市,青秀区,广西壮族自治区南宁市青秀区滨湖路4号8栋2号,be667e3069b6f1543a13fd2b,1,0,108.373449,22.8281,"(0771)5503067,13788683627",life,http://api.map.baidu.com/place/detail?uid=be667e3069b6f1543a13fd2b&output=html&source=placeapi_v2,,,0,,,,,,,25,2,,,,,,,108.37360531101,22.828058079296,0
dc6a3ce239c0965cf03cba67,百川图文快印(紫云巷),生活服务,图文快印店,广西壮族自治区,南宁市,青秀区,广西壮族自治区南宁市青秀区民族大道141号中鼎万象东方1楼a101-1号,dc6a3ce239c0965cf03cba67,1,0,108.40017,22.819615,"(0771)6115267,18076589316",life,http://api.map.baidu.com/place/detail?uid=dc6a3ce239c0965cf03cba67&output=html&source=placeapi_v2,,08:30-22:30,0,,,,,,,14,1,,,,,,,,,0
a3b41dd0907c950af4b91614,振华图文,生活服务,图文快印店,广西壮族自治区,南宁市,青秀区,广西壮族自治区南宁市青秀区金浦路16号,a3b41dd0907c950af4b91614,1,0,108.379481,22.818693,13277729286,life,http://api.map.baidu.com/place/detail?uid=a3b41dd0907c950af4b91614&output=html&source=placeapi_v2,,,0,,,,,,,20,0,,,,,,,,,0
dd4bd896cc978a577369d373,独岭图文快印(竹溪店),生活服务,图文快印店,广西壮族自治区,南宁市,青秀区,广西壮族自治区南宁市青秀区竹溪大道35号华业园1楼,dd4bd896cc978a577369d373,1,0,108.373435,22.806514,"(0771)2875876,(0771)5310985",life,http://api.map.baidu.com/place/detail?uid=dd4bd896cc978a577369d373&output=html&source=placeapi_v2,,08:00-22:00,0,,,,,,,20,0,,,,,,,108.37341901323,22.806483968834,0
6b139eb4cb3f19734151c08e,领航图文快印(桂春店),生活服务,图文快印店,广西壮族自治区,南宁市,青秀区,广西壮族自治区南宁市青秀区桂春路15号,6b139eb4cb3f19734151c08e,1,0,108.372938,22.812074,(0771)5523875,life,http://api.map.baidu.com/place/detail?uid=6b139eb4cb3f19734151c08e&output=html&source=placeapi_v2,,08:30-22:00,1,,,,,,,22,3,,,,,,,108.37285514776,22.811993735331,0
33721268c5db2bb09703191c,奥速图文打印中心(金湖店),生活服务,图文快印店,广西壮族自治区,南宁市,青秀区,广西壮族自治区南宁市青秀区津头街道金湖南路49号,33721268c5db2bb09703191c,1,0,108.375926,22.815887,"(0771)5575675,13607869669",life,http://api.map.baidu.com/place/detail?uid=33721268c5db2bb09703191c&output=html&source=placeapi_v2,,00:00-24:00,4.7,,,,,,,22,3,,,,,,,108.37593325806,22.815880829084,0
132db0a1ed6ba13f14c90510,晶鑫图文(云景路店),生活服务,图文快印店,广西壮族自治区,南宁市,青秀区,广西壮族自治区南宁市青秀区云景路9号东景花园26号,132db0a1ed6ba13f14c90510,1,0,108.394628,22.822583,"(0771)5596396,13878823306",life,http://api.map.baidu.com/place/detail?uid=132db0a1ed6ba13f14c90510&output=html&source=placeapi_v2,,08:00-22:30,3,,,,,,,26,2,,,,,,,108.39466173319,22.82247241816,0
784cbfe0e3eabe5bf4e73b09,国创图文快印(国创数码影像),生活服务,图文快印店,广西壮族自治区,南宁市,青秀区,广西壮族自治区南宁市青秀区民族大道143号汇东国际c座1楼,784cbfe0e3eabe5bf4e73b09,1,0,108.379458,22.818145,"(0771)5593823,18978986239",life,http://api.map.baidu.com/place/detail?uid=784cbfe0e3eabe5bf4e73b09&output=html&source=placeapi_v2,,,3.7,,,,,,,14,4,,,,,,,108.37944191543,22.818276149992,0
409f88569f512d9a6e20b9e7,天盛文印,生活服务,图文快印店,广西壮族自治区,南宁市,青秀区,广西壮族自治区南宁市青秀区琅东村十一组金湖路12栋2号一楼,409f88569f512d9a6e20b9e7,1,0,108.379577,22.825429,13557575093,life,http://api.map.baidu.com/place/detail?uid=409f88569f512d9a6e20b9e7&output=html&source=placeapi_v2,,08:30-22:00,0,,,,,,,20,1,,,,,,,,,0
19bb16fc6a70fc289ff7795f,超彩图文快印(东盟店),生活服务,图文快印店,广西壮族自治区,南宁市,青秀区,广西壮族自治区南宁市青秀区合作路6号五洲国际e栋106号,19bb16fc6a70fc289ff7795f,1,0,108.404401,22.813158,18177118366,life,http://api.map.baidu.com/place/detail?uid=19bb16fc6a70fc289ff7795f&output=html&source=placeapi_v2,,,2,,,,,,,26,1,,,,,,,108.4045375243,22.81326654601,0
485ee2ad365640f1e9f853e2,奥速图文（会展航洋店）,生活服务,图文快印店,广西壮族自治区,南宁市,青秀区,广西壮族自治区南宁市青秀区凤翔路2号,485ee2ad365640f1e9f853e2,1,0,108.390136,22.821356,13978681658,life,http://api.map.baidu.com/place/detail?uid=485ee2ad365640f1e9f853e2&output=html&source=placeapi_v2,,08:30-22:30,2.1,,,,,,,14,4,,,,,,,108.3900904981,22.821398911399,0
d7c7e0d6d50c94c9283a9fe7,万裕图文(佰锐店),生活服务,图文快印店,广西壮族自治区,南宁市,青秀区,广西壮族自治区南宁市青秀区金浦路6号金湖帝景A座115号,d7c7e0d6d50c94c9283a9fe7,1,0,108.37892,22.822477,(0771)5598068,life,http://api.map.baidu.com/place/detail?uid=d7c7e0d6d50c94c9283a9fe7&output=html&source=placeapi_v2,,00:00-24:00,0,,,,,,,13,0,,,,,,,108.37886638766,22.822530732746,0
a3a4fa7dc12190e78bdb730e,优晟图文广告(青湖店),生活服务,图文快印店,广西壮族自治区,南宁市,青秀区,广西壮族自治区南宁市青秀区竹溪大道26-2号云星钱隆天下南区,a3a4fa7dc12190e78bdb730e,1,0,108.372226,22.804373,13638488888,life,http://api.map.baidu.com/place/detail?uid=a3a4fa7dc12190e78bdb730e&output=html&source=placeapi_v2,,08:30-22:30,5.0,,,,,,,14,1,,,,,,,108.37205883338,22.80452075013,0
0ba742b60432b38fddee8bfa,澎发图文广告,生活服务,图文快印店,广西壮族自治区,南宁市,青秀区,广西壮族自治区南宁市青秀区汇春路香港花园11号,0ba742b60432b38fddee8bfa,1,0,108.374538,22.813838,"15177185391,18275757898",life,http://api.map.baidu.com/place/detail?uid=0ba742b60432b38fddee8bfa&output=html&source=placeapi_v2,,08:00-23:30,0,,,,,,,30,1,,,,,,,108.37439374208,22.813994819661,0
83422118cf082311cd04efc7,天佳图文,生活服务,图文快印店,广西壮族自治区,南宁市,青秀区,广西壮族自治区南宁市青秀区金浦路6号金湖帝景c座101号,83422118cf082311cd04efc7,1,0,108.378585,22.822256,"(0771)5509538,(0771)5526538",life,http://api.map.baidu.com/place/detail?uid=83422118cf082311cd04efc7&output=html&source=placeapi_v2,,00:00-24:00,1,,,,,,,15,2,,,,,,,108.37854809964,22.82218308863,0
99beaeee77b0fcec3517dc57,彩惠图文广告(东盟旗舰店),生活服务,图文快印店,广西壮族自治区,南宁市,青秀区,广西壮族自治区南宁市青秀区中柬路6号保利21世家休闲居金领居1栋111号,99beaeee77b0fcec3517dc57,1,0,108.401965,22.812474,"(0771)5785979,18978816428",life,http://api.map.baidu.com/place/detail?uid=99beaeee77b0fcec3517dc57&output=html&source=placeapi_v2,,09:00-22:00,0.0,,,,,,,25,,,,,,,,108.40193613199,22.81258456576,0
9f170575ca9f94a2c1f1cfcb,玖鑫快印(东盟店),生活服务,图文快印店,广西壮族自治区,南宁市,青秀区,广西壮族自治区南宁市青秀区中新路10号领世郡1号1-16号,9f170575ca9f94a2c1f1cfcb,1,0,108.401786,22.815076,18776972598,life,http://api.map.baidu.com/place/detail?uid=9f170575ca9f94a2c1f1cfcb&output=html&source=placeapi_v2,,08:30-23:00,0,,,,,,,21,1,,,,,,,108.40177246808,22.815098542281,0
52a1d3b548b723fa40ab9a70,中奥诺数字印刷(昊远汇东店),生活服务,图文快印店,广西壮族自治区,南宁市,青秀区,广西壮族自治区南宁市青秀区民族大道金浦路16号汇东国际f座1楼,,1,0,108.379527,22.818116,(0771)5558269,life,http://api.map.baidu.com/place/detail?uid=52a1d3b548b723fa40ab9a70&output=html&source=placeapi_v2,,09:00-22:00,,,,,,,,9,,,,,,,,,,0
22f100f6812e10012806ceeb,卓诺图文快印(金洲路店),生活服务,图文快印店,广西壮族自治区,南宁市,青秀区,广西壮族自治区南宁市青秀区嘉宾路8号,22f100f6812e10012806ceeb,1,0,108.373357,22.821837,18978180336,life,http://api.map.baidu.com/place/detail?uid=22f100f6812e10012806ceeb&output=html&source=placeapi_v2,,08:00-22:00,4.8,,,,,,,19,5,,,,,,,108.37361009269,22.821869206094,0
c3188255b43bfa88940319f1,和印亮彩数字印刷(金浦店),生活服务,图文快印店,广西壮族自治区,南宁市,青秀区,广西壮族自治区南宁市青秀区金浦路3号建兴苑a113号,c3188255b43bfa88940319f1,1,0,108.378946,22.824376,(0771)5558511,life,http://api.map.baidu.com/place/detail?uid=c3188255b43bfa88940319f1&output=html&source=placeapi_v2,,08:00-24:00,5,,,,,,,9,1,,,,,,,108.37912687428,22.824261347449,0
2bb41797c05f895f81288a36,中奥诺印达图文(东盟店),生活服务,图文快印店,广西壮族自治区,南宁市,青秀区,广西壮族自治区南宁市青秀区中柬路1号,2bb41797c05f895f81288a36,1,0,108.402892,22.81277,(0771)5853511,life,http://api.map.baidu.com/place/detail?uid=2bb41797c05f895f81288a36&output=html&source=placeapi_v2,,08:00-23:00,5,,,,,,,29,3,,,,,,,,,0
fc767524b7de7ffb4e776e12,天佳数字印刷(南宁公司),生活服务,图文快印店,广西壮族自治区,南宁市,青秀区,广西壮族自治区南宁市青秀区金湖南路49号a座,fc767524b7de7ffb4e776e12,1,0,108.375599,22.815601,"(0771)2105318,(0771)5881258",life,http://api.map.baidu.com/place/detail?uid=fc767524b7de7ffb4e776e12&output=html&source=placeapi_v2,,08:00-01:00,0,,,,,,,25,0,,,,,,,108.37551619008,22.815468048926,0
dc198965166e1ad81df74d40,湘丹妍图文(汇春店),生活服务,图文快印店,广西壮族自治区,南宁市,青秀区,广西壮族自治区南宁市青秀区汇春路6号,dc198965166e1ad81df74d40,1,0,108.374111,22.814624,(0771)5508387,life,http://api.map.baidu.com/place/detail?uid=dc198965166e1ad81df74d40&output=html&source=placeapi_v2,,09:00-22:00,,,,,,,,10,,,,,,,,108.37425509491,22.814763006831,0
28058a5f0bf25169cc06a4a1,万裕图文(长湖店),生活服务,图文快印店,广西壮族自治区,南宁市,青秀区,广西壮族自治区南宁市青秀区长湖路59号香格里拉花园s7号,28058a5f0bf25169cc06a4a1,1,0,108.387089,22.829304,(0771)5846058,life,http://api.map.baidu.com/place/detail?uid=28058a5f0bf25169cc06a4a1&output=html&source=placeapi_v2,,08:30-21:00,0,,,,,,,18,0,,,,,,,108.3870810363,22.829256280164,0
2c63a7152121dcaa4c3a5962,极速快印,生活服务,图文快印店,广西壮族自治区,南宁市,青秀区,广西壮族自治区南宁市青秀区凤翔路7号保利凤翔花园凤翔阁46号,2c63a7152121dcaa4c3a5962,1,0,108.388488,22.828711,13737148325,life,http://api.map.baidu.com/place/detail?uid=2c63a7152121dcaa4c3a5962&output=html&source=placeapi_v2,,00:00-24:00,0,,,,,,,21,0,,,,,,,108.3883212809,22.828686459969,0
33f6b969e64999114d2fdff1,彩诺数码图文,生活服务,图文快印店,广西壮族自治区,南宁市,青秀区,广西南宁市青秀区长湖路69号维也纳森林小区100号铺,33f6b969e64999114d2fdff1,1,0,108.400115,22.827369,18176876682,life,http://api.map.baidu.com/place/detail?uid=33f6b969e64999114d2fdff1&output=html&source=placeapi_v2,,08:30-22:00,0,,,,,,,24,1,,,,,,,108.40012340284,22.827274867383,0
25d4cef6d4f579e1deee8bb6,恒瑞图文(青秀路店),生活服务,图文快印店,广西壮族自治区,南宁市,青秀区,广西壮族自治区南宁市青秀区桂雅路联盟新城1号楼104号,25d4cef6d4f579e1deee8bb6,1,0,108.398448,22.808073,"(0771)3369991,15277005479,18076579199",life,http://api.map.baidu.com/place/detail?uid=25d4cef6d4f579e1deee8bb6&output=html&source=placeapi_v2,,08:30-21:30,0,,,,,,,25,2,,,,,,,108.39836489076,22.808087611366,0
d62576ba36bff1d715c9055f,蓝狮图文广告(东盟店),生活服务,图文快印店,广西壮族自治区,南宁市,青秀区,青秀区东盟商务区合作路6号五洲国际E栋101商铺,,1,0,108.404294,22.813599,19914852170,life,http://api.map.baidu.com/place/detail?uid=d62576ba36bff1d715c9055f&output=html&source=placeapi_v2,,00:00-24:00,5,,,,,,,20,6,,,,,,,108.40433199739,22.813639791909,0
421b88221714fd183a13fdb9,南宁天强印务,生活服务,图文快印店,广西壮族自治区,南宁市,青秀区,广西壮族自治区南宁市青秀区长湖路13-6号天强印务广告公司二区13栋6号,,1,0,108.381777,22.828132,(0771)5717873,life,http://api.map.baidu.com/place/detail?uid=421b88221714fd183a13fdb9&output=html&source=placeapi_v2,,,,,,,,,,9,,,,,,,,108.38177972047,22.828032411502,0
db6e398fa2640da158f6be2a,中奥诺数字印刷(印美佳金湖店),生活服务,图文快印店,广西壮族自治区,南宁市,青秀区,广西壮族自治区南宁市青秀区金湖路67号梦之岛广场1楼C111号,,1,0,108.378277,22.8282,"(0771)5687359,18577799529",life,http://api.map.baidu.com/place/detail?uid=db6e398fa2640da158f6be2a&output=html&source=placeapi_v2,,08:00-23:00,,,,,,,,11,,,,,,,,,,0
b191fc7b28cb1c659e82eaf4,中奥诺数字印刷(鹏达兴长湖店),生活服务,图文快印店,广西壮族自治区,南宁市,青秀区,广西壮族自治区南宁市青秀区长湖路精通酒店1楼,b191fc7b28cb1c659e82eaf4,1,0,108.376998,22.830991,13667714812,life,http://api.map.baidu.com/place/detail?uid=b191fc7b28cb1c659e82eaf4&output=html&source=placeapi_v2,,08:00-22:30,5,,,,,,,16,1,,,,,,,108.37694034927,22.830802339757,0
c227cb85d1e09f0d13293547,和快印图文(汇东郦城店),生活服务,图文快印店,广西壮族自治区,南宁市,青秀区,广西壮族自治区南宁市青秀区青环路90号汇东郦城1127号,c227cb85d1e09f0d13293547,1,0,108.425185,22.816641,15507806069,life,http://api.map.baidu.com/place/detail?uid=c227cb85d1e09f0d13293547&output=html&source=placeapi_v2,,08:00-22:30,3,,,,,,,18,2,,,,,,,108.42519719189,22.816769459423,0
90e30736a18d2dc3cafa5f14,百印通图文快印,生活服务,图文快印店,广西壮族自治区,南宁市,青秀区,广西壮族自治区南宁市青秀区民族大道178号昊然风景1栋103号,90e30736a18d2dc3cafa5f14,1,0,108.419802,22.818014,13737095503,life,http://api.map.baidu.com/place/detail?uid=90e30736a18d2dc3cafa5f14&output=html&source=placeapi_v2,,08:00-21:45,4,,,,,,,17,1,,,,,,,108.41976518339,22.817780970868,0
e333d24503f4f1ada01de9b7,龙登图文(青林路店),生活服务,图文快印店,广西壮族自治区,南宁市,青秀区,广西壮族自治区南宁市青秀区青林路170号莱茵湖畔a组团a65号,e333d24503f4f1ada01de9b7,1,0,108.421707,22.816914,18074942377,life,http://api.map.baidu.com/place/detail?uid=e333d24503f4f1ada01de9b7&output=html&source=placeapi_v2,,09:00-23:00,1,,,,,,,21,2,,,,,,,108.42172017106,22.817103890072,0
5586a2fca623cb14b13c81f3,诚鸿图文快印,生活服务,图文快印店,广西壮族自治区,南宁市,青秀区,广西壮族自治区南宁市青秀区青林路汇东郦城1119号,5586a2fca623cb14b13c81f3,1,0,108.426271,22.816565,13978689219,life,http://api.map.baidu.com/place/detail?uid=5586a2fca623cb14b13c81f3&output=html&source=placeapi_v2,,,,,,,,,,3,,,,,,,,,,0
1e9f4bb920ede01ba11de9f7,瑞贤图文数码快印(上东店),生活服务,图文快印店,广西壮族自治区,南宁市,青秀区,广西壮族自治区南宁市青秀区民族大道166号上东国际t3号,1e9f4bb920ede01ba11de9f7,1,0,108.413321,22.817025,"15878181336,18577847818",life,http://api.map.baidu.com/place/detail?uid=1e9f4bb920ede01ba11de9f7&output=html&source=placeapi_v2,,08:00-24:00,,,,,,,,14,,,,,,,,108.41328532666,22.816989321546,0
38bc815ecd250fd0fa42b23d,奥速图文打印中心(财富店),生活服务,图文快印店,广西壮族自治区,南宁市,青秀区,广西壮族自治区南宁市青秀区民族大道157号财富国际大厦a座1楼,38bc815ecd250fd0fa42b23d,1,0,108.409895,22.81967,19968026866,life,http://api.map.baidu.com/place/detail?uid=38bc815ecd250fd0fa42b23d&output=html&source=placeapi_v2,,10:00-22:00,0,,,,,,,8,0,,,,,,,,,0
516ca843e36142263d9a5eba,宇琛图文(凤凰岭路店),生活服务,图文快印店,广西壮族自治区,南宁市,青秀区,广西壮族自治区南宁市青秀区民族大道159号凤岭新新家园a区5栋1层7号铺面,516ca843e36142263d9a5eba,1,0,108.413593,22.821366,"15994411486,18978866876",life,http://api.map.baidu.com/place/detail?uid=516ca843e36142263d9a5eba&output=html&source=placeapi_v2,,09:00-21:00,0.0,,,,,,,19,,,,,,,,108.41357552785,22.821427225861,0
416a4f81df3bf5244f3a5966,千印图文快印,生活服务,图文快印店,广西壮族自治区,南宁市,青秀区,南宁市青秀区青林路金旺角国际大酒店,,1,0,108.422373,22.8172,,life,http://api.map.baidu.com/place/detail?uid=416a4f81df3bf5244f3a5966&output=html&source=placeapi_v2,,,,,,,,,,,,,,,,,,,,0
207e3bbddcea8942471a327c,奥速图文(桂雅店),生活服务,图文快印店,广西壮族自治区,南宁市,青秀区,广西壮族自治区南宁市青秀区民族大道157号财富国际广场1号楼,,1,0,108.408573,22.815235,19378767973,life,http://api.map.baidu.com/place/detail?uid=207e3bbddcea8942471a327c&output=html&source=placeapi_v2,,00:00-24:00,,,,,,,,17,3,,,,,,,108.408437294,22.815267852194,0
369a9e8e0d880e76acee7ad4,亮彩数字印刷(凤岭店),生活服务,图文快印店,广西壮族自治区,南宁市,青秀区,广西壮族自治区南宁市青秀区民族大道166号阳光100上东国际t2栋1楼,369a9e8e0d880e76acee7ad4,1,0,108.413319,22.816518,(0771)5345062,life,http://api.map.baidu.com/place/detail?uid=369a9e8e0d880e76acee7ad4&output=html&source=placeapi_v2,,,,,,,,,,11,1,,,,,,,108.41308004589,22.816519778235,0
a8f19be4d10159b6a20464ca,中奥诺数字印刷(澎发财富店),生活服务,图文快印店,广西壮族自治区,南宁市,青秀区,广西省南宁市青秀区民族大道157号财富国际广场a2栋1层,a8f19be4d10159b6a20464ca,1,0,108.410509,22.819399,(0771)5717482,life,http://api.map.baidu.com/place/detail?uid=a8f19be4d10159b6a20464ca&output=html&source=placeapi_v2,,08:00-23:00,0,,,,,,,10,0,,,,,,,108.41039566928,22.819398152802,0
dad16d382eb45adb0289724d,汇绘印图文快印广告(仙葫店),生活服务,图文快印店,广西壮族自治区,南宁市,青秀区,广西壮族自治区南宁市青秀区仙葫大道金地世家南区282号,,1,0,108.454732,22.814913,(0771)5386325,life,http://api.map.baidu.com/place/detail?uid=dad16d382eb45adb0289724d&output=html&source=placeapi_v2,,,,,,,,,,18,1,,,,,,,108.45470143808,22.815040032103,0
4dd8be5e5bda59c8c72ba1e2,佳捷广告图文,生活服务,图文快印店,广西壮族自治区,南宁市,青秀区,广西壮族自治区南宁市青秀区仙葫大道335号金质苑1楼a115号,4dd8be5e5bda59c8c72ba1e2,1,0,108.456947,22.81581,"(0771)5790917,13878676592",life,http://api.map.baidu.com/place/detail?uid=4dd8be5e5bda59c8c72ba1e2&output=html&source=placeapi_v2,,08:30-21:00,1,,,,,,,30,6,,,,,,,108.45638000008,22.816008005158,0
e5ec0c1ff75e368d373a7107,来轩照相便利店,生活服务,图文快印店,广西壮族自治区,南宁市,青秀区,南宁市青秀区乐业路南宁市青秀区五彩幼儿园北侧约40米,e5ec0c1ff75e368d373a7107,1,0,108.448271,22.816928,18593977760,life,http://api.map.baidu.com/place/detail?uid=e5ec0c1ff75e368d373a7107&output=html&source=placeapi_v2,,07:45-23:30,,,,,,,,14,,,,,,,,108.44816197519,22.816927921102,0
d924720e3d64dd601df74dfa,旭乐图文剑桥郡店,生活服务,图文快印店,广西壮族自治区,南宁市,西乡塘区,广西壮族自治区南宁市西乡塘区西宁路22号剑桥郡A栋115号,d924720e3d64dd601df74dfa,1,0,108.231565,22.844238,(0771)3258810,life,http://api.map.baidu.com/place/detail?uid=d924720e3d64dd601df74dfa&output=html&source=placeapi_v2,,,1,,,,,,,15,1,,,,,,,108.23153160946,22.844576592865,0
16cf1c67452fb82eafee7af1,印德快图文快印,生活服务,图文快印店,广西壮族自治区,南宁市,西乡塘区,南宁市西乡塘区罗文大道骋望麓涛,,1,0,108.226267,22.859975,18577760771,life,http://api.map.baidu.com/place/detail?uid=16cf1c67452fb82eafee7af1&output=html&source=placeapi_v2,,,,,,,,,,5,,,,,,,,108.22655539489,22.859775982402,0
02a1e5caf40932c66240a98d,龙门彩科数码打印中心(广艺店),生活服务,图文快印店,广西壮族自治区,南宁市,西乡塘区,文贤路骋望麓涛B112号,02a1e5caf40932c66240a98d,1,0,108.224467,22.861849,13878889786,life,http://api.map.baidu.com/place/detail?uid=02a1e5caf40932c66240a98d&output=html&source=placeapi_v2,,09:08-18:00,,,,,,,,10,,,,,,,,108.22452722946,22.861916751433,0
02c76ec7f575882f028972cc,精艺-图文快印照相馆(广艺分店),生活服务,图文快印店,广西壮族自治区,南宁市,西乡塘区,广西壮族自治区南宁市西乡塘区罗文大道12号骋望麓涛负1层,,1,0,108.226223,22.860329,"13877094474,19807884794",life,http://api.map.baidu.com/place/detail?uid=02c76ec7f575882f028972cc&output=html&source=placeapi_v2,,09:00-22:00,5,,,,,,,14,5,,,,,,,,,0
23ccdbad465f4e8d8505bf60,新哥图文快印店,生活服务,图文快印店,广西壮族自治区,南宁市,西乡塘区,广西壮族自治区南宁市西乡塘区新苑路中富花苑南校区57号,23ccdbad465f4e8d8505bf60,1,0,108.273219,22.850466,"(0771)3189984,18977115824",life,http://api.map.baidu.com/place/detail?uid=23ccdbad465f4e8d8505bf60&output=html&source=placeapi_v2,,,5,,,,,,,17,1,,,,,,,108.27321682627,22.850307179815,0
c8025791e19abbce2806ceeb,豪雨图文快印,生活服务,图文快印店,广西壮族自治区,南宁市,西乡塘区,广西壮族自治区南宁市西乡塘区科园大道49号金宇新城b栋1层2号商铺,c8025791e19abbce2806ceeb,1,0,108.277931,22.86237,(0771)3398572,life,http://api.map.baidu.com/place/detail?uid=c8025791e19abbce2806ceeb&output=html&source=placeapi_v2,,,1,,,,,,,14,2,,,,,,,108.27800699997,22.862463006083,0
f03a91a1cfc372a52fb17ea7,南晖图文快印,生活服务,图文快印店,广西壮族自治区,南宁市,西乡塘区,广西壮族自治区南宁市西乡塘区大学东路160号,f03a91a1cfc372a52fb17ea7,1,0,108.273995,22.844365,15977488698,life,http://api.map.baidu.com/place/detail?uid=f03a91a1cfc372a52fb17ea7&output=html&source=placeapi_v2,,,4,,,,,,,11,1,,,,,,,,,0
109726ea84438e1c79dbd26d,星科图文广告,生活服务,图文快印店,广西壮族自治区,南宁市,西乡塘区,广西壮族自治区南宁市西乡塘区科德路7号嘉士涌金广场15号,109726ea84438e1c79dbd26d,1,0,108.273783,22.853254,"13557809789,18577164474",life,http://api.map.baidu.com/place/detail?uid=109726ea84438e1c79dbd26d&output=html&source=placeapi_v2,,09:00-21:00,5,,,,,,,19,2,,,,,,,108.27371225793,22.853149867673,0
4d6d32a59c6e6be963180994,琅普图文,生活服务,图文快印店,广西壮族自治区,南宁市,西乡塘区,广西壮族自治区南宁市西乡塘区高新新苑路华成都市锦华苑g栋g018号,4d6d32a59c6e6be963180994,1,0,108.273343,22.847598,,life,http://api.map.baidu.com/place/detail?uid=4d6d32a59c6e6be963180994&output=html&source=placeapi_v2,,,0,,,,,,,14,1,,,,,,,108.27343676919,22.847598544563,0
9a4ac46cfd6f817638e4a65d,真善美艺术摄影,生活服务,图文快印店,广西壮族自治区,南宁市,西乡塘区,广西壮族自治区南宁市西乡塘区大学东路13号,9a4ac46cfd6f817638e4a65d,1,0,108.26418,22.843543,18778989089,life,http://api.map.baidu.com/place/detail?uid=9a4ac46cfd6f817638e4a65d&output=html&source=placeapi_v2,,09:00-22:00,3,,,,,,,21,2,,,,,,,108.26430485856,22.843630129649,0
9e987fd94520e958da2f280f,兴伟图文(相思湖店),生活服务,图文快印店,广西壮族自治区,南宁市,西乡塘区,广西壮族自治区南宁市西乡塘区相思湖东路174号,9e987fd94520e958da2f280f,1,0,108.253612,22.849321,"(0771)3244861,18665329710,18977786136",life,http://api.map.baidu.com/place/detail?uid=9e987fd94520e958da2f280f&output=html&source=placeapi_v2,,07:00-24:00,,,,,,,,12,,,,,,,,108.25345836392,22.849321252504,0
d2dc1376fb67601d46572644,蓝联图文,生活服务,图文快印店,广西壮族自治区,南宁市,西乡塘区,广西壮族自治区南宁市西乡塘区科园大道39-10号,d2dc1376fb67601d46572644,1,0,108.27803,22.857176,(0771)3214799,life,http://api.map.baidu.com/place/detail?uid=d2dc1376fb67601d46572644&output=html&source=placeapi_v2,,08:30-21:30,,,,,,,,16,,,,,,,,108.27817045026,22.857167914241,0
eeb4da8f5c0224d49ee321ca,和印亮彩数字印刷(科园店),生活服务,图文快印店,广西壮族自治区,南宁市,西乡塘区,广西壮族自治区南宁市西乡塘区科园大道58号,,1,0,108.278706,22.859454,(0771)3218337,life,http://api.map.baidu.com/place/detail?uid=eeb4da8f5c0224d49ee321ca&output=html&source=placeapi_v2,,,,,,,,,,,,,,,,,,,,0
00ff42c38b50981f9cf779c5,兴灿图文快印,生活服务,图文快印店,广西壮族自治区,南宁市,西乡塘区,广西壮族自治区南宁市西乡塘区龙腾路永兴公寓1号,00ff42c38b50981f9cf779c5,1,0,108.305651,22.832513,15577187056,life,http://api.map.baidu.com/place/detail?uid=00ff42c38b50981f9cf779c5&output=html&source=placeapi_v2,,08:00-23:00,5,,,,,,,21,1,,,,,,,108.30568337771,22.832602156236,0
0fc5c6c440fa027bca1b9569,长忠图文快印,生活服务,图文快印店,广西壮族自治区,南宁市,西乡塘区,广西壮族自治区南宁市西乡塘区明秀西路137-16号,0fc5c6c440fa027bca1b9569,1,0,108.29843,22.835698,"(0771)3845986,13878152856",life,http://api.map.baidu.com/place/detail?uid=0fc5c6c440fa027bca1b9569&output=html&source=placeapi_v2,,08:00-23:00,0,,,,,,,20,2,,,,,,,108.29821490074,22.835799618163,0
a68a02402e7ce8f33ce2312b,艺方图文,生活服务,图文快印店,广西壮族自治区,南宁市,西乡塘区,广西壮族自治区南宁市西乡塘区秀灵路56-1号,a68a02402e7ce8f33ce2312b,1,0,108.309568,22.847567,"(0771)3947007,13207713219,18275830676",life,http://api.map.baidu.com/place/detail?uid=a68a02402e7ce8f33ce2312b&output=html&source=placeapi_v2,,,0,,,,,,,25,1,,,,,,,108.30938926702,22.847469537281,0
8b666e09763b9426744ff11e,贤琪图文快印,生活服务,图文快印店,广西壮族自治区,南宁市,西乡塘区,广西壮族自治区南宁市西乡塘区大学东路4~7号,8b666e09763b9426744ff11e,1,0,108.303484,22.835742,15078871528,life,http://api.map.baidu.com/place/detail?uid=8b666e09763b9426744ff11e&output=html&source=placeapi_v2,,08:00-20:00,0,,,,,,,18,0,,,,,,,108.30345145952,22.835523612449,0
2fa48c4c9d7abf41631c67ad,百顺数字快印广告(明秀店),生活服务,图文快印店,广西壮族自治区,南宁市,西乡塘区,西乡塘区明秀西路106号,2fa48c4c9d7abf41631c67ad,1,0,108.302839,22.839033,15007712626,life,http://api.map.baidu.com/place/detail?uid=2fa48c4c9d7abf41631c67ad&output=html&source=placeapi_v2,,08:30-22:00,3,,,,,,,19,3,,,,,,,108.30283433891,22.838971544299,0
0222bc8f2bcf4987cae33c7b,万花筒图文快印(明秀农院店),生活服务,图文快印店,广西壮族自治区,南宁市,西乡塘区,广西壮族自治区南宁市西乡塘区明秀西路106-8号,0222bc8f2bcf4987cae33c7b,1,0,108.301945,22.838671,(0771)3845782,life,http://api.map.baidu.com/place/detail?uid=0222bc8f2bcf4987cae33c7b&output=html&source=placeapi_v2,,09:00-23:00,1,,,,,,,11,1,,,,,,,,,0
54e4c84d80038053f72310e8,南宁市亨印图文店,生活服务,图文快印店,广西壮族自治区,南宁市,西乡塘区,广西壮族自治区南宁市西乡塘区安吉大道27-1号农机大厦1楼,,1,0,108.30749,22.866104,13977117600,life,http://api.map.baidu.com/place/detail?uid=54e4c84d80038053f72310e8&output=html&source=placeapi_v2,,09:00-18:33,,,,,,,,1,,,,,,,,108.30750470111,22.865970871826,0
9148990b1329d0e3ad080f31,千页文印店,生活服务,图文快印店,广西壮族自治区,南宁市,西乡塘区,广西壮族自治区南宁市西乡塘区大学东校园市场201铺,,1,0,108.300966,22.856917,18378170899,life,http://api.map.baidu.com/place/detail?uid=9148990b1329d0e3ad080f31&output=html&source=placeapi_v2,,08:30-22:30,,,,,,,,,,,,,,,,108.30140170152,22.856946790853,0
3aabd1b038b42365ede4a5d2,卓越图文快印,生活服务,图文快印店,广西壮族自治区,南宁市,西乡塘区,南宁市西乡塘区秀灵路西一里广西工业职业技术学院西南侧约140米,3aabd1b038b42365ede4a5d2,1,0,108.304168,22.844105,18076597539,life,http://api.map.baidu.com/place/detail?uid=3aabd1b038b42365ede4a5d2&output=html&source=placeapi_v2,,,,,,,,,,8,,,,,,,,108.30416981018,22.843962528955,0
9ae897754cae6e13c61b7551,永青图文快印,生活服务,图文快印店,广西壮族自治区,南宁市,西乡塘区,广西壮族自治区南宁市西乡塘区大学东路100号,,1,0,108.294902,22.847784,17748614253,life,http://api.map.baidu.com/place/detail?uid=9ae897754cae6e13c61b7551&output=html&source=placeapi_v2,,09:00-21:30,0.0,,,,,,,2,1,,,,,,,,,0
a80d87e74efb29c9d6b74ef9,心悦图文店,生活服务,图文快印店,广西壮族自治区,南宁市,西乡塘区,广西壮族自治区南宁市西乡塘区秀灵路75号广西大学行健文理学院1楼,a80d87e74efb29c9d6b74ef9,1,0,108.295237,22.859258,,life,http://api.map.baidu.com/place/detail?uid=a80d87e74efb29c9d6b74ef9&output=html&source=placeapi_v2,,,,,,,,,,5,,,,,,,,,,0
b1693c83a2a4d2e52fb96d90,艺然照相文印,生活服务,图文快印店,广西壮族自治区,南宁市,西乡塘区,广西壮族自治区南宁市西乡塘区友营路秀营公寓c栋,b1693c83a2a4d2e52fb96d90,1,0,108.316216,22.858933,"(0771)2233287,13878889611",life,http://api.map.baidu.com/place/detail?uid=b1693c83a2a4d2e52fb96d90&output=html&source=placeapi_v2,,09:30-18:00,,,,,,,,13,,,,,,,,108.31617072623,22.859022727792,0
c1c5c7aa12ad7042c5effb84,鑫彩图文设计,生活服务,图文快印店,广西壮族自治区,南宁市,西乡塘区,广西壮族自治区南宁市西乡塘区衡阳西路27-6号,c1c5c7aa12ad7042c5effb84,1,0,108.309947,22.834775,13377087760,life,http://api.map.baidu.com/place/detail?uid=c1c5c7aa12ad7042c5effb84&output=html&source=placeapi_v2,,,0.0,,,,,,,20,,,,,,,,108.30989036609,22.83487165231,0
a378a8c1d8e660fcab175ad0,举纲文印,生活服务,图文快印店,广西壮族自治区,南宁市,西乡塘区,广西壮族自治区南宁市西乡塘区友爱北路东二巷万秀一号公寓110号,a378a8c1d8e660fcab175ad0,1,0,108.315912,22.853224,13517713987,life,http://api.map.baidu.com/place/detail?uid=a378a8c1d8e660fcab175ad0&output=html&source=placeapi_v2,,00:00-24:00,0,,,,,,,21,1,,,,,,,108.31590233231,22.853177660084,0
6243ca48f509e6f7c8fa5fc0,创昌图文,生活服务,图文快印店,广西壮族自治区,南宁市,西乡塘区,广西壮族自治区南宁市西乡塘区友爱北路15号,6243ca48f509e6f7c8fa5fc0,1,0,108.317512,22.847293,(0771)3117666,life,http://api.map.baidu.com/place/detail?uid=6243ca48f509e6f7c8fa5fc0&output=html&source=placeapi_v2,,09:30-18:00,1,,,,,,,16,2,,,,,,,,,0
e02fb4debd0330b02b11d1e7,启成图文快印,生活服务,图文快印店,广西壮族自治区,南宁市,西乡塘区,南宁市西乡塘区大学东路南宁减速机厂10住宅楼东北侧,e02fb4debd0330b02b11d1e7,1,0,108.300198,22.836032,13878152856,life,http://api.map.baidu.com/place/detail?uid=e02fb4debd0330b02b11d1e7&output=html&source=placeapi_v2,,08:00-24:00,,,,,,,,8,,,,,,,,108.30024431482,22.836213985601,0
87a9363e344a7ef596ca0781,拼搏图文快印,生活服务,图文快印店,广西壮族自治区,南宁市,西乡塘区,广西壮族自治区南宁市西乡塘区北大龙腾路2号,87a9363e344a7ef596ca0781,1,0,108.305053,22.832859,18178112988,life,http://api.map.baidu.com/place/detail?uid=87a9363e344a7ef596ca0781&output=html&source=placeapi_v2,,08:30-21:00,,,,,,,,14,,,,,,,,108.3051578618,22.832679712404,0
54b2c51bd44687d0354aae87,安吉照相文印店,生活服务,图文快印店,广西壮族自治区,南宁市,西乡塘区,安吉大道13号时华大厦1层,54b2c51bd44687d0354aae87,1,0,108.308751,22.862987,,life,http://api.map.baidu.com/place/detail?uid=54b2c51bd44687d0354aae87&output=html&source=placeapi_v2,,,0.0,,,,,,,3,,,,,,,,,,0
4e8d3ec04821e6e7bfa8221b,这是家薇设印刷店,生活服务,图文快印店,广西壮族自治区,南宁市,西乡塘区,广西壮族自治区南宁市西乡塘区秀厢大道东段32号恒大新城怡秋苑一区F组F-30,,1,0,108.320042,22.860348,19897623581,life,http://api.map.baidu.com/place/detail?uid=4e8d3ec04821e6e7bfa8221b&output=html&source=placeapi_v2,,,,,,,,,,4,,,,,,,,,,0
dfcff568f4613fa138221c23,邕印图文快印(虎丘店),生活服务,图文快印店,广西壮族自治区,南宁市,兴宁区,广西壮族自治区南宁市兴宁区明秀东路85-4号,,1,0,108.337537,22.853717,"(0771)5632050,19195864227",life,http://api.map.baidu.com/place/detail?uid=dfcff568f4613fa138221c23&output=html&source=placeapi_v2,,08:30-22:00,,,,,,,,9,,,,,,,,108.33741926632,22.853898426748,0
3d93ac894b2a042b213bf2c1,南宁市江城图文快印,生活服务,图文快印店,广西壮族自治区,南宁市,兴宁区,广西壮族自治区南宁市兴宁区明秀东路2号,3d93ac894b2a042b213bf2c1,1,0,108.345773,22.858892,(0771)3348129,life,http://api.map.baidu.com/place/detail?uid=3d93ac894b2a042b213bf2c1&output=html&source=placeapi_v2,,08:00-22:00,1,,,,,,,32,1,,,,,,,108.34582569551,22.85880655653,0
2c8a6ee9d577e30cb13c819f,旺众图文快印,生活服务,图文快印店,广西壮族自治区,南宁市,西乡塘区,广西壮族自治区南宁市西乡塘区北湖南路20-2号,2c8a6ee9d577e30cb13c819f,1,0,108.33228,22.842833,"(0771)3310179,15078833931,15177185881",life,http://api.map.baidu.com/place/detail?uid=2c8a6ee9d577e30cb13c819f&output=html&source=placeapi_v2,,08:30-21:00,0,,,,,,,28,1,,,,,,,,,0
a5f918d55bd36dd5db2f285a,湘乾图文,生活服务,图文快印店,广西壮族自治区,南宁市,兴宁区,广西壮族自治区南宁市兴宁区望州路249-7号,a5f918d55bd36dd5db2f285a,1,0,108.342789,22.846408,13557598868,life,http://api.map.baidu.com/place/detail?uid=a5f918d55bd36dd5db2f285a&output=html&source=placeapi_v2,,09:00-22:00,0,,,,,,,27,1,,,,,,,108.34293309787,22.846328085379,0
4f2f6080c607f5f03617dc25,金企图文快印,生活服务,图文快印店,广西壮族自治区,南宁市,兴宁区,广西壮族自治区南宁市兴宁区长路南宁市齿轮厂生活区南区,4f2f6080c607f5f03617dc25,1,0,108.354201,22.837864,(0771)5603660,life,http://api.map.baidu.com/place/detail?uid=4f2f6080c607f5f03617dc25&output=html&source=placeapi_v2,,08:30-22:00,0,,,,,,,23,1,,,,,,,108.35415174882,22.837928912904,0
0549d1ef17c7004ad62ce2ae,港鑫图文(明秀东路店),生活服务,图文快印店,广西壮族自治区,南宁市,兴宁区,广西壮族自治区南宁市兴宁区明秀东路114号,0549d1ef17c7004ad62ce2ae,1,0,108.340793,22.856114,"(0771)3323583,13100518646",life,http://api.map.baidu.com/place/detail?uid=0549d1ef17c7004ad62ce2ae&output=html&source=placeapi_v2,,09:00-22:30,1,,,,,,,23,1,,,,,,,108.34083910371,22.856043812241,0
342967a925109d72afee7a30,名扬图文(华基商业中心店),生活服务,图文快印店,广西壮族自治区,南宁市,西乡塘区,广西壮族自治区南宁市西乡塘区北湖南路14号华基商业中心1楼,342967a925109d72afee7a30,1,0,108.333225,22.841051,13307862696,life,http://api.map.baidu.com/place/detail?uid=342967a925109d72afee7a30&output=html&source=placeapi_v2,,,0,,,,,,,23,1,,,,,,,108.33301417103,22.840961639954,0
2774670d5644f09b16a19039,心秀文印店,生活服务,图文快印店,广西壮族自治区,南宁市,西乡塘区,广西壮族自治区南宁市西乡塘区明秀东路145号,2774670d5644f09b16a19039,1,0,108.334291,22.851954,13978875037,life,http://api.map.baidu.com/place/detail?uid=2774670d5644f09b16a19039&output=html&source=placeapi_v2,,08:00-01:00,,,,,,,,9,,,,,,,,108.33419424084,22.852148467417,0
95c2d7a731c860db940319e6,晴镜图文(中华路店),生活服务,图文快印店,广西壮族自治区,南宁市,兴宁区,广西壮族自治区南宁市兴宁区中华路14号,95c2d7a731c860db940319e6,1,0,108.332366,22.837202,13367713968,life,http://api.map.baidu.com/place/detail?uid=95c2d7a731c860db940319e6&output=html&source=placeapi_v2,,,,,,,,,,6,,,,,,,,,,0
6902e74d4f5a54204afc8d00,金诚图文,生活服务,图文快印店,广西壮族自治区,南宁市,青秀区,广西壮族自治区南宁市青秀区长岗路136号,6902e74d4f5a54204afc8d00,1,0,108.360548,22.840408,13788302212,life,http://api.map.baidu.com/place/detail?uid=6902e74d4f5a54204afc8d00&output=html&source=placeapi_v2,,10:00-21:00,,,,,,,,21,,,,,,,,108.36050501454,22.840474840552,0
9836192593e0fe1cc5effbb9,星腾图文,生活服务,图文快印店,广西壮族自治区,南宁市,兴宁区,广西壮族自治区南宁市兴宁区长路27号,9836192593e0fe1cc5effbb9,1,0,108.354324,22.837878,(0771)5631167,life,http://api.map.baidu.com/place/detail?uid=9836192593e0fe1cc5effbb9&output=html&source=placeapi_v2,,08:30-21:00,0,,,,,,,28,1,,,,,,,108.35430339717,22.837966994173,0
43a06848709e68bc7ab55c48,电脑打印机维修,生活服务,图文快印店,广西壮族自治区,南宁市,兴宁区,广西壮族自治区南宁市兴宁区东州路阳光绿城8栋11号,43a06848709e68bc7ab55c48,1,0,108.353217,22.856841,15289648655,life,http://api.map.baidu.com/place/detail?uid=43a06848709e68bc7ab55c48&output=html&source=placeapi_v2,,,0,,,,,,,17,0,,,,,,,108.35332622223,22.856903152552,0
48c851aad87778917369d34c,柯达(北湖路东四里店),生活服务,图文快印店,广西壮族自治区,南宁市,西乡塘区,广西壮族自治区南宁市西乡塘区北湖路海陆丰花海鲜市场4楼正东方向185米,48c851aad87778917369d34c,1,0,108.333062,22.862197,,life,http://api.map.baidu.com/place/detail?uid=48c851aad87778917369d34c&output=html&source=placeapi_v2,,09:00-21:00,,,,,,,,14,,,,,,,,,,0
c274428971ef044fd92f2897,印优缘图文,生活服务,图文快印店,广西壮族自治区,南宁市,兴宁区,广西壮族自治区南宁市兴宁区长路63号,c274428971ef044fd92f2897,1,0,108.359489,22.840242,17776268490,life,http://api.map.baidu.com/place/detail?uid=c274428971ef044fd92f2897&output=html&source=placeapi_v2,,,,,,,,,,20,,,,,,,,108.35954062788,22.840162404889,0
0cea10f40597853d60180958,南宁市美丽人生照相馆(虎邱店),生活服务,图文快印店,广西壮族自治区,南宁市,兴宁区,广西壮族自治区南宁市兴宁区虎邱路58号,0cea10f40597853d60180958,1,0,108.339116,22.849755,18587780860,life,http://api.map.baidu.com/place/detail?uid=0cea10f40597853d60180958&output=html&source=placeapi_v2,,10:30-20:30,,,,,,,,13,,,,,,,,108.33912984123,22.849832726607,0
4e9bf357d0e579e8e01103f2,南宁市佳印捷双龙数码快印有限公司,生活服务,图文快印店,广西壮族自治区,南宁市,西乡塘区,广西壮族自治区南宁市西乡塘区北湖北路东三里3号,4e9bf357d0e579e8e01103f2,1,0,108.329981,22.856623,(0771)3305541,life,http://api.map.baidu.com/place/detail?uid=4e9bf357d0e579e8e01103f2&output=html&source=placeapi_v2,,08:00-24:00,0,,,,,,,26,1,,,,,,,108.32998679882,22.85652668436,0
af8dac36b0d277ed04fef503,锐泽招牌制作部,生活服务,图文快印店,广西壮族自治区,南宁市,青秀区,广西壮族自治区南宁市青秀区园湖北路16-27号,af8dac36b0d277ed04fef503,1,0,108.34687,22.832211,18172337137,life,http://api.map.baidu.com/place/detail?uid=af8dac36b0d277ed04fef503&output=html&source=placeapi_v2,,,0,,,,,,,13,2,,,,,,,108.34669375508,22.832111021875,0
b1e922f2c19d19d3b526558c,印彩图文快印(青秀万达店),生活服务,图文快印店,广西壮族自治区,南宁市,青秀区,广西壮族自治区南宁市青秀区东葛路159号景晖花园k1栋1-14号,,1,0,108.378277,22.837814,18877175680,life,http://api.map.baidu.com/place/detail?uid=b1e922f2c19d19d3b526558c&output=html&source=placeapi_v2,,08:00-24:00,5,,,,,,,42,5,,,,,,,,,0
fa685a1f6c53331ba8f0cd92,印之能图文,生活服务,图文快印店,广西壮族自治区,南宁市,青秀区,广西壮族自治区南宁市青秀区东葛路159号1-08号,fa685a1f6c53331ba8f0cd92,1,0,108.377585,22.837944,"(0771)5710525,13152669493",life,http://api.map.baidu.com/place/detail?uid=fa685a1f6c53331ba8f0cd92&output=html&source=placeapi_v2,,08:30-23:00,0,,,,,,,23,1,,,,,,,108.37756551241,22.837809628755,0
ccd08c840c0cf4431e1d1130,六九图文广告(万达店),生活服务,图文快印店,广西壮族自治区,南宁市,青秀区,广西壮族自治区南宁市青秀区东葛路118号万达公馆6栋102号,ccd08c840c0cf4431e1d1130,1,0,108.379361,22.836497,"(0771)5652508,13737198383",life,http://api.map.baidu.com/place/detail?uid=ccd08c840c0cf4431e1d1130&output=html&source=placeapi_v2,,08:30-20:00,4.3,,,,,,,18,6,,,,,,,108.37929545913,22.836501834417,0
38b3ef2917e9a7c2f942b294,独岭图文快印(兴宁店),生活服务,图文快印店,广西壮族自治区,南宁市,兴宁区,广西壮族自治区南宁市兴宁区南梧路318号畅春湖山庄a区65号,38b3ef2917e9a7c2f942b294,1,0,108.369994,22.859772,(0771)2875876,life,http://api.map.baidu.com/place/detail?uid=38b3ef2917e9a7c2f942b294&output=html&source=placeapi_v2,,08:00-20:00,1,,,,,,,25,2,,,,,,,108.36995892456,22.859648528093,0
064727f104f236512b11d191,奥速图文快印(万达店),生活服务,图文快印店,广西壮族自治区,南宁市,青秀区,广西壮族自治区南宁市青秀区东葛路118万达公馆东一栋107号,064727f104f236512b11d191,1,0,108.379631,22.836827,(0771)5675082,life,http://api.map.baidu.com/place/detail?uid=064727f104f236512b11d191&output=html&source=placeapi_v2,,08:30-22:00,0,,,,,,,20,0,,,,,,,108.37964419136,22.836897827645,0
dd0d070e8cb84b7315c905db,腾鼎图文(绿地中央广场店),生活服务,图文快印店,广西壮族自治区,南宁市,青秀区,广西壮族自治区南宁市青秀区东葛路161号绿地中央广场6-101号铺,dd0d070e8cb84b7315c905db,1,0,108.37993,22.838562,(0771)2871357,life,http://api.map.baidu.com/place/detail?uid=dd0d070e8cb84b7315c905db&output=html&source=placeapi_v2,,09:00-21:00,,,,,,,,18,,,,,,,,108.37993649728,22.838429787284,0
fadc1f7f6634dfa43517dc8e,超越图文,生活服务,图文快印店,广西壮族自治区,南宁市,青秀区,广西壮族自治区南宁市青秀区佛子岭路19号,fadc1f7f6634dfa43517dc8e,1,0,108.411573,22.838795,"(0771)5824449,13978834968",life,http://api.map.baidu.com/place/detail?uid=fadc1f7f6634dfa43517dc8e&output=html&source=placeapi_v2,,08:30-22:00,0,,,,,,,18,1,,,,,,,108.41152568457,22.838607627004,0
ee52904adb7cf1c5a9f729a9,硕禾图文,生活服务,图文快印店,广西壮族自治区,南宁市,西乡塘区,广西壮族自治区南宁市西乡塘区科园大道心圩和德新村二期25栋,ee52904adb7cf1c5a9f729a9,1,0,108.275175,22.872099,13977145121,life,http://api.map.baidu.com/place/detail?uid=ee52904adb7cf1c5a9f729a9&output=html&source=placeapi_v2,,08:30-21:00,,,,,,,,10,,,,,,,,108.2752688507,22.872146484462,0
ed6033d47eae01db6240a966,磊鑫图文,生活服务,图文快印店,广西壮族自治区,南宁市,西乡塘区,广西壮族自治区南宁市西乡塘区安吉大道36号晨雄机电城b区102号,ed6033d47eae01db6240a966,1,0,108.305029,22.880626,18074816589,life,http://api.map.baidu.com/place/detail?uid=ed6033d47eae01db6240a966&output=html&source=placeapi_v2,,08:30-21:30,1,,,,,,,23,1,,,,,,,108.30497659722,22.880613306022,0
3d197ec5896f186e931fc93d,泰利图文广告(复印照相),生活服务,图文快印店,广西壮族自治区,南宁市,西乡塘区,广西壮族自治区南宁市西乡塘区苏卢北路16号,3d197ec5896f186e931fc93d,1,0,108.306622,22.879448,15978164788,life,http://api.map.baidu.com/place/detail?uid=3d197ec5896f186e931fc93d&output=html&source=placeapi_v2,,09:00-22:00,3.7,,,,,,,34,4,,,,,,,108.30644270009,22.879575362498,0
54e4c84d80038053f72310e8,南宁市亨印图文店,生活服务,图文快印店,广西壮族自治区,南宁市,西乡塘区,广西壮族自治区南宁市西乡塘区安吉大道27-1号农机大厦1楼,,1,0,108.30749,22.866104,13977117600,life,http://api.map.baidu.com/place/detail?uid=54e4c84d80038053f72310e8&output=html&source=placeapi_v2,,09:00-18:33,,,,,,,,1,,,,,,,,108.30750470111,22.865970871826,0
d2b123c699a82012616858f5,尚品图文广告,生活服务,图文快印店,广西壮族自治区,南宁市,西乡塘区,广西壮族自治区南宁市西乡塘区安吉大道45-8号,d2b123c699a82012616858f5,1,0,108.305935,22.873797,13807817089,enterprise,http://api.map.baidu.com/place/detail?uid=d2b123c699a82012616858f5&output=html&source=placeapi_v2,,,5,,,,,,,,2,,,,,,,108.3060567045,22.873817567149,0
d1d927df18379e8c1b11d50e,珍好文印店,生活服务,图文快印店,广西壮族自治区,南宁市,西乡塘区,广西壮族自治区南宁市西乡塘区创业路安吉华尔街工谷2号楼,d1d927df18379e8c1b11d50e,1,0,108.29092,22.886103,13978843199,life,http://api.map.baidu.com/place/detail?uid=d1d927df18379e8c1b11d50e&output=html&source=placeapi_v2,,,,,,,,,,9,,,,,,,,,,0
09ca8c82a14c80e6a4c756ca,金仕来文印,生活服务,图文快印店,广西壮族自治区,南宁市,西乡塘区,广西壮族自治区南宁市西乡塘区安圩路19号,09ca8c82a14c80e6a4c756ca,1,0,108.299714,22.888467,18778178920,life,http://api.map.baidu.com/place/detail?uid=09ca8c82a14c80e6a4c756ca&output=html&source=placeapi_v2,,08:00-19:00,,,,,,,,19,,,,,,,,108.29973800737,22.888642146247,0
55caa4b8786d82b8882fb55c,水云间图文快印,生活服务,图文快印店,广西壮族自治区,南宁市,兴宁区,广西壮族自治区南宁市兴宁区邕武路22-8号,,1,0,108.356514,22.905349,17677887794,life,http://api.map.baidu.com/place/detail?uid=55caa4b8786d82b8882fb55c&output=html&source=placeapi_v2,,09:00-24:00,,,,,,,,8,1,,,,,,,108.35643559716,22.905414470479,0
3e1b7345168318ad2afc48d7,冲图文快印,生活服务,图文快印店,广西壮族自治区,南宁市,兴宁区,广西壮族自治区南宁市兴宁区昆仑大道995号嘉和城温莎北郡29~31栋商业群楼地下一层125商铺B1058号,,1,0,108.46213,22.919306,"18178625052,19968166776",life,http://api.map.baidu.com/place/detail?uid=3e1b7345168318ad2afc48d7&output=html&source=placeapi_v2,,08:30-21:00,,,,,,,,8,,,,,,,,,,0
42b49e974806d14f85420e4e,全意文印店,生活服务,图文快印店,广西壮族自治区,南宁市,兴宁区,广西壮族自治区南宁市兴宁区邕梧路181号,,1,0,108.555774,22.945423,"(0771)4228360,13517813493",life,http://api.map.baidu.com/place/detail?uid=42b49e974806d14f85420e4e&output=html&source=placeapi_v2,,,0,,,,,,,4,1,,,,,,,108.55587200826,22.945275240628,0
4f0700df44309a01e812e447,意达照相复印店,生活服务,图文快印店,广西壮族自治区,南宁市,兴宁区,广西壮族自治区南宁市兴宁区邕梧路201号,,1,0,108.556206,22.94562,13768585286,life,http://api.map.baidu.com/place/detail?uid=4f0700df44309a01e812e447&output=html&source=placeapi_v2,,,,,,,,,,3,,,,,,,,108.55628283032,22.945508893555,0
732c9fa491ab49da88b988d9,阿娇照相复印店,生活服务,图文快印店,广西壮族自治区,南宁市,兴宁区,广西壮族自治区南宁市兴宁区邕梧路195号,,1,0,108.556075,22.945618,(0771)4229780,life,http://api.map.baidu.com/place/detail?uid=732c9fa491ab49da88b988d9&output=html&source=placeapi_v2,,08:30-20:00,0.0,,,,,,,2,1,,,,,,,,,0
bf7bfe98ac84a229c42ba1c6,辰荣打字复印店,生活服务,图文快印店,广西壮族自治区,南宁市,武鸣区,南宁市武鸣区白平大道双桥镇人民政府东南侧约80米,bf7bfe98ac84a229c42ba1c6,1,0,108.308374,23.104968,(0771)6020360,life,http://api.map.baidu.com/place/detail?uid=bf7bfe98ac84a229c42ba1c6&output=html&source=placeapi_v2,,,,,,,,,,3,,,,,,,,,,0
bbc1407179c4c7891f3894f5,大马工艺图文店,生活服务,图文快印店,广西壮族自治区,南宁市,武鸣区,南宁市武鸣区白平大道双桥镇人民政府东南侧约80米,,1,0,108.308454,23.104958,,life,http://api.map.baidu.com/place/detail?uid=bbc1407179c4c7891f3894f5&output=html&source=placeapi_v2,,,,,,,,,,1,,,,,,,,,,0
a3e3ecd6be31134bb13c819a,武鸣力鑫图文快印店,生活服务,图文快印店,广西壮族自治区,南宁市,武鸣区,南宁市武鸣区江滨二支路万隆国际小区-六期东北侧约200米,a3e3ecd6be31134bb13c819a,1,0,108.29169,23.160458,13667811359,life,http://api.map.baidu.com/place/detail?uid=a3e3ecd6be31134bb13c819a&output=html&source=placeapi_v2,,08:00-23:00,1,,,,,,,8,2,,,,,,,108.29156437405,23.160479751335,0
02ae93280052b402932ca3b4,创进文印店,生活服务,图文快印店,广西壮族自治区,南宁市,武鸣区,粮食大厦b05-1号,02ae93280052b402932ca3b4,1,0,108.29414,23.153796,13878700375,life,http://api.map.baidu.com/place/detail?uid=02ae93280052b402932ca3b4&output=html&source=placeapi_v2,,08:30-20:00,,,,,,,,5,,,,,,,,108.29413757288,23.15366273013,0
ce9c11a2e76abcb49d95dee7,湘鑫图文快印,生活服务,图文快印店,广西壮族自治区,南宁市,武鸣区,广西壮族自治区南宁市武鸣区香山大道164号怡景园6栋10号,ce9c11a2e76abcb49d95dee7,1,0,108.299567,23.164137,(0771)6393823,life,http://api.map.baidu.com/place/detail?uid=ce9c11a2e76abcb49d95dee7&output=html&source=placeapi_v2,,08:00-22:30,,,,,,,,10,,,,,,,,108.29930122249,23.164195629046,0
93d869672f384544e01103cc,图文快印数字印刷,生活服务,图文快印店,广西壮族自治区,南宁市,武鸣区,南宁市武鸣区达妮路鸣城国际广场东南侧,,1,0,108.300189,23.147849,18177135234,life,http://api.map.baidu.com/place/detail?uid=93d869672f384544e01103cc&output=html&source=placeapi_v2,,09:00-17:00,,,,,,,,8,3,,,,,,,,,0
8e31a63c59f8ba474e2fdf9d,南宁市薇恩复印店,生活服务,图文快印店,广西壮族自治区,南宁市,武鸣区,广西壮族自治区南宁市武鸣区教育路2号复印店13号,,1,0,108.183124,23.211427,15007715354,life,http://api.map.baidu.com/place/detail?uid=8e31a63c59f8ba474e2fdf9d&output=html&source=placeapi_v2,,08:00-23:30,5,,,,,,,3,1,,,,,,,108.18308018488,23.211581588394,0
