uid,name,cat_L1,cat_L2,province,city,area,address,street_id,detail,child_num,loc_lng,loc_lat,telephone,type,detail_url,price,shop_hours,overall_rating,taste_rating,service_rating,environment_rating,facility_rating,hygiene_rating,technology_rating,image_num,comment_num,groupon_num,discount_num,favorite_num,checkin_num,brand,content_tag,naviloc_lng,naviloc_lat,child_num
185f85de811bd507d23ce32b,新浪合作营业厅,生活服务,通讯营业厅,山东省,烟台市,栖霞市,烟台市栖霞市北京路华光名苑,,1,0,121.152412,37.192835,,life,http://api.map.baidu.com/place/detail?uid=185f85de811bd507d23ce32b&output=html&source=placeapi_v2,,09:00-18:00,,,,,,,,6,,,,,,,,,,0
5ce2637d6b8b1350ae31e563,中国联通(桃村营业厅),生活服务,通讯营业厅,山东省,烟台市,栖霞市,山东省烟台市栖霞市北京路64号,5ce2637d6b8b1350ae31e563,1,0,121.160996,37.194386,"(0535)5481079,(0535)5481080",life,http://api.map.baidu.com/place/detail?uid=5ce2637d6b8b1350ae31e563&output=html&source=placeapi_v2,,09:00-18:00,0,,,,,,,5,1,,,,,,,121.16105988677,37.194140114897,0
dbe9716a92bea742ab059d51,中国移动(鸿华合作营业厅),生活服务,通讯营业厅,山东省,烟台市,栖霞市,烟台市栖霞市桃村镇重庆路7号,dbe9716a92bea742ab059d51,1,0,121.151471,37.191738,,life,http://api.map.baidu.com/place/detail?uid=dbe9716a92bea742ab059d51&output=html&source=placeapi_v2,,08:30-17:30,0.0,,,,,,,17,,,,,,,,121.15161701064,37.191753112644,0
ed32634f54015b89fd0eb093,中国移动(广通店),生活服务,通讯营业厅,山东省,烟台市,栖霞市,烟台市栖霞市南京路亿泰广场东北侧约70米,,1,0,121.153155,37.189789,,life,http://api.map.baidu.com/place/detail?uid=ed32634f54015b89fd0eb093&output=html&source=placeapi_v2,,08:30-17:30,,,,,,,,4,,,,,,,,121.15312137054,37.189792671232,0
e54ee7a7d699e0db4c3a59b1,福远通讯,生活服务,通讯营业厅,山东省,烟台市,栖霞市,烟台市栖霞市海口路桃村三行幼儿园西北侧约200米,e54ee7a7d699e0db4c3a59b1,1,0,121.159609,37.193031,13105224999,life,http://api.map.baidu.com/place/detail?uid=e54ee7a7d699e0db4c3a59b1&output=html&source=placeapi_v2,,06:30-19:00,,,,,,,,8,,,,,,,,,,0
185f85de811bd507d23ce32b,新浪合作营业厅,生活服务,通讯营业厅,山东省,烟台市,栖霞市,烟台市栖霞市北京路华光名苑,,1,0,121.152412,37.192835,,life,http://api.map.baidu.com/place/detail?uid=185f85de811bd507d23ce32b&output=html&source=placeapi_v2,,09:00-18:00,,,,,,,,6,,,,,,,,,,0
5ce2637d6b8b1350ae31e563,中国联通(桃村营业厅),生活服务,通讯营业厅,山东省,烟台市,栖霞市,山东省烟台市栖霞市北京路64号,5ce2637d6b8b1350ae31e563,1,0,121.160996,37.194386,"(0535)5481079,(0535)5481080",life,http://api.map.baidu.com/place/detail?uid=5ce2637d6b8b1350ae31e563&output=html&source=placeapi_v2,,09:00-18:00,0,,,,,,,5,1,,,,,,,121.16105988677,37.194140114897,0
dbe9716a92bea742ab059d51,中国移动(鸿华合作营业厅),生活服务,通讯营业厅,山东省,烟台市,栖霞市,烟台市栖霞市桃村镇重庆路7号,dbe9716a92bea742ab059d51,1,0,121.151471,37.191738,,life,http://api.map.baidu.com/place/detail?uid=dbe9716a92bea742ab059d51&output=html&source=placeapi_v2,,08:30-17:30,0.0,,,,,,,17,,,,,,,,121.15161701064,37.191753112644,0
ed32634f54015b89fd0eb093,中国移动(广通店),生活服务,通讯营业厅,山东省,烟台市,栖霞市,烟台市栖霞市南京路亿泰广场东北侧约70米,,1,0,121.153155,37.189789,,life,http://api.map.baidu.com/place/detail?uid=ed32634f54015b89fd0eb093&output=html&source=placeapi_v2,,08:30-17:30,,,,,,,,4,,,,,,,,121.15312137054,37.189792671232,0
e54ee7a7d699e0db4c3a59b1,福远通讯,生活服务,通讯营业厅,山东省,烟台市,栖霞市,烟台市栖霞市海口路桃村三行幼儿园西北侧约200米,e54ee7a7d699e0db4c3a59b1,1,0,121.159609,37.193031,13105224999,life,http://api.map.baidu.com/place/detail?uid=e54ee7a7d699e0db4c3a59b1&output=html&source=placeapi_v2,,06:30-19:00,,,,,,,,8,,,,,,,,,,0
f2adfb72d673923c902ca326,中国联通(莒格庄营业厅),生活服务,通讯营业厅,山东省,烟台市,牟平区,莒兴路与304省道交叉口东50米,f2adfb72d673923c902ca326,1,0,121.688071,37.174017,,life,http://api.map.baidu.com/place/detail?uid=f2adfb72d673923c902ca326&output=html&source=placeapi_v2,,09:00-18:00,0.0,,,,,,,1,,,,,,,,,,0
1507cbe993d8286954bfff15,中国移动(万通店),生活服务,通讯营业厅,山东省,烟台市,栖霞市,烟台市栖霞市烟沪线中国・桃村农用物资交易中心,,1,0,121.15866,37.206083,,life,http://api.map.baidu.com/place/detail?uid=1507cbe993d8286954bfff15&output=html&source=placeapi_v2,,08:30-17:30,,,,,,,,2,,,,,,,,,,0
e4a696993044c4efb65f1e51,中国联通(邮政营业厅),生活服务,通讯营业厅,山东省,烟台市,牟平区,山东省烟台市牟平区观府街50号,e4a696993044c4efb65f1e51,1,0,121.273652,37.221354,18653593985,life,http://api.map.baidu.com/place/detail?uid=e4a696993044c4efb65f1e51&output=html&source=placeapi_v2,,09:00-18:00,0.0,,,,,,,5,,,,,,,,121.27361741356,37.221180818226,0
cb11ecf14e1900e4f90cad63,中国移动营业厅,生活服务,通讯营业厅,山东省,烟台市,栖霞市,山东省烟台市栖霞市大唐线蛇窝泊大柳家小学西南侧约200米,,1,0,120.940762,37.236892,,life,http://api.map.baidu.com/place/detail?uid=cb11ecf14e1900e4f90cad63&output=html&source=placeapi_v2,,08:30-17:30,,,,,,,,,,,,,,,,,,0
93a72bf9ffd7db8b6d20b95b,联通2000M宽带电视受理中心,生活服务,通讯营业厅,山东省,烟台市,栖霞市,烟台市栖霞市烟沪线,,1,0,121.221329,37.257851,,life,http://api.map.baidu.com/place/detail?uid=93a72bf9ffd7db8b6d20b95b&output=html&source=placeapi_v2,,,,,,,,,,,,,,,,,,121.22148249261,37.257921981592,0
7fa816a86eaef4fbab175aae,中国电信(铁口营业厅),生活服务,通讯营业厅,山东省,烟台市,栖霞市,山东省烟台市栖霞市群英花园东北(204国道南),,1,0,121.239365,37.272526,,life,http://api.map.baidu.com/place/detail?uid=7fa816a86eaef4fbab175aae&output=html&source=placeapi_v2,,,,,,,,,,1,,,,,,,,,,0
033a004aafc48bbea11de974,中国移动(高陵营业厅),生活服务,通讯营业厅,山东省,烟台市,牟平区,烟台市牟平区商贸街61号,,1,0,121.532175,37.29826,,life,http://api.map.baidu.com/place/detail?uid=033a004aafc48bbea11de974&output=html&source=placeapi_v2,,08:30-17:30,0.0,,,,,,,,,,,,,,,,,0
dc407dab28d628bd932ca367,中国移动(玉林店营业厅),生活服务,通讯营业厅,山东省,烟台市,牟平区,山东省烟台市牟平区昆西路25号,dc407dab28d628bd932ca367,1,0,121.63331,37.286313,13792522227,life,http://api.map.baidu.com/place/detail?uid=dc407dab28d628bd932ca367&output=html&source=placeapi_v2,,08:00-18:00,,,,,,,,5,,,,,,,,121.63356491724,37.286259967401,0
dc407dab28d628bd932ca367,中国移动(玉林店营业厅),生活服务,通讯营业厅,山东省,烟台市,牟平区,山东省烟台市牟平区昆西路25号,dc407dab28d628bd932ca367,1,0,121.63331,37.286313,13792522227,life,http://api.map.baidu.com/place/detail?uid=dc407dab28d628bd932ca367&output=html&source=placeapi_v2,,08:00-18:00,,,,,,,,5,,,,,,,,121.63356491724,37.286259967401,0
418e343a8b140c313a13fd0a,中国移动,生活服务,通讯营业厅,山东省,烟台市,栖霞市,烟台市栖霞市,418e343a8b140c313a13fd0a,1,0,120.982363,37.323129,,life,http://api.map.baidu.com/place/detail?uid=418e343a8b140c313a13fd0a&output=html&source=placeapi_v2,,08:30-17:30,,,,,,,,,,,,,,,,,,0
0f8403aad3c12b78130daa00,中国联通(汤墅大街营业厅),生活服务,通讯营业厅,山东省,烟台市,莱山区,山东烟台莱山区分公司院格庄驻地,,1,0,121.390394,37.308379,(0535)4550112,life,http://api.map.baidu.com/place/detail?uid=0f8403aad3c12b78130daa00&output=html&source=placeapi_v2,,08:00-17:30,,,,,,,,1,,,,,,,,,,0
033a004aafc48bbea11de974,中国移动(高陵营业厅),生活服务,通讯营业厅,山东省,烟台市,牟平区,烟台市牟平区商贸街61号,,1,0,121.532175,37.29826,,life,http://api.map.baidu.com/place/detail?uid=033a004aafc48bbea11de974&output=html&source=placeapi_v2,,08:30-17:30,0.0,,,,,,,,,,,,,,,,,0
be8647cd9f96b7f82dfaa70e,中国电信营业厅,生活服务,通讯营业厅,山东省,烟台市,牟平区,烟台市牟平区孙格庄村,,1,0,121.653706,37.318277,,life,http://api.map.baidu.com/place/detail?uid=be8647cd9f96b7f82dfaa70e&output=html&source=placeapi_v2,,08:00-18:00,,,,,,,,,,,,,,,,,,0
75036835db25fbae5e0d0262,中国移动(亭口镇经营部店),生活服务,通讯营业厅,山东省,烟台市,栖霞市,山东省烟台市栖霞市通达装潢材料城(龙腾路东),,1,0,121.016156,37.393585,,life,http://api.map.baidu.com/place/detail?uid=75036835db25fbae5e0d0262&output=html&source=placeapi_v2,,,0.0,,,,,,,1,1,,,,,,,,,0
71aefb64259abd9209a8d408,警保联动服务站,生活服务,通讯营业厅,山东省,烟台市,栖霞市,烟台市栖霞市友谊街庙后镇庙后中心幼儿园东北侧约260米,,1,0,121.102871,37.383632,,life,http://api.map.baidu.com/place/detail?uid=71aefb64259abd9209a8d408&output=html&source=placeapi_v2,,,,,,,,,,,,,,,,,,,,0
bb96c8138f63890aa8059de8,中国移动通信中大合作营业厅,生活服务,通讯营业厅,山东省,烟台市,栖霞市,烟台市栖霞市友谊街庙后镇卫生院北侧约150米,,1,0,121.100705,37.378914,,life,http://api.map.baidu.com/place/detail?uid=bb96c8138f63890aa8059de8&output=html&source=placeapi_v2,,08:30-17:30,,,,,,,,4,,,,,,,,,,0
95b16a1b7854e89831870ad6,中国联通庙后营业厅手机卖场,生活服务,通讯营业厅,山东省,烟台市,栖霞市,烟台市栖霞市友谊街福山区庙后中学东侧约250米,,1,0,121.092752,37.377656,(0535)5541085,life,http://api.map.baidu.com/place/detail?uid=95b16a1b7854e89831870ad6&output=html&source=placeapi_v2,,,,,,,,,,,,,,,,,,,,0
413a178eb468ffd31fe99969,中国移动(张格庄营业厅),生活服务,通讯营业厅,山东省,烟台市,福山区,山东省烟台市福山区张格庄镇龙泉路中国邮政,,1,0,121.198393,37.381139,,life,http://api.map.baidu.com/place/detail?uid=413a178eb468ffd31fe99969&output=html&source=placeapi_v2,,08:30-17:30,0.0,,,,,,,,,,,,,,,121.19841659334,37.381264113777,0
94fb0a330c41388081a12ef4,中国电信,生活服务,通讯营业厅,山东省,烟台市,莱山区,烟台市莱山区X016千金幼儿园北侧约190米,,1,0,121.380127,37.375244,,life,http://api.map.baidu.com/place/detail?uid=94fb0a330c41388081a12ef4&output=html&source=placeapi_v2,,09:00-18:00,,,,,,,,1,,,,,,,,,,0
dd387da4535efeb3afee7ada,中国移动(武宁镇营业厅),生活服务,通讯营业厅,山东省,烟台市,牟平区,山东省烟台市牟平区武五路601号(近河滨佳苑),dd387da4535efeb3afee7ada,1,0,121.568796,37.37506,18364574318,life,http://api.map.baidu.com/place/detail?uid=dd387da4535efeb3afee7ada&output=html&source=placeapi_v2,,08:30-17:30,1,,,,,,,15,1,,,,,,,121.56858309114,37.375135012519,0
3ff0b005f1b819c30b1cc7fc,中移通信技术工程有限公司(四川)牟平区项目部,生活服务,通讯营业厅,山东省,烟台市,牟平区,山东省烟台市牟平区正阳路658,3ff0b005f1b819c30b1cc7fc,1,0,121.610074,37.378907,,life,http://api.map.baidu.com/place/detail?uid=3ff0b005f1b819c30b1cc7fc&output=html&source=placeapi_v2,,,,,,,,,,,,,,,,,,121.61007029987,37.378747656608,0
42827cdbf1904b1cbda822b6,世元通讯店,生活服务,通讯营业厅,山东省,烟台市,牟平区,政府大街637号,42827cdbf1904b1cbda822b6,1,0,121.60549,37.392687,,life,http://api.map.baidu.com/place/detail?uid=42827cdbf1904b1cbda822b6&output=html&source=placeapi_v2,,09:00-19:00,0,,,,,,,27,0,,,,,,,121.60548619205,37.39263116173,0
273eeeba8135f824593ac852,中国移动大明通讯,生活服务,通讯营业厅,山东省,烟台市,牟平区,山东省烟台市牟平区政府大街610号,273eeeba8135f824593ac852,1,0,121.608783,37.392351,13589875288,life,http://api.map.baidu.com/place/detail?uid=273eeeba8135f824593ac852&output=html&source=placeapi_v2,,08:30-17:30,0,,,,,,,24,2,,,,,,,121.60879507884,37.392507144549,0
d266d39391dbbf787ec87639,中国联通社区营业厅(翰林社区营业厅),生活服务,通讯营业厅,山东省,烟台市,牟平区,山东省烟台市牟平区通海路164号,d266d39391dbbf787ec87639,1,0,121.604296,37.393199,"(0535)4268540,(0535)4788887",life,http://api.map.baidu.com/place/detail?uid=d266d39391dbbf787ec87639&output=html&source=placeapi_v2,,09:00-18:00,,,,,,,,20,,,,,,,,121.60407072936,37.393202909434,0
59c9e56ff3b153252cb17ecf,联通电视IPTV受理中心(东关路营业厅),生活服务,通讯营业厅,山东省,烟台市,牟平区,烟台市牟平区东关路鲁鑫・锦秀豪庭,,1,0,121.619092,37.383012,,life,http://api.map.baidu.com/place/detail?uid=59c9e56ff3b153252cb17ecf&output=html&source=placeapi_v2,,,,,,,,,,5,,,,,,,,,,0
336ea157c2d988bbb11e3628,烟台市讯通信工程有限公司,生活服务,通讯营业厅,山东省,烟台市,牟平区,山东省烟台市牟平区正阳路19号牟平创业大厦五楼,336ea157c2d988bbb11e3628,1,0,121.61135,37.387028,(0535)4263888,life,http://api.map.baidu.com/place/detail?uid=336ea157c2d988bbb11e3628&output=html&source=placeapi_v2,,,,,,,,,,3,1,,,,,,,,,0
85c1eafdd18d4826f4eafc77,中国移动(牟平西关营业厅),生活服务,通讯营业厅,山东省,烟台市,牟平区,山东烟台市牟平区西关路468号,85c1eafdd18d4826f4eafc77,1,0,121.599945,37.393931,(0535)8944439,life,http://api.map.baidu.com/place/detail?uid=85c1eafdd18d4826f4eafc77&output=html&source=placeapi_v2,,09:00-19:00,,,,,,,,18,,,,,,,,121.59975114288,37.393955994999,0
4ce10ce6bf4249dc441a326c,中国电信(西关路营业厅),生活服务,通讯营业厅,山东省,烟台市,牟平区,山东省烟台市牟平区西关路458号,4ce10ce6bf4249dc441a326c,1,0,121.600027,37.394293,(0535)8944455,life,http://api.map.baidu.com/place/detail?uid=4ce10ce6bf4249dc441a326c&output=html&source=placeapi_v2,,08:00-18:00,0,,,,,,,26,1,,,,,,,121.59993249998,37.394299579926,0
ba00a6417edb7ad4cae33c17,中国移动(新天地手机专卖),生活服务,通讯营业厅,山东省,烟台市,牟平区,山东省烟台市牟平区西关路468号,ba00a6417edb7ad4cae33c17,1,0,121.602891,37.392902,(0535)4237198,life,http://api.map.baidu.com/place/detail?uid=ba00a6417edb7ad4cae33c17&output=html&source=placeapi_v2,,09:00-19:00,,,,,,,,6,,,,,,,,121.60291097832,37.392740725474,0
6df3ecb38fff31ceb426550b,中国移动(顺鑫指定专营店),生活服务,通讯营业厅,山东省,烟台市,牟平区,山东省烟台市牟平区牟山路577-3号,6df3ecb38fff31ceb426550b,1,0,121.59439,37.388065,,life,http://api.map.baidu.com/place/detail?uid=6df3ecb38fff31ceb426550b&output=html&source=placeapi_v2,,08:30-17:30,0,,,,,,,14,1,,,,,,,121.59422524079,37.38804448179,0
373cf757e081a4134354d76d,中国联通(陌堂营业厅),生活服务,通讯营业厅,山东省,烟台市,福山区,烟台市福山区门楼镇东陌堂村16号,373cf757e081a4134354d76d,1,0,121.363508,37.413589,(0535)6489001,life,http://api.map.baidu.com/place/detail?uid=373cf757e081a4134354d76d&output=html&source=placeapi_v2,,09:00-18:00,0.0,,,,,,,21,2,,,,,,,121.36371694508,37.413580775457,0
09185c56b55d555ef1193717,中国联通智慧生活馆,生活服务,通讯营业厅,山东省,烟台市,莱山区,山东省烟台市莱山区莱山镇集贸市场对面,,1,0,121.391042,37.398692,(0535)6771288,life,http://api.map.baidu.com/place/detail?uid=09185c56b55d555ef1193717&output=html&source=placeapi_v2,,08:30-17:00,0.0,,,,,,,13,1,,,,,,,121.39110768593,37.398884617907,0
8c7d19fa227b0d2bad04579a,中国电信,生活服务,通讯营业厅,山东省,烟台市,莱山区,烟台市莱山区北陈家疃小区南侧约90米,,1,0,121.407216,37.416517,,life,http://api.map.baidu.com/place/detail?uid=8c7d19fa227b0d2bad04579a&output=html&source=placeapi_v2,,09:00-18:00,,,,,,,,3,,,,,,,,121.40715045756,37.416526546917,0
c70dc99ecf35887310293509,中国电信(莱山镇营业厅),生活服务,通讯营业厅,山东省,烟台市,莱山区,烟台市莱山区正农小区,,1,0,121.394121,37.39853,,life,http://api.map.baidu.com/place/detail?uid=c70dc99ecf35887310293509&output=html&source=placeapi_v2,,09:00-18:00,,,,,,,,7,,,,,,,,121.39404336989,37.398320864477,0
f7f1cb35142c59d41e58000c,中国电信(莱山镇营业厅),生活服务,通讯营业厅,山东省,烟台市,莱山区,山东省烟台市莱山区S208,f7f1cb35142c59d41e58000c,1,0,121.389655,37.400736,,life,http://api.map.baidu.com/place/detail?uid=f7f1cb35142c59d41e58000c&output=html&source=placeapi_v2,,08:30-17:30,,,,,,,,4,,,,,,,,121.38985473479,37.400702125362,0
f66e90da40890254a4c756f0,中国移动,生活服务,通讯营业厅,山东省,烟台市,莱山区,烟台市莱山区锦绣家园,,1,0,121.424289,37.408441,,life,http://api.map.baidu.com/place/detail?uid=f66e90da40890254a4c756f0&output=html&source=placeapi_v2,,,,,,,,,,1,,,,,,,,,,0
8b761849e48d95c331f71d68,中国联通(高新区营业厅),生活服务,通讯营业厅,山东省,烟台市,莱山区,山东省烟台市高新区创业路35号,8b761849e48d95c331f71d68,1,0,121.533065,37.427113,(0535)6922103,life,http://api.map.baidu.com/place/detail?uid=8b761849e48d95c331f71d68&output=html&source=placeapi_v2,,08:30-17:00,0,,,,,,,3,2,,,,,,,121.53305496809,37.427023533315,0
af2cd576ae753cd72a02e1ec,中国电信(创业路营业厅),生活服务,通讯营业厅,山东省,烟台市,莱山区,山东省烟台市莱山区创业路35号,af2cd576ae753cd72a02e1ec,1,0,121.5332,37.427086,(0535)3944466,life,http://api.map.baidu.com/place/detail?uid=af2cd576ae753cd72a02e1ec&output=html&source=placeapi_v2,,09:00-18:00,,,,,,,,2,,,,,,,,,,0
6066e9b6c07ddfc69ee321e5,联通社区营业厅,生活服务,通讯营业厅,山东省,烟台市,牟平区,正阳路308-9号东北50米,6066e9b6c07ddfc69ee321e5,1,0,121.611445,37.407749,13188785150,life,http://api.map.baidu.com/place/detail?uid=6066e9b6c07ddfc69ee321e5&output=html&source=placeapi_v2,,08:30-17:00,,,,,,,,7,,,,,,,,121.61132990745,37.407752783156,0
d3577c61dd8c52e1d2f49e04,中国电信(通海路营业厅),生活服务,通讯营业厅,山东省,烟台市,牟平区,山东省烟台市牟平区通海路446号,d3577c61dd8c52e1d2f49e04,1,1,121.60445,37.399187,(0535)8944439,life,http://api.map.baidu.com/place/detail?uid=d3577c61dd8c52e1d2f49e04&output=html&source=placeapi_v2,,08:00-18:00,,,,,,,,10,,,,,,,,121.60431100004,37.399180978935,1
287981bad076786246e274ea,联通创意生活馆,生活服务,通讯营业厅,山东省,烟台市,牟平区,山东省烟台市牟平区通海路415号,287981bad076786246e274ea,1,0,121.603712,37.400667,(0535)4210598,life,http://api.map.baidu.com/place/detail?uid=287981bad076786246e274ea&output=html&source=placeapi_v2,,09:00-19:00,1,,,,,,,39,3,,,,,,,121.60415814886,37.400661794013,0
f4a9baad49143ed7c72ba11e,中国电信(新区大街中心营业厅),生活服务,通讯营业厅,山东省,烟台市,牟平区,山东省烟台市牟平区新区大街585-3号,f4a9baad49143ed7c72ba11e,1,0,121.611782,37.405836,"(0535)8944469,18905454895",life,http://api.map.baidu.com/place/detail?uid=f4a9baad49143ed7c72ba11e&output=html&source=placeapi_v2,,08:30-20:30,5,,,,,,,11,1,,,,,,,121.61172353055,37.405588668656,0
e0605d94147bdbdf7adbd2ee,中国电信凯丰营业厅,生活服务,通讯营业厅,山东省,烟台市,牟平区,山东省烟台市牟平区东关路曙光小区,e0605d94147bdbdf7adbd2ee,1,0,121.618242,37.404468,,life,http://api.map.baidu.com/place/detail?uid=e0605d94147bdbdf7adbd2ee&output=html&source=placeapi_v2,,09:00-18:00,,,,,,,,8,,,,,,,,121.61847622871,37.40448239507,0
f53393bbbdab2487e5e965e3,中国联通(通利营业厅),生活服务,通讯营业厅,山东省,烟台市,牟平区,山东省烟台市牟平区东关路金茂商厦北300米路西(双良家园对面),f53393bbbdab2487e5e965e3,1,0,121.618133,37.398808,13105208321,life,http://api.map.baidu.com/place/detail?uid=f53393bbbdab2487e5e965e3&output=html&source=placeapi_v2,,08:00-18:00,0,,,,,,,10,1,,,,,,,121.61816601956,37.398807983261,0
f13b5005c76b55f7acee7acb,中国移动(鸿雁合作营业厅),生活服务,通讯营业厅,山东省,烟台市,牟平区,山东省烟台市牟平区通海路353号,f13b5005c76b55f7acee7acb,1,0,121.604074,37.405,17753586267,life,http://api.map.baidu.com/place/detail?uid=f13b5005c76b55f7acee7acb&output=html&source=placeapi_v2,,08:30-17:30,,,,,,,,3,,,,,,,,121.60427301519,37.405063303009,0
b1c106091eced9b759bbbc6a,中国移动(百通达合作营业厅),生活服务,通讯营业厅,山东省,烟台市,牟平区,烟台市牟平区宁海大街559号曙光小区南门对面,b1c106091eced9b759bbbc6a,1,0,121.617277,37.401894,13791228899,life,http://api.map.baidu.com/place/detail?uid=b1c106091eced9b759bbbc6a&output=html&source=placeapi_v2,,08:30-17:30,0,,,,,,,12,2,,,,,,,121.61727536582,37.402081948733,0
5c56edd6a98e8727a1d2306c,中国电信(东关路营业厅),生活服务,通讯营业厅,山东省,烟台市,牟平区,山东省烟台市牟平区东关路401号,5c56edd6a98e8727a1d2306c,1,0,121.618096,37.399219,(0535)8944423,life,http://api.map.baidu.com/place/detail?uid=5c56edd6a98e8727a1d2306c&output=html&source=placeapi_v2,,09:00-18:00,0,,,,,,,14,1,,,,,,,121.61816899834,37.399218199663,0
097dbd036ca9c95907026f3a,中国联通(双涛苑营业厅),生活服务,通讯营业厅,山东省,烟台市,牟平区,山东省烟台市牟平区宁海街道新城大街双涛苑北门往东门市738-13号,097dbd036ca9c95907026f3a,1,0,121.597449,37.410399,18653595169,life,http://api.map.baidu.com/place/detail?uid=097dbd036ca9c95907026f3a&output=html&source=placeapi_v2,,08:30-17:00,,,,,,,,10,,,,,,,,121.59744426558,37.410569063197,0
632400a41e130e4e94031961,中国移动(大洋合作营业厅),生活服务,通讯营业厅,山东省,烟台市,牟平区,烟台市牟平区宁海街道正阳路395号,632400a41e130e4e94031961,1,0,121.607686,37.399715,18766597700,life,http://api.map.baidu.com/place/detail?uid=632400a41e130e4e94031961&output=html&source=placeapi_v2,,08:30-17:30,,,,,,,,32,,,,,,,,121.60757868604,37.399711615717,0
33dcada7e69d357b02294fb0,翰林社区营业厅,生活服务,通讯营业厅,山东省,烟台市,牟平区,烟台市牟平区通海路中央公园西南侧约70米,,1,0,121.603964,37.400084,,life,http://api.map.baidu.com/place/detail?uid=33dcada7e69d357b02294fb0&output=html&source=placeapi_v2,,,,,,,,,,,,,,,,,,121.60414303308,37.40008059974,0
df6e37a4073b48378f1a8994,中国移动(玉u社区店),生活服务,通讯营业厅,山东省,烟台市,牟平区,烟台市牟平区西关路双涛苑,,1,0,121.598543,37.410149,18853572012,life,http://api.map.baidu.com/place/detail?uid=df6e37a4073b48378f1a8994&output=html&source=placeapi_v2,,08:30-17:30,0.0,,,,,,,11,0,,,,,,,121.59886770702,37.410128756085,0
f2a6fc599e19668d40ab9a30,宝通通讯手机连锁,生活服务,通讯营业厅,山东省,烟台市,牟平区,山东省烟台市牟平区通海路408号,f2a6fc599e19668d40ab9a30,1,0,121.604672,37.400685,,life,http://api.map.baidu.com/place/detail?uid=f2a6fc599e19668d40ab9a30&output=html&source=placeapi_v2,,09:00-19:00,,,,,,,,19,1,,,,,,,121.60446487438,37.400697019953,0
910e31505e46ea110d3dda7d,天翼通海路中心营业厅,生活服务,通讯营业厅,山东省,烟台市,牟平区,烟台市牟平区通海路雪玉凯瑞苑西南侧约50米,,1,0,121.604118,37.404213,,life,http://api.map.baidu.com/place/detail?uid=910e31505e46ea110d3dda7d&output=html&source=placeapi_v2,,,,,,,,,,1,,,,,,,,,,0
e0106caf2e9fca83b1077dca,中国联通(大窑营业厅),生活服务,通讯营业厅,山东省,烟台市,牟平区,山东烟台市牟平区庐山路465号,e0106caf2e9fca83b1077dca,1,0,121.664172,37.397441,(0535)4650112,life,http://api.map.baidu.com/place/detail?uid=e0106caf2e9fca83b1077dca&output=html&source=placeapi_v2,,09:00-18:00,0,,,,,,,2,1,,,,,,,121.66438773849,37.397432838193,0
59282617ddf4f8d1b11e367a,电信营业厅,生活服务,通讯营业厅,山东省,烟台市,牟平区,山东省烟台市牟平区步行街b-1号,,1,0,121.685001,37.423093,,life,http://api.map.baidu.com/place/detail?uid=59282617ddf4f8d1b11e367a&output=html&source=placeapi_v2,,09:00-18:00,,,,,,,,1,,,,,,,,121.68506890433,37.423082037848,0
3d3bb4af7e7cd1c6b1077dc5,中国联通(莒城社区营业厅),生活服务,通讯营业厅,山东省,烟台市,牟平区,山东省烟台市牟平区大窑街道办事处北莒城村联通莒城社区营业厅,,1,0,121.686422,37.427608,(0535)4616588,life,http://api.map.baidu.com/place/detail?uid=3d3bb4af7e7cd1c6b1077dc5&output=html&source=placeapi_v2,,09:00-18:00,,,,,,,,,,,,,,,,,,0
5a724a2dcb480686d7851f94,中国移动移动便利店,生活服务,通讯营业厅,山东省,烟台市,福山区,烟台市福山区两甲幼儿园东南侧约240米,,1,0,121.273728,37.448632,,life,http://api.map.baidu.com/place/detail?uid=5a724a2dcb480686d7851f94&output=html&source=placeapi_v2,,08:30-17:30,,,,,,,,1,,,,,,,,,,0
3d92af30e00ee0cb9fec2b5a,电信营业厅,生活服务,通讯营业厅,山东省,烟台市,福山区,烟台市福山区东厅街道聚贤路一号烟台汽车工程职业学院内,,1,0,121.254134,37.454269,,life,http://api.map.baidu.com/place/detail?uid=3d92af30e00ee0cb9fec2b5a&output=html&source=placeapi_v2,,09:00-18:00,0,,,,,,,1,1,,,,,,,121.25441340963,37.454713380376,0
5a724a2dcb480686d7851f94,中国移动移动便利店,生活服务,通讯营业厅,山东省,烟台市,福山区,烟台市福山区两甲幼儿园东南侧约240米,,1,0,121.273728,37.448632,,life,http://api.map.baidu.com/place/detail?uid=5a724a2dcb480686d7851f94&output=html&source=placeapi_v2,,08:30-17:30,,,,,,,,1,,,,,,,,,,0
3d92af30e00ee0cb9fec2b5a,电信营业厅,生活服务,通讯营业厅,山东省,烟台市,福山区,烟台市福山区东厅街道聚贤路一号烟台汽车工程职业学院内,,1,0,121.254134,37.454269,,life,http://api.map.baidu.com/place/detail?uid=3d92af30e00ee0cb9fec2b5a&output=html&source=placeapi_v2,,09:00-18:00,0,,,,,,,1,1,,,,,,,121.25441340963,37.454713380376,0
b91911ee6d3cd3ce9e95de94,中国移动(恒发合作营业厅),生活服务,通讯营业厅,山东省,烟台市,芝罘区,烟台市芝罘区兴广街逸城山色,b91911ee6d3cd3ce9e95de94,1,0,121.363922,37.451611,,life,http://api.map.baidu.com/place/detail?uid=b91911ee6d3cd3ce9e95de94&output=html&source=placeapi_v2,,08:30-17:30,0,,,,,,,19,1,,,,,,,121.36387278761,37.451746998947,0
b8edbb9f2abcf9b73a13fd98,中国联通(逸城山色营业厅),生活服务,通讯营业厅,山东省,烟台市,芝罘区,烟台市芝罘区兴广街逸城山色,,1,0,121.361399,37.451416,"13156923337,18663877219",life,http://api.map.baidu.com/place/detail?uid=b8edbb9f2abcf9b73a13fd98&output=html&source=placeapi_v2,,09:00-18:00,0.0,,,,,,,9,,,,,,,,121.36139212323,37.45170395601,0
6bfe86d1eb1fbff201294f56,弘隆石油-营业厅,生活服务,通讯营业厅,山东省,烟台市,芝罘区,山东省烟台市芝罘区机场路406号,,1,0,121.36561,37.436434,"(0535)6226798,15653896699",life,http://api.map.baidu.com/place/detail?uid=6bfe86d1eb1fbff201294f56&output=html&source=placeapi_v2,,,,,,,,,,,,,,,,,,,,0
95e76d1f31f1cbaa6168585e,移动光宽带业务受理中心,生活服务,通讯营业厅,山东省,烟台市,芝罘区,烟台市芝罘区坤宇南街香槟小镇(南区),,1,0,121.361288,37.463869,,life,http://api.map.baidu.com/place/detail?uid=95e76d1f31f1cbaa6168585e&output=html&source=placeapi_v2,,,,,,,,,,2,,,,,,,,,,0
06f70709b8c009595a3ac81f,中国联通(盛泉营业厅),生活服务,通讯营业厅,山东省,烟台市,莱山区,山东省烟台市莱山区澳柯玛大街69号,06f70709b8c009595a3ac81f,1,0,121.429639,37.444833,,life,http://api.map.baidu.com/place/detail?uid=06f70709b8c009595a3ac81f&output=html&source=placeapi_v2,,09:00-18:00,0,,,,,,,12,1,,,,,,,121.4295146374,37.44481635908,0
755cc9c32f5f8d9a5fbe863e,中国电信(vivo润东智能手机专卖店),生活服务,通讯营业厅,山东省,烟台市,莱山区,山东省烟台市莱山区迎春大街191号,755cc9c32f5f8d9a5fbe863e,1,0,121.440723,37.463124,(0535)2104485,life,http://api.map.baidu.com/place/detail?uid=755cc9c32f5f8d9a5fbe863e&output=html&source=placeapi_v2,,09:00-18:00,,,,,,,,6,,,,,,,,,,0
e3082848fe85d2beb34c494d,中国移动(迎春大街营业厅),生活服务,通讯营业厅,山东省,烟台市,莱山区,山东省烟台市莱山区迎春大街292号,e3082848fe85d2beb34c494d,1,0,121.441271,37.461941,15689836758,life,http://api.map.baidu.com/place/detail?uid=e3082848fe85d2beb34c494d&output=html&source=placeapi_v2,,09:00-21:00,5,,,,,,,16,5,,,,,,,121.44117364812,37.461996114418,0
eb1e478c4fcdf65b88fc067a,中国联通(双河东路营业厅),生活服务,通讯营业厅,山东省,烟台市,莱山区,山东省烟台市莱山区双河东路德尚世家南门,,1,0,121.454118,37.454262,,life,http://api.map.baidu.com/place/detail?uid=eb1e478c4fcdf65b88fc067a&output=html&source=placeapi_v2,,09:00-18:00,,,,,,,,13,,,,,,,,121.45409148384,37.454208468027,0
87de0bd2a045ce41f4e73b33,中国移动(信宇手机营业厅),生活服务,通讯营业厅,山东省,烟台市,莱山区,山东省烟台市莱山区迎春大街221号,87de0bd2a045ce41f4e73b33,1,0,121.44017,37.460463,15244561111,life,http://api.map.baidu.com/place/detail?uid=87de0bd2a045ce41f4e73b33&output=html&source=placeapi_v2,,08:30-17:30,,,,,,,,23,,,,,,,,121.44023543127,37.46060843807,0
961267f38e26d213734b8766,中国联通(益丰社区营业厅),生活服务,通讯营业厅,山东省,烟台市,莱山区,山东省烟台市莱山区迎春大街229号,961267f38e26d213734b8766,1,0,121.440046,37.463367,"18653593150,18663896115",life,http://api.map.baidu.com/place/detail?uid=961267f38e26d213734b8766&output=html&source=placeapi_v2,,08:30-17:00,,,,,,,,8,,,,,,,,121.44010694663,37.463440436664,0
366ffa14c7018f0003ff2d01,中国联通(宝龙营业厅),生活服务,通讯营业厅,山东省,烟台市,莱山区,初家青年楼2号楼2单元1楼,366ffa14c7018f0003ff2d01,1,0,121.443878,37.461869,,life,http://api.map.baidu.com/place/detail?uid=366ffa14c7018f0003ff2d01&output=html&source=placeapi_v2,,,,,,,,,,2,,,,,,,,,,0
e0445a2729b37a643686f476,中国移动(双河西路营业厅),生活服务,通讯营业厅,山东省,烟台市,莱山区,烟台市莱山区绿色家园小区北门,e0445a2729b37a643686f476,1,0,121.433529,37.458681,18769406555,life,http://api.map.baidu.com/place/detail?uid=e0445a2729b37a643686f476&output=html&source=placeapi_v2,,08:00-22:00,,,,,,,,14,,,,,,,,121.43355842612,37.458769380287,0
d57c533f6250ca51636858af,中国移动(盛泉东路营业厅),生活服务,通讯营业厅,山东省,烟台市,莱山区,山东省烟台市莱山区盛泉东路18号,d57c533f6250ca51636858af,1,0,121.430593,37.446573,,life,http://api.map.baidu.com/place/detail?uid=d57c533f6250ca51636858af&output=html&source=placeapi_v2,,,,,,,,,,2,,,,,,,,,,0
737b413eaeff772046e274df,中国联通(初家合作厅店),生活服务,通讯营业厅,山东省,烟台市,莱山区,山东省烟台市莱山区瀛洲大街84号,737b413eaeff772046e274df,1,0,121.440396,37.46049,(0535)6717889,life,http://api.map.baidu.com/place/detail?uid=737b413eaeff772046e274df&output=html&source=placeapi_v2,,08:00-18:00,0,,,,,,,19,2,,,,,,,121.44040901084,37.460578275533,0
99601fd0f65c3ba917c8f60a,中国联通(芳华园营业厅),生活服务,通讯营业厅,山东省,烟台市,莱山区,山东省烟台市莱山区迎春大街231号,,1,0,121.439279,37.461275,18053592888,life,http://api.map.baidu.com/place/detail?uid=99601fd0f65c3ba917c8f60a&output=html&source=placeapi_v2,,08:00-20:00,,,,,,,,7,,,,,,,,121.43938572972,37.461224623959,0
deebbc919686961400ff2d8e,中国移动(德尚世家社区营业厅),生活服务,通讯营业厅,山东省,烟台市,莱山区,山东省烟台市莱山区庆祥路233号,deebbc919686961400ff2d8e,1,0,121.457271,37.456068,13589754888,life,http://api.map.baidu.com/place/detail?uid=deebbc919686961400ff2d8e&output=html&source=placeapi_v2,,08:30-17:30,,,,,,,,6,,,,,,,,,,0
4b632e44e71553322811d1f5,中国电信(上海滩营业厅),生活服务,通讯营业厅,山东省,烟台市,莱山区,山东省烟台市莱山区金滩南路396号上海滩g区,4b632e44e71553322811d1f5,1,0,121.46272,37.452468,(0535)2103336,life,http://api.map.baidu.com/place/detail?uid=4b632e44e71553322811d1f5&output=html&source=placeapi_v2,,09:00-17:00,5,,,,,,,3,1,,,,,,,121.46259299688,37.452509597837,0
812a88c31676c75349fd3f99,中国移动(微利来手机),生活服务,通讯营业厅,山东省,烟台市,莱山区,山东省烟台市莱山区迎春大街225号,812a88c31676c75349fd3f99,1,0,121.440462,37.461333,,life,http://api.map.baidu.com/place/detail?uid=812a88c31676c75349fd3f99&output=html&source=placeapi_v2,,,,,,,,,,3,,,,,,,,121.44021844664,37.461447135933,0
6371725e9fd5cda7f942b2f8,中国邮政-24小时自助服务厅,生活服务,通讯营业厅,山东省,烟台市,莱山区,山东省烟台市莱山区午台东街芳花园,6371725e9fd5cda7f942b2f8,1,0,121.441363,37.46064,,life,http://api.map.baidu.com/place/detail?uid=6371725e9fd5cda7f942b2f8&output=html&source=placeapi_v2,,00:00-24:00,,,,,,,,1,,,,,,,,121.44132742761,37.460510613422,0
bfd10cfdc5eda022157643e4,中国移动(烟台高新区营业厅),生活服务,通讯营业厅,山东省,烟台市,莱山区,山东省烟台市莱山区科技大道59号20楼,,1,0,121.492249,37.453111,,life,http://api.map.baidu.com/place/detail?uid=bfd10cfdc5eda022157643e4&output=html&source=placeapi_v2,,08:30-17:30,1,,,,,,,14,4,,,,,,,121.49230951268,37.453044944621,0
6b44487673ced8c3b45f1e35,电信营业厅(中海国际社区店),生活服务,通讯营业厅,山东省,烟台市,莱山区,山东省烟台市莱山区科技大道77号,6b44487673ced8c3b45f1e35,1,0,121.490278,37.447558,(0535)3944483,life,http://api.map.baidu.com/place/detail?uid=6b44487673ced8c3b45f1e35&output=html&source=placeapi_v2,,09:30-18:30,,,,,,,,2,,,,,,,,121.49012108056,37.447549486389,0
d54f1521445e95a43310af6f,中国移动(中海国际社区营业厅),生活服务,通讯营业厅,山东省,烟台市,莱山区,高新区海越路41号中海国际社区22号楼102商铺,,1,0,121.491088,37.450197,15063810086,life,http://api.map.baidu.com/place/detail?uid=d54f1521445e95a43310af6f&output=html&source=placeapi_v2,,08:30-18:00,5,,,,,,,11,4,,,,,,,121.49115224096,37.450409566769,0
b7aa4097e9f62ac904fef54b,中国联通(中海国际营业厅),生活服务,通讯营业厅,山东省,烟台市,莱山区,山东省烟台市莱山区海越路11号中海国际社区29号楼,b7aa4097e9f62ac904fef54b,1,0,121.49027,37.448783,18505353033,life,http://api.map.baidu.com/place/detail?uid=b7aa4097e9f62ac904fef54b&output=html&source=placeapi_v2,,08:30-18:00,5,,,,,,,8,2,,,,,,,121.49011616952,37.448813649209,0
5cdb091b97d3753c2002621c,中国移动(中海金街营业厅),生活服务,通讯营业厅,山东省,烟台市,莱山区,山东省烟台市莱山区海越路11号中海国际社区Z园22号楼102室,5cdb091b97d3753c2002621c,1,0,121.491279,37.447411,(0535)4101337,life,http://api.map.baidu.com/place/detail?uid=5cdb091b97d3753c2002621c&output=html&source=placeapi_v2,,08:30-17:30,,,,,,,,7,1,,,,,,,121.49133879656,37.447235643503,0
9588b2ba2b330e807adbd2ff,中国移动(草埠社区店),生活服务,通讯营业厅,山东省,烟台市,莱山区,烟台市莱山区草埠家园,,1,0,121.485166,37.449067,,life,http://api.map.baidu.com/place/detail?uid=9588b2ba2b330e807adbd2ff&output=html&source=placeapi_v2,,08:30-17:30,,,,,,,,1,,,,,,,,,,0
c388da433cb8e53db31e365e,中国电信(海博路营业厅),生活服务,通讯营业厅,山东省,烟台市,莱山区,烟台市莱山区海博路祥隆理想城,c388da433cb8e53db31e365e,1,0,121.500722,37.441035,,life,http://api.map.baidu.com/place/detail?uid=c388da433cb8e53db31e365e&output=html&source=placeapi_v2,,09:00-18:00,,,,,,,,1,,,,,,,,,,0
69d2ddd273dd8402a9059dc0,中国联通宽带受理处,生活服务,通讯营业厅,山东省,烟台市,莱山区,烟台市莱山区中海国际社区,,1,0,121.490266,37.449231,,life,http://api.map.baidu.com/place/detail?uid=69d2ddd273dd8402a9059dc0&output=html&source=placeapi_v2,,09:00-18:00,,,,,,,,2,,,,,,,,121.49011741817,37.44923116465,0
c88435e52ef1a0db49fc8dcf,中国联通书香府第服务站营业厅,生活服务,通讯营业厅,山东省,烟台市,莱山区,烟台市莱山区海兴路中国农业大学(烟台校区)西门南侧约90米,,1,0,121.52079,37.440464,18653593252,life,http://api.map.baidu.com/place/detail?uid=c88435e52ef1a0db49fc8dcf&output=html&source=placeapi_v2,,09:00-18:00,,,,,,,,5,,,,,,,,121.52065475434,37.440459038137,0
1ae537642d350886ab0dd846,中国电信(金海路营业厅),生活服务,通讯营业厅,山东省,烟台市,莱山区,山东省烟台市莱山区金海路1106号,1ae537642d350886ab0dd846,1,0,121.520941,37.438364,13615449711,life,http://api.map.baidu.com/place/detail?uid=1ae537642d350886ab0dd846&output=html&source=placeapi_v2,,08:30-17:30,5,,,,,,,7,1,,,,,,,121.5207813148,37.438362051252,0
6e8858c9d904fa2879b55ced,中国移动(建成通讯合作营业厅),生活服务,通讯营业厅,山东省,烟台市,莱山区,纬三路38号,6e8858c9d904fa2879b55ced,1,0,121.515008,37.43148,,life,http://api.map.baidu.com/place/detail?uid=6e8858c9d904fa2879b55ced&output=html&source=placeapi_v2,,09:00-19:00,0.0,,,,,,,3,,,,,,,,,,0
e72d1f90448f66ed25d2bb9f,中国联通(龙湖营业厅),生活服务,通讯营业厅,山东省,烟台市,牟平区,烟台市牟平区汇海路龙湖葡醍海湾西南门西北侧,,1,0,121.604895,37.440754,13188786267,life,http://api.map.baidu.com/place/detail?uid=e72d1f90448f66ed25d2bb9f&output=html&source=placeapi_v2,,08:30-18:00,5,,,,,,,10,1,,,,,,,121.60469256249,37.44085010395,0
4099b721f91b010243afe68f,中国联通(社区营业厅),生活服务,通讯营业厅,山东省,烟台市,牟平区,山东省烟台市牟平区烟霞大街566号石药健康城,,1,0,121.613234,37.433326,15668063328,life,http://api.map.baidu.com/place/detail?uid=4099b721f91b010243afe68f&output=html&source=placeapi_v2,,08:00-17:30,,,,,,,,8,,,,,,,,121.61314668093,37.433683601695,0
5ef79eb0163002b19fec2bcc,中国联通(臧家庄营业厅),生活服务,通讯营业厅,山东省,烟台市,福山区,山东省烟台市福山区臧家庄镇汇福西路第三中学东南350米,5ef79eb0163002b19fec2bcc,1,0,120.989632,37.472112,(0535)5511085,life,http://api.map.baidu.com/place/detail?uid=5ef79eb0163002b19fec2bcc&output=html&source=placeapi_v2,,09:00-18:00,,,,,,,,1,,,,,,,,,,0
ee909d92f4a2e90fc5effb84,中国电信(臧家庄营业厅),生活服务,通讯营业厅,山东省,烟台市,福山区,烟台市福山区茂隆山北路臧家庄汽车站西北侧约90米,,1,0,121.000148,37.478261,,life,http://api.map.baidu.com/place/detail?uid=ee909d92f4a2e90fc5effb84&output=html&source=placeapi_v2,,,,,,,,,,4,,,,,,,,,,0
671005dab866053f2811d1c2,中国联通(臧家庄社区营业厅),生活服务,通讯营业厅,山东省,烟台市,福山区,烟台市福山区山东路臧家庄汽车站西北侧,,1,0,121.000652,37.478167,18653598526,life,http://api.map.baidu.com/place/detail?uid=671005dab866053f2811d1c2&output=html&source=placeapi_v2,,09:00-18:00,,,,,,,,1,,,,,,,,,,0
925c550f577b3ab35a3ac862,中国联通(中桥营业厅),生活服务,通讯营业厅,山东省,烟台市,福山区,烟台市福山区山东路万光城市花园东北侧约80米,925c550f577b3ab35a3ac862,1,0,121.047794,37.486527,(0535)5571085,life,http://api.map.baidu.com/place/detail?uid=925c550f577b3ab35a3ac862&output=html&source=placeapi_v2,,09:00-18:00,0,,,,,,,7,1,,,,,,,,,0
668bc470a623ab3ce60738d3,中国联通(高瞳营业厅),生活服务,通讯营业厅,山东省,烟台市,福山区,烟台市福山区烟栖线高疃派出所南侧约230米,,1,0,121.114581,37.481846,18653593792,life,http://api.map.baidu.com/place/detail?uid=668bc470a623ab3ce60738d3&output=html&source=placeapi_v2,,09:00-18:00,,,,,,,,,,,,,,,,121.11452411215,37.48172920485,0
bff8fa7dd6a632a1c8213d56,中国移动(东厅营业厅),生活服务,通讯营业厅,山东省,烟台市,福山区,东厅移动营业厅(邮局正对面),bff8fa7dd6a632a1c8213d56,1,0,121.212747,37.47592,17862816111,life,http://api.map.baidu.com/place/detail?uid=bff8fa7dd6a632a1c8213d56&output=html&source=placeapi_v2,,08:00-19:00,0.0,,,,,,,8,1,,,,,,,,,0
e279e69834fdf00cbda24071,中国电信(东厅营业厅),生活服务,通讯营业厅,山东省,烟台市,福山区,山东省烟台市福山区乡忆路27-34号,,1,0,121.215373,37.479105,18905451521,life,http://api.map.baidu.com/place/detail?uid=e279e69834fdf00cbda24071&output=html&source=placeapi_v2,,08:30-17:30,,,,,,,,1,,,,,,,,,,0
f5e3bcaec8b6fcc05e17c356,中国联通(东厅营业厅),生活服务,通讯营业厅,山东省,烟台市,福山区,山东省烟台市福山区东正路187号,f5e3bcaec8b6fcc05e17c356,1,0,121.210854,37.477486,(0535)6441001,life,http://api.map.baidu.com/place/detail?uid=f5e3bcaec8b6fcc05e17c356&output=html&source=placeapi_v2,,09:00-18:00,,,,,,,,1,,,,,,,,,,0
0459d5028a70706b276e98d8,中移铁通东厅社区服务厅,生活服务,通讯营业厅,山东省,烟台市,福山区,烟台市福山区乡忆路乡村记忆西南侧,,1,0,121.215212,37.478006,,life,http://api.map.baidu.com/place/detail?uid=0459d5028a70706b276e98d8&output=html&source=placeapi_v2,,,,,,,,,,,,,,,,,,,,0
2ed5a71d6687339235b06cfc,烟台安农合作社,生活服务,通讯营业厅,山东省,烟台市,福山区,烟台市福山区奇泉路福利莱万和城,,1,0,121.240028,37.493357,,life,http://api.map.baidu.com/place/detail?uid=2ed5a71d6687339235b06cfc&output=html&source=placeapi_v2,,,,,,,,,,6,,,,,,,,121.24004136767,37.493402053797,0
5948df514a01afe24051c08f,中国电信(福山分公司),生活服务,通讯营业厅,山东省,烟台市,福山区,山东省烟台市福山区金凤路49号,5948df514a01afe24051c08f,1,0,121.278297,37.472067,(0535)2134441,life,http://api.map.baidu.com/place/detail?uid=5948df514a01afe24051c08f&output=html&source=placeapi_v2,,08:30-17:30,,,,,,,,1,,,,,,,,121.27827376221,37.472386478382,0
69b99f24fecb963dcd04ef31,中国联通(芝阳社区营业厅),生活服务,通讯营业厅,山东省,烟台市,福山区,烟台市福山区福桃路福美霖生态幼儿园西南侧约200米,69b99f24fecb963dcd04ef31,1,0,121.27388,37.489588,,life,http://api.map.baidu.com/place/detail?uid=69b99f24fecb963dcd04ef31&output=html&source=placeapi_v2,,,,,,,,,,2,,,,,,,,,,0
f57454e6f4e98e97abf0cdfa,中国移动(斗余铁通营业厅),生活服务,通讯营业厅,山东省,烟台市,福山区,山东省烟台市福山区大旺路399-8号,,1,0,121.303532,37.464183,,life,http://api.map.baidu.com/place/detail?uid=f57454e6f4e98e97abf0cdfa&output=html&source=placeapi_v2,,08:30-17:30,,,,,,,,4,,,,,,,,121.30335895346,37.46404855476,0
11739fde35f0ce51744ff157,中国联通富丽新城营业厅,生活服务,通讯营业厅,山东省,烟台市,福山区,山东省烟台市福山区大旺路3号,,1,0,121.303365,37.464198,,life,http://api.map.baidu.com/place/detail?uid=11739fde35f0ce51744ff157&output=html&source=placeapi_v2,,08:30-17:00,,,,,,,,1,,,,,,,,,,0
fd6abb1db624455c3686f4ee,中国电信,生活服务,通讯营业厅,山东省,烟台市,福山区,烟台市福山区富丽新城南侧,fd6abb1db624455c3686f4ee,1,0,121.30397,37.463808,,life,http://api.map.baidu.com/place/detail?uid=fd6abb1db624455c3686f4ee&output=html&source=placeapi_v2,,09:00-18:00,,,,,,,,1,,,,,,,,,,0
e8f013f8723c4ef130870ab3,中国移动(众联店),生活服务,通讯营业厅,山东省,烟台市,芝罘区,黄务街道办事处隆中路6-36号,e8f013f8723c4ef130870ab3,1,0,121.360561,37.475854,18663878880,life,http://api.map.baidu.com/place/detail?uid=e8f013f8723c4ef130870ab3&output=html&source=placeapi_v2,,,,,,,,,,1,,,,,,,,121.36059728455,37.476114508678,0
b79fbf08f9f68f2b077ce83c,中国电信(通姜路营业厅),生活服务,通讯营业厅,山东省,烟台市,芝罘区,山东省烟台市芝罘区青年南路香槟小镇6-2号,b79fbf08f9f68f2b077ce83c,1,0,121.372679,37.469542,(0535)2141418,life,http://api.map.baidu.com/place/detail?uid=b79fbf08f9f68f2b077ce83c&output=html&source=placeapi_v2,,08:30-17:30,5,,,,,,,15,1,,,,,,,121.37265489895,37.469376531178,0
7f3d27f8907ec308ad31e5e3,中国联通(黄务营业厅),生活服务,通讯营业厅,山东省,烟台市,芝罘区,烟台市芝罘区隆南路1号农业银行东,7f3d27f8907ec308ad31e5e3,1,0,121.365619,37.474423,(0535)6730555,life,http://api.map.baidu.com/place/detail?uid=7f3d27f8907ec308ad31e5e3&output=html&source=placeapi_v2,,08:30-17:00,2,,,,,,,13,3,,,,,,,121.36580314285,37.474398540555,0
a3107e5befe05e47ae045713,中国联通(永生营业厅),生活服务,通讯营业厅,山东省,烟台市,芝罘区,芝罘区隆中路黄务小区(鑫凤农贸市场对面),,1,0,121.365914,37.475583,18653593933,life,http://api.map.baidu.com/place/detail?uid=a3107e5befe05e47ae045713&output=html&source=placeapi_v2,,,,,,,,,,,,,,,,,,,,0
b9a30a5194e03d3ac9c3dbd8,中国移动(明伟店),生活服务,通讯营业厅,山东省,烟台市,芝罘区,烟台市芝罘区卧龙中路百缘大酒店西北侧约50米,b9a30a5194e03d3ac9c3dbd8,1,0,121.377484,37.484444,13697645959,life,http://api.map.baidu.com/place/detail?uid=b9a30a5194e03d3ac9c3dbd8&output=html&source=placeapi_v2,,07:00-20:00,0.0,,,,,,,5,1,,,,,,,,,0
4597298077edf53e03ec01cb,中国移动服务中心,生活服务,通讯营业厅,山东省,烟台市,芝罘区,烟台市芝罘区隆中路鑫凤家苑小区南侧约80米,4597298077edf53e03ec01cb,1,0,121.365743,37.47584,18561101639,life,http://api.map.baidu.com/place/detail?uid=4597298077edf53e03ec01cb&output=html&source=placeapi_v2,,08:30-17:30,,,,,,,,5,,,,,,,,,,0
0bbfd8814679b90c76e5b6af,夏洁通讯,生活服务,通讯营业厅,山东省,烟台市,芝罘区,烟台市芝罘区通世南路通世新城振华量贩超市对面向南100米右拐,0bbfd8814679b90c76e5b6af,1,0,121.377321,37.476458,18854553823,life,http://api.map.baidu.com/place/detail?uid=0bbfd8814679b90c76e5b6af&output=html&source=placeapi_v2,,08:30-20:30,,,,,,,,5,,,,,,,,121.37723679963,37.476395936029,0
5a5baf0b6efa5937223bf2a3,中国联通(青年南路社区营业厅),生活服务,通讯营业厅,山东省,烟台市,芝罘区,山东省烟台市芝罘区青年南路锦泽香槟小镇5-2号,5a5baf0b6efa5937223bf2a3,1,0,121.358938,37.467896,15506389666,life,http://api.map.baidu.com/place/detail?uid=5a5baf0b6efa5937223bf2a3&output=html&source=placeapi_v2,,09:00-21:00,5,,,,,,,4,1,,,,,,,,,0
333062049cf2182e57bfff4a,中国联通(鲁峰社区厅),生活服务,通讯营业厅,山东省,烟台市,芝罘区,烟台市芝罘区鲁峰街21号702室,333062049cf2182e57bfff4a,1,0,121.363518,37.489078,,life,http://api.map.baidu.com/place/detail?uid=333062049cf2182e57bfff4a&output=html&source=placeapi_v2,,,,,,,,,,2,,,,,,,,,,0
3002144e7a5ffb1a52e5c5b7,中国电信(黄务村营业厅),生活服务,通讯营业厅,山东省,烟台市,芝罘区,烟台市芝罘区黄务蚨宏幼儿园北侧约180米,,1,0,121.373982,37.475399,,life,http://api.map.baidu.com/place/detail?uid=3002144e7a5ffb1a52e5c5b7&output=html&source=placeapi_v2,,,,,,,,,,1,,,,,,,,,,0
95e76d1f31f1cbaa6168585e,移动光宽带业务受理中心,生活服务,通讯营业厅,山东省,烟台市,芝罘区,烟台市芝罘区坤宇南街香槟小镇(南区),,1,0,121.361288,37.463869,,life,http://api.map.baidu.com/place/detail?uid=95e76d1f31f1cbaa6168585e&output=html&source=placeapi_v2,,,,,,,,,,2,,,,,,,,,,0
1567eb77271e75253c9a5e0d,中国电信(通世新城营业厅),生活服务,通讯营业厅,山东省,烟台市,芝罘区,山东省烟台市芝罘区通世南路通海里14号楼附4号正北方向80米,1567eb77271e75253c9a5e0d,1,0,121.381728,37.480066,(0535)2126696,life,http://api.map.baidu.com/place/detail?uid=1567eb77271e75253c9a5e0d&output=html&source=placeapi_v2,,09:00-18:00,,,,,,,,9,,,,,,,,121.38144354367,37.480101663006,0
53c170521a0caf53bda2400d,中国联通(海辉合作厅店),生活服务,通讯营业厅,山东省,烟台市,芝罘区,山东省烟台市芝罘区通世南路182号通世新城通阳里26号楼-6号正北方向40米,53c170521a0caf53bda2400d,1,0,121.381494,37.477042,(0535)6736166,life,http://api.map.baidu.com/place/detail?uid=53c170521a0caf53bda2400d&output=html&source=placeapi_v2,,09:00-18:00,0.0,,,,,,,4,1,,,,,,,121.38151696933,37.477232687387,0
82ef9db7db7bc6358bb988e7,中移铁通烟台分公司,生活服务,通讯营业厅,山东省,烟台市,莱山区,山东省烟台市莱山区桐林路10号,82ef9db7db7bc6358bb988e7,1,0,121.44628,37.481946,(0535)2965136,life,http://api.map.baidu.com/place/detail?uid=82ef9db7db7bc6358bb988e7&output=html&source=placeapi_v2,,09:00-17:30,,,,,,,,6,,,,,,,,,,0
0014199c03b3cb6b2bb97c56,芝罘电信分公司,生活服务,通讯营业厅,山东省,烟台市,莱山区,山东烟台市莱山区春晖路9号,,1,0,121.449144,37.479546,,life,http://api.map.baidu.com/place/detail?uid=0014199c03b3cb6b2bb97c56&output=html&source=placeapi_v2,,,,,,,,,,,,,,,,,,,,0
968fa78c0269372aa80dd879,中国电信(莱山营销中心),生活服务,通讯营业厅,山东省,烟台市,莱山区,山东省烟台市莱山区春晖路9号,968fa78c0269372aa80dd879,1,1,121.450685,37.479973,(0535)2104411,life,http://api.map.baidu.com/place/detail?uid=968fa78c0269372aa80dd879&output=html&source=placeapi_v2,,08:30-17:30,0,,,,,,,7,0,,,,,,,121.45044385234,37.479954011428,1
7b5392699618dfdc04fef57a,中国联通24小时自助服务厅(迎春大街营业厅),生活服务,通讯营业厅,山东省,烟台市,莱山区,山东省烟台市莱山区迎春大街133号附1号科技创业大厦C座,7b5392699618dfdc04fef57a,1,0,121.449508,37.474685,(0535)6896862,life,http://api.map.baidu.com/place/detail?uid=7b5392699618dfdc04fef57a&output=html&source=placeapi_v2,,00:00-24:00,0.0,,,,,,,1,1,,,,,,,,,0
755cc9c32f5f8d9a5fbe863e,中国电信(vivo润东智能手机专卖店),生活服务,通讯营业厅,山东省,烟台市,莱山区,山东省烟台市莱山区迎春大街191号,755cc9c32f5f8d9a5fbe863e,1,0,121.440723,37.463124,(0535)2104485,life,http://api.map.baidu.com/place/detail?uid=755cc9c32f5f8d9a5fbe863e&output=html&source=placeapi_v2,,09:00-18:00,,,,,,,,6,,,,,,,,,,0
cc788fdecebc60f788fc066f,中国电信(清泉路营业厅),生活服务,通讯营业厅,山东省,烟台市,莱山区,山东省烟台市莱山区清泉路3号,cc788fdecebc60f788fc066f,1,0,121.459151,37.488304,(0535)2104458,life,http://api.map.baidu.com/place/detail?uid=cc788fdecebc60f788fc066f&output=html&source=placeapi_v2,,08:30-17:30,0,,,,,,,11,3,,,,,,,121.45946274264,37.488327477441,0
e3082848fe85d2beb34c494d,中国移动(迎春大街营业厅),生活服务,通讯营业厅,山东省,烟台市,莱山区,山东省烟台市莱山区迎春大街292号,e3082848fe85d2beb34c494d,1,0,121.441271,37.461941,15689836758,life,http://api.map.baidu.com/place/detail?uid=e3082848fe85d2beb34c494d&output=html&source=placeapi_v2,,09:00-21:00,5,,,,,,,16,5,,,,,,,121.44117364812,37.461996114418,0
961267f38e26d213734b8766,中国联通(益丰社区营业厅),生活服务,通讯营业厅,山东省,烟台市,莱山区,山东省烟台市莱山区迎春大街229号,961267f38e26d213734b8766,1,0,121.440046,37.463367,"18653593150,18663896115",life,http://api.map.baidu.com/place/detail?uid=961267f38e26d213734b8766&output=html&source=placeapi_v2,,08:30-17:00,,,,,,,,8,,,,,,,,121.44010694663,37.463440436664,0
06e746d468cb31d878f79664,中国联通(初家营业厅),生活服务,通讯营业厅,山东省,烟台市,莱山区,山东省烟台市莱山区港城东大街84号3楼,06e746d468cb31d878f79664,1,0,121.439969,37.469574,(0535)6711818,life,http://api.map.baidu.com/place/detail?uid=06e746d468cb31d878f79664&output=html&source=placeapi_v2,,09:00-18:00,5,,,,,,,22,3,,,,,,,121.4402995595,37.469458048959,0
d10cfb2c160925129a005090,中国联通(大学营业厅),生活服务,通讯营业厅,山东省,烟台市,莱山区,山东省烟台市莱山区桐林路万象城9区小吃一条街对面,d10cfb2c160925129a005090,1,0,121.454812,37.484997,(0535)6915558,life,http://api.map.baidu.com/place/detail?uid=d10cfb2c160925129a005090&output=html&source=placeapi_v2,,09:00-18:00,5,,,,,,,13,1,,,,,,,121.45475449619,37.484834525164,0
d1866c3cb914a9f68f1a899f,莱诺通讯营业厅,生活服务,通讯营业厅,山东省,烟台市,莱山区,烟台市莱山区桐林路万光小区西北侧,d1866c3cb914a9f68f1a899f,1,0,121.457299,37.483828,,life,http://api.map.baidu.com/place/detail?uid=d1866c3cb914a9f68f1a899f&output=html&source=placeapi_v2,,,,,,,,,,3,,,,,,,,,,0
97792540a1013ddfdc1e5267,烟台大仁通信技术有限公司,生活服务,通讯营业厅,山东省,烟台市,莱山区,烟台市莱山区初家街道迎春大街润华大厦一号楼1003室,,1,0,121.441637,37.464635,,life,http://api.map.baidu.com/place/detail?uid=97792540a1013ddfdc1e5267&output=html&source=placeapi_v2,,,,,,,,,,,,,,,,,,,,0
366ffa14c7018f0003ff2d01,中国联通(宝龙营业厅),生活服务,通讯营业厅,山东省,烟台市,莱山区,初家青年楼2号楼2单元1楼,366ffa14c7018f0003ff2d01,1,0,121.443878,37.461869,,life,http://api.map.baidu.com/place/detail?uid=366ffa14c7018f0003ff2d01&output=html&source=placeapi_v2,,,,,,,,,,2,,,,,,,,,,0
4969da1a0d62f7f5f33cba54,中国联通(养马岛营业厅),生活服务,通讯营业厅,山东省,烟台市,牟平区,山东省烟台市牟平区白马路47号,4969da1a0d62f7f5f33cba54,1,0,121.617177,37.463422,18653593960,life,http://api.map.baidu.com/place/detail?uid=4969da1a0d62f7f5f33cba54&output=html&source=placeapi_v2,,09:00-18:00,0,,,,,,,0,0,,,,,,,121.61735474908,37.463452923589,0
2619e73d7eff7db9b11e36c3,移动光宽带业务受理中心,生活服务,通讯营业厅,山东省,烟台市,福山区,烟台市福山区永达街万科假日风景,,1,0,121.239902,37.528087,,life,http://api.map.baidu.com/place/detail?uid=2619e73d7eff7db9b11e36c3&output=html&source=placeapi_v2,,,,,,,,,,3,,,,,,,,,,0
0d30567613b2a76478f796a7,移动光宽带业务受理处,生活服务,通讯营业厅,山东省,烟台市,福山区,烟台市福山区汇福街颐景园,,1,0,121.249779,37.517124,,life,http://api.map.baidu.com/place/detail?uid=0d30567613b2a76478f796a7&output=html&source=placeapi_v2,,,,,,,,,,2,,,,,,,,,,0
8489a85ab8e9a7bcae31e595,瀚翔社区营业厅,生活服务,通讯营业厅,山东省,烟台市,福山区,烟台市福山区永安街德胜凯旋花园,,1,0,121.274259,37.510228,,life,http://api.map.baidu.com/place/detail?uid=8489a85ab8e9a7bcae31e595&output=html&source=placeapi_v2,,,,,,,,,,8,,,,,,,,121.27437146738,37.510239797926,0
64b6ca245d1ad6e08b2fb55d,中国电信(北一路营业厅),生活服务,通讯营业厅,山东省,烟台市,福山区,山东省烟台市福山区民阜路58-1号,64b6ca245d1ad6e08b2fb55d,1,0,121.276125,37.510456,(0535)2135677,life,http://api.map.baidu.com/place/detail?uid=64b6ca245d1ad6e08b2fb55d&output=html&source=placeapi_v2,,07:30-18:00,1,,,,,,,14,2,,,,,,,121.27627347658,37.510405455495,0
cb53e753cf12f72627d2bb51,中国移动(快捷合作营业厅),生活服务,通讯营业厅,山东省,烟台市,福山区,山东省烟台市福山区民丰路109-6号,cb53e753cf12f72627d2bb51,1,0,121.271612,37.514173,,life,http://api.map.baidu.com/place/detail?uid=cb53e753cf12f72627d2bb51&output=html&source=placeapi_v2,,08:00-20:00,0,,,,,,,23,2,,,,,,,121.27159268595,37.514031463533,0
f603bb7a5f4ab2814f6d463d,中国联通智慧生活馆,生活服务,通讯营业厅,山东省,烟台市,福山区,山东省烟台市福山区永安街49号,f603bb7a5f4ab2814f6d463d,1,0,121.275785,37.510387,18653593769,life,http://api.map.baidu.com/place/detail?uid=f603bb7a5f4ab2814f6d463d&output=html&source=placeapi_v2,,08:30-17:00,0,,,,,,,18,1,,,,,,,121.27575529393,37.510241831334,0
414897ce3671ddf4c356ac4c,中国移动(北一路营业厅),生活服务,通讯营业厅,山东省,烟台市,福山区,山东省烟台市福山区永安街38号,414897ce3671ddf4c356ac4c,1,0,121.275364,37.509437,(0535)2448173,life,http://api.map.baidu.com/place/detail?uid=414897ce3671ddf4c356ac4c&output=html&source=placeapi_v2,,08:00-18:00,1.6,,,,,,,24,11,,,,,,,121.27532658083,37.509650264964,0
f2ff5ce9ca5db83d3517dc99,中国联通北二路合作营业厅,生活服务,通讯营业厅,山东省,烟台市,福山区,山东省烟台市福山区北二路12号,f2ff5ce9ca5db83d3517dc99,1,0,121.275213,37.514012,(0535)6338755,life,http://api.map.baidu.com/place/detail?uid=f2ff5ce9ca5db83d3517dc99&output=html&source=placeapi_v2,,09:00-18:00,0,,,,,,,21,2,,,,,,,121.27519012912,37.514126892629,0
eef270ab71b4211016764309,中国移动(星海合作营业厅),生活服务,通讯营业厅,山东省,烟台市,福山区,山东省烟台市福山区崇文街55号,eef270ab71b4211016764309,1,0,121.27473,37.514449,18254504121,life,http://api.map.baidu.com/place/detail?uid=eef270ab71b4211016764309&output=html&source=placeapi_v2,,08:00-20:00,0,,,,,,,33,0,,,,,,,121.27475338466,37.514281823926,0
2fe21b217643cd9e9cf779a4,福山营业厅,生活服务,通讯营业厅,山东省,烟台市,福山区,烟台市福山区民丰路丽浩・福仕汇南侧约40米,2fe21b217643cd9e9cf779a4,1,0,121.270072,37.518858,,life,http://api.map.baidu.com/place/detail?uid=2fe21b217643cd9e9cf779a4&output=html&source=placeapi_v2,,,,,,,,,,,,,,,,,,,,0
094b51e3d3f4948bebe5825d,中国电信崇文街营业厅,生活服务,通讯营业厅,山东省,烟台市,福山区,山东省烟台市福山区崇文街78-9号,094b51e3d3f4948bebe5825d,1,0,121.279061,37.514333,15318663235,life,http://api.map.baidu.com/place/detail?uid=094b51e3d3f4948bebe5825d&output=html&source=placeapi_v2,,08:00-20:00,,,,,,,,3,,,,,,,,121.27899313335,37.51432392229,0
91dce060107c1bab213bf27a,中国移动(县府街营业厅),生活服务,通讯营业厅,山东省,烟台市,福山区,山东省烟台市福山区县府街北美金街125号,,1,0,121.267185,37.503002,,life,http://api.map.baidu.com/place/detail?uid=91dce060107c1bab213bf27a&output=html&source=placeapi_v2,,08:30-17:30,,,,,,,,8,,,,,,,,,,0
2de7e3385e1a85699d82ea4a,中国联通(松霞路营业厅),生活服务,通讯营业厅,山东省,烟台市,福山区,山东省烟台市福山区松霞路160-7号永福园小区33号楼,2de7e3385e1a85699d82ea4a,1,0,121.279562,37.522742,,life,http://api.map.baidu.com/place/detail?uid=2de7e3385e1a85699d82ea4a&output=html&source=placeapi_v2,,09:00-18:00,,,,,,,,16,,,,,,,,,,0
383bda2a7c2482f2eaf85332,中国联通香逸中央社区厅,生活服务,通讯营业厅,山东省,烟台市,福山区,烟台市福山区民丰路香逸中央2期南侧约60米,,1,0,121.270874,37.515994,(0535)6362222,life,http://api.map.baidu.com/place/detail?uid=383bda2a7c2482f2eaf85332&output=html&source=placeapi_v2,,09:00-18:00,,,,,,,,8,,,,,,,,,,0
9c7e30a4d1b0b9a1b23c811a,中国电信(松霞路营业厅),生活服务,通讯营业厅,山东省,烟台市,福山区,山东省烟台市福山区松霞路158-49号,,1,0,121.279235,37.522408,18953523801,life,http://api.map.baidu.com/place/detail?uid=9c7e30a4d1b0b9a1b23c811a&output=html&source=placeapi_v2,,09:00-18:00,,,,,,,,7,,,,,,,,121.27920836465,37.522589895902,0
206aacd3680cbc2fcd04ef01,中国电信(北环宇营业厅),生活服务,通讯营业厅,山东省,烟台市,福山区,山东省烟台市福山区永安街132号2楼,206aacd3680cbc2fcd04ef01,1,0,121.263734,37.508824,(0535)2138011,life,http://api.map.baidu.com/place/detail?uid=206aacd3680cbc2fcd04ef01&output=html&source=placeapi_v2,,08:30-17:30,0,,,,,,,12,1,,,,,,,121.26337499972,37.508660990402,0
7448b61adb521ee34e776e1d,中国移动(松霞路合作营业厅),生活服务,通讯营业厅,山东省,烟台市,福山区,山东省烟台市福山区崇文街32号,7448b61adb521ee34e776e1d,1,0,121.281418,37.517174,15106591818,life,http://api.map.baidu.com/place/detail?uid=7448b61adb521ee34e776e1d&output=html&source=placeapi_v2,,09:00-22:00,,,,,,,,1,,,,,,,,121.28113628638,37.517151179073,0
5a0c2880f154d6771df74d61,中国移动通信天润合作营业厅,生活服务,通讯营业厅,山东省,烟台市,福山区,山东省烟台市福山区天府街676-11号,5a0c2880f154d6771df74d61,1,0,121.273272,37.526596,13589897668,life,http://api.map.baidu.com/place/detail?uid=5a0c2880f154d6771df74d61&output=html&source=placeapi_v2,,08:30-18:00,0,,,,,,,32,1,,,,,,,121.27326259906,37.526672748853,0
750ec165d80eb4554d3a5993,中国电信(福海路营业厅),生活服务,通讯营业厅,山东省,烟台市,福山区,山东省烟台市福山区福海路288号,750ec165d80eb4554d3a5993,1,0,121.2645,37.517954,(0535)2134432,life,http://api.map.baidu.com/place/detail?uid=750ec165d80eb4554d3a5993&output=html&source=placeapi_v2,,08:00-17:00,0,,,,,,,18,1,,,,,,,121.26475800034,37.517986046614,0
1ce2bc474f3482a238221cdc,宝通通信(城里街店),生活服务,通讯营业厅,山东省,烟台市,福山区,山东省烟台市福山区城里街153号,d76ee053578c4ea3f503b8d3,1,0,121.268421,37.501002,,life,http://api.map.baidu.com/place/detail?uid=1ce2bc474f3482a238221cdc&output=html&source=placeapi_v2,,09:00-19:00,,,,,,,,56,2,,,,,,,,,0
c01464f905545e1f84420e93,中国移动社区服务站(开通店),生活服务,通讯营业厅,山东省,烟台市,福山区,山东省烟台市福山区松霞路158-31号福祥新苑,,1,0,121.280188,37.522354,15054527755,life,http://api.map.baidu.com/place/detail?uid=c01464f905545e1f84420e93&output=html&source=placeapi_v2,,08:30-17:30,,,,,,,,9,,,,,,,,,,0
a42f736fb3158aa82902e1c8,中国联通(海涵营业厅),生活服务,通讯营业厅,山东省,烟台市,福山区,太华路99号,9149557fd16ef957db131855,1,0,121.268582,37.52546,13054542111,life,http://api.map.baidu.com/place/detail?uid=a42f736fb3158aa82902e1c8&output=html&source=placeapi_v2,,09:00-18:00,5.0,,,,,,,12,3,,,,,,,,,0
8b299c3b18e87ebd5bf6be34,联波通讯器材维修中心,生活服务,通讯营业厅,山东省,烟台市,福山区,山东省烟台市福山区县府街376号,8b299c3b18e87ebd5bf6be34,1,0,121.26677,37.502548,18354562861,life,http://api.map.baidu.com/place/detail?uid=8b299c3b18e87ebd5bf6be34&output=html&source=placeapi_v2,,,,,,,,,,13,,,,,,,,121.26672779747,37.502616041698,0
607c8dc110c396de1b94c622,杰瑞社区营业厅,生活服务,通讯营业厅,山东省,烟台市,福山区,烟台市福山区城里街永乐公寓北侧约30米,607c8dc110c396de1b94c622,1,0,121.272632,37.501671,,life,http://api.map.baidu.com/place/detail?uid=607c8dc110c396de1b94c622&output=html&source=placeapi_v2,,,,,,,,,,4,,,,,,,,,,0
455d6ca5b04f921c2efaa770,中国移动(酷爱手机专卖),生活服务,通讯营业厅,山东省,烟台市,福山区,山东省烟台市福山区松霞路158-53号,455d6ca5b04f921c2efaa770,1,0,121.280054,37.523736,15054527755,life,http://api.map.baidu.com/place/detail?uid=455d6ca5b04f921c2efaa770&output=html&source=placeapi_v2,,08:00-20:00,0,,,,,,,24,0,,,,,,,,,0
e079944bc9ccffef7402699c,中国联通24小时自助服务厅(清洋营业厅),生活服务,通讯营业厅,山东省,烟台市,福山区,山东省烟台市福山区城里街10号24小时,e079944bc9ccffef7402699c,1,0,121.273802,37.501483,(0535)6368859,life,http://api.map.baidu.com/place/detail?uid=e079944bc9ccffef7402699c&output=html&source=placeapi_v2,,,,,,,,,,3,,,,,,,,,,0
8000b01d4a7d805c4107c17c,中国电信(御泰苑营业厅),生活服务,通讯营业厅,山东省,烟台市,福山区,山东省烟台市福山区城里街16-1号御泰苑2期,,1,0,121.264643,37.499406,15315452040,life,http://api.map.baidu.com/place/detail?uid=8000b01d4a7d805c4107c17c&output=html&source=placeapi_v2,,08:30-17:30,,,,,,,,3,,,,,,,,121.26508316807,37.499390673957,0
0609851c0f2e52f7b75f1e33,中国联通(城西社区营业厅),生活服务,通讯营业厅,山东省,烟台市,福山区,山东省烟台市福山区西山路291号,0609851c0f2e52f7b75f1e33,1,0,121.259537,37.510924,,life,http://api.map.baidu.com/place/detail?uid=0609851c0f2e52f7b75f1e33&output=html&source=placeapi_v2,,09:00-18:00,,,,,,,,9,,,,,,,,121.25941444977,37.510921063931,0
3fee76717fc087c72cfaa75b,中国移动(社区服务站),生活服务,通讯营业厅,山东省,烟台市,福山区,烟台市福山区城里街永乐公寓东北侧约30米,3fee76717fc087c72cfaa75b,1,0,121.2732,37.501691,18766518123,life,http://api.map.baidu.com/place/detail?uid=3fee76717fc087c72cfaa75b&output=html&source=placeapi_v2,,,,,,,,,,8,,,,,,,,121.27312888449,37.501538016114,0
347f58110a98cb9f704b8754,中国移动(玫瑰园营业厅),生活服务,通讯营业厅,山东省,烟台市,福山区,山东省烟台市福山区西山路365-33号,,1,0,121.258267,37.520318,15949880589,life,http://api.map.baidu.com/place/detail?uid=347f58110a98cb9f704b8754&output=html&source=placeapi_v2,,08:30-17:30,,,,,,,,10,,,,,,,,,,0
42f1a172caaeff39f603b899,中国移动社区服务站(永安店),生活服务,通讯营业厅,山东省,烟台市,福山区,山东省烟台市福山区西山路291号,42f1a172caaeff39f603b899,1,0,121.259297,37.510415,,life,http://api.map.baidu.com/place/detail?uid=42f1a172caaeff39f603b899&output=html&source=placeapi_v2,,08:30-17:30,,,,,,,,16,,,,,,,,121.25942166676,37.510415837281,0
65bc141538015b77b5147f84,中国移动(城西指定专营店),生活服务,通讯营业厅,山东省,烟台市,福山区,烟台市福山区西山路中国烟台赫尔曼格迈纳尔中学西南侧约40米,65bc141538015b77b5147f84,1,0,121.259276,37.513014,13562538000,life,http://api.map.baidu.com/place/detail?uid=65bc141538015b77b5147f84&output=html&source=placeapi_v2,,,,,,,,,,20,,,,,,,,121.25946560198,37.513010752632,0
78a2f5cd3c59de8f5d17c365,中国联通(百宝阁社区厅),生活服务,通讯营业厅,山东省,烟台市,福山区,山东省烟台市福山区豪德公馆365-75门市,,1,0,121.25844,37.518826,"(0535)3777678,18106383456",life,http://api.map.baidu.com/place/detail?uid=78a2f5cd3c59de8f5d17c365&output=html&source=placeapi_v2,,08:00-22:00,5,,,,,,,14,4,,,,,,,,,0
b9736c563f9209fa4d776e4f,中国移动(旗意手机卖场),生活服务,通讯营业厅,山东省,烟台市,福山区,山东省烟台市福山区太华路103-1号,b9736c563f9209fa4d776e4f,1,0,121.268065,37.526934,,life,http://api.map.baidu.com/place/detail?uid=b9736c563f9209fa4d776e4f&output=html&source=placeapi_v2,,,,,,,,,,11,,,,,,,,121.26824953419,37.526947431162,0
404d6bce94d9284fc61b756a,中国电信(阳光首院手机卖场),生活服务,通讯营业厅,山东省,烟台市,福山区,烟台市福山区盐场街阳光・首院,404d6bce94d9284fc61b756a,1,0,121.283151,37.523997,,life,http://api.map.baidu.com/place/detail?uid=404d6bce94d9284fc61b756a&output=html&source=placeapi_v2,,,,,,,,,,4,,,,,,,,121.28313312251,37.524181477235,0
23a47de6b008cd646f3e1bc5,中国移动社区服务站(小川店),生活服务,通讯营业厅,山东省,烟台市,福山区,烟台市福山区西山路66号,23a47de6b008cd646f3e1bc5,1,0,121.260278,37.497176,,life,http://api.map.baidu.com/place/detail?uid=23a47de6b008cd646f3e1bc5&output=html&source=placeapi_v2,,,,,,,,,,15,,,,,,,,121.26046429493,37.497194247149,0
efe1631f3faad72c5a3ac819,中国移动(手机专卖店宝信通讯店),生活服务,通讯营业厅,山东省,烟台市,芝罘区,山东省烟台市芝罘区锦绣北街143-2号,efe1631f3faad72c5a3ac819,1,0,121.324961,37.527527,(0535)2992000,life,http://api.map.baidu.com/place/detail?uid=efe1631f3faad72c5a3ac819&output=html&source=placeapi_v2,,08:00-18:00,0.0,,,,,,,28,,,,,,,,121.32512066405,37.52733390728,0
aacdd7740be7c04204fef56a,中国电信(锦程营业厅),生活服务,通讯营业厅,山东省,烟台市,芝罘区,山东省烟台市芝罘区锦绣街186-2号,aacdd7740be7c04204fef56a,1,0,121.326319,37.523856,(0535)2157789,life,http://api.map.baidu.com/place/detail?uid=aacdd7740be7c04204fef56a&output=html&source=placeapi_v2,,09:00-18:00,,,,,,,,13,1,,,,,,,121.3262400641,37.523852233961,0
e54fdd3b89e01a0c1e5800f3,中国联通(芝水联通营业厅),生活服务,通讯营业厅,山东省,烟台市,芝罘区,山东省烟台市芝罘区楚玉路150号,e54fdd3b89e01a0c1e5800f3,1,0,121.321357,37.52755,(0535)6839758,life,http://api.map.baidu.com/place/detail?uid=e54fdd3b89e01a0c1e5800f3&output=html&source=placeapi_v2,,09:00-18:00,1,,,,,,,14,1,,,,,,,121.32149898998,37.527586828952,0
7734a43e1943f7951f38943c,中国电信(蓁山营业厅),生活服务,通讯营业厅,山东省,烟台市,芝罘区,山东省烟台市芝罘区蓁山路47号,7734a43e1943f7951f38943c,1,0,121.35763,37.508846,(0535)2144736,life,http://api.map.baidu.com/place/detail?uid=7734a43e1943f7951f38943c&output=html&source=placeapi_v2,,08:30-17:00,4.0,,,,,,,19,,,,,,,,121.35767579291,37.508738262327,0
67f6180d0fa427713586f48f,中国移动(新时通店),生活服务,通讯营业厅,山东省,烟台市,芝罘区,烟台市芝罘区蓁山路200号30单元附2号,,1,0,121.356468,37.5064,13645455660,life,http://api.map.baidu.com/place/detail?uid=67f6180d0fa427713586f48f&output=html&source=placeapi_v2,,08:30-17:00,,,,,,,,10,,,,,,,,121.35639413643,37.506384855811,0
f6cad3e5c2364a692fb908f2,中国电信(通世路营业厅),生活服务,通讯营业厅,山东省,烟台市,芝罘区,山东省烟台市芝罘区机场路80号富有花园1楼,f6cad3e5c2364a692fb908f2,1,0,121.373445,37.509784,18153588066,life,http://api.map.baidu.com/place/detail?uid=f6cad3e5c2364a692fb908f2&output=html&source=placeapi_v2,,09:00-18:00,5,,,,,,,9,2,,,,,,,121.37343945952,37.509717355525,0
4f4a7834c44e7e8ec51b750f,中国电信(魁玉路营业厅),生活服务,通讯营业厅,山东省,烟台市,芝罘区,山东省烟台市芝罘区机场路207-1号西北方向180米,4f4a7834c44e7e8ec51b750f,1,0,121.36838,37.496111,(0535)2144336,life,http://api.map.baidu.com/place/detail?uid=4f4a7834c44e7e8ec51b750f&output=html&source=placeapi_v2,,08:30-17:30,5,,,,,,,13,1,,,,,,,121.36837779424,37.495951078939,0
013e61f202d56efbc5effbd4,中国联通(南尧营业厅),生活服务,通讯营业厅,山东省,烟台市,芝罘区,山东省烟台市芝罘区机场路129-8号,013e61f202d56efbc5effbd4,1,0,121.372969,37.516225,(0535)6015611,life,http://api.map.baidu.com/place/detail?uid=013e61f202d56efbc5effbd4&output=html&source=placeapi_v2,,09:00-18:00,,,,,,,,12,,,,,,,,121.37287798235,37.516235545458,0
1d6d1c8bfb0a8a3c353a7156,中国移动(鲁东大学营业厅),生活服务,通讯营业厅,山东省,烟台市,芝罘区,山东省烟台市芝罘区学院路4号,1d6d1c8bfb0a8a3c353a7156,1,0,121.366541,37.528004,,life,http://api.map.baidu.com/place/detail?uid=1d6d1c8bfb0a8a3c353a7156&output=html&source=placeapi_v2,,08:30-17:30,5,,,,,,,4,7,,,,,,,121.36631388343,37.527954301756,0
3c55f954f5893563c4f50d4f,中国联通(富顺苑西区营业厅),生活服务,通讯营业厅,山东省,烟台市,芝罘区,烟台市芝罘区青年南路富顺苑西区商业街,,1,0,121.367075,37.517891,"(0535)6692669,15506662303",life,http://api.map.baidu.com/place/detail?uid=3c55f954f5893563c4f50d4f&output=html&source=placeapi_v2,,08:30-17:30,,,,,,,,10,,,,,,,,121.3671525163,37.517899272011,0
139df6ce74f60c3ec07da278,中国电信(上尧营业厅),生活服务,通讯营业厅,山东省,烟台市,芝罘区,烟台市芝罘区机场路85号,139df6ce74f60c3ec07da278,1,0,121.374068,37.520841,18905453397,life,http://api.map.baidu.com/place/detail?uid=139df6ce74f60c3ec07da278&output=html&source=placeapi_v2,,08:30-18:30,5.0,,,,,,,17,3,,,,,,,121.3740897363,37.520834763005,0
cc325b1bc645a587a8f72940,中国电信(富甲营业厅),生活服务,通讯营业厅,山东省,烟台市,芝罘区,烟台市芝罘区桦林颐和苑魁玉花园,,1,0,121.351427,37.498697,,life,http://api.map.baidu.com/place/detail?uid=cc325b1bc645a587a8f72940&output=html&source=placeapi_v2,,,,,,,,,,1,,,,,,,,121.35142062485,37.498548382578,0
3c725314066b9c16eb12e447,中国移动(魁玉路),生活服务,通讯营业厅,山东省,烟台市,芝罘区,山东省烟台市芝罘区魁玉路71号,3c725314066b9c16eb12e447,1,0,121.367419,37.49569,18854515550,life,http://api.map.baidu.com/place/detail?uid=3c725314066b9c16eb12e447&output=html&source=placeapi_v2,,08:00-18:00,,,,,,,,13,,,,,,,,121.36743366886,37.495898514799,0
f356d265bc7e4e2bfda778c3,中国移动(惠安合作营业厅),生活服务,通讯营业厅,山东省,烟台市,芝罘区,烟台市芝罘区世回尧街道通世路惠安小区591-15号(振华量贩旁边),f356d265bc7e4e2bfda778c3,1,0,121.375327,37.508927,,life,http://api.map.baidu.com/place/detail?uid=f356d265bc7e4e2bfda778c3&output=html&source=placeapi_v2,,08:30-17:30,0,,,,,,,15,1,,,,,,,121.37497015295,37.509002959797,0
30a56d5514e4b6f4c236447e,中国联通(鲁东大学营业厅),生活服务,通讯营业厅,山东省,烟台市,芝罘区,山东省烟台市芝罘区世学路184号,30a56d5514e4b6f4c236447e,1,0,121.366314,37.528315,(0535)6658636,life,http://api.map.baidu.com/place/detail?uid=30a56d5514e4b6f4c236447e&output=html&source=placeapi_v2,,09:00-18:00,0,,,,,,,1,1,,,,,,,,,0
cf4f2e35dede14a9f82213c7,中国联通(鑫社区厅),生活服务,通讯营业厅,山东省,烟台市,芝罘区,烟台市芝罘区祥尧一街桦林小区西北侧,,1,0,121.371802,37.522292,"13031630639,4006781368",life,http://api.map.baidu.com/place/detail?uid=cf4f2e35dede14a9f82213c7&output=html&source=placeapi_v2,,09:00-18:00,,,,,,,,8,,,,,,,,,,0
06ca93d53ce56b81b21e3638,南尧新都汇-员工区域,生活服务,通讯营业厅,山东省,烟台市,芝罘区,山东省烟台市芝罘区机场路60号南尧新都汇F2,06ca93d53ce56b81b21e3638,1,0,121.373281,37.514214,,life,http://api.map.baidu.com/place/detail?uid=06ca93d53ce56b81b21e3638&output=html&source=placeapi_v2,,,,,,,,,,,,,,,,,,,,0
471a208a48ef7240e5e965b6,中国移动(惠城街店),生活服务,通讯营业厅,山东省,烟台市,芝罘区,烟台市芝罘区惠成街惠安小区,471a208a48ef7240e5e965b6,1,0,121.379765,37.512005,,life,http://api.map.baidu.com/place/detail?uid=471a208a48ef7240e5e965b6&output=html&source=placeapi_v2,,,,,,,,,,1,,,,,,,,,,0
805fb356302bd459e215f933,中国电信(奇山合作营业厅),生活服务,通讯营业厅,山东省,烟台市,芝罘区,山东省烟台市芝罘区奇山南街13-1号,,1,0,121.407612,37.524462,(0535)2126456,life,http://api.map.baidu.com/place/detail?uid=805fb356302bd459e215f933&output=html&source=placeapi_v2,,08:30-18:00,,,,,,,,11,,,,,,,,121.40759684083,37.524751498468,0
293632ebdc91cf3b09b93acc,中国联通(众和超市合作营业厅),生活服务,通讯营业厅,山东省,烟台市,芝罘区,奇山路9号,,1,0,121.405068,37.524816,,life,http://api.map.baidu.com/place/detail?uid=293632ebdc91cf3b09b93acc&output=html&source=placeapi_v2,,09:00-18:00,,,,,,,,4,,,,,,,,,,0
471a208a48ef7240e5e965b6,中国移动(惠城街店),生活服务,通讯营业厅,山东省,烟台市,芝罘区,烟台市芝罘区惠成街惠安小区,471a208a48ef7240e5e965b6,1,0,121.379765,37.512005,,life,http://api.map.baidu.com/place/detail?uid=471a208a48ef7240e5e965b6&output=html&source=placeapi_v2,,,,,,,,,,1,,,,,,,,,,0
26adb0efc3ef728c54bfff79,中国移动(观海路营业厅),生活服务,通讯营业厅,山东省,烟台市,莱山区,山东省烟台市莱山区观海路85号,26adb0efc3ef728c54bfff79,1,0,121.447485,37.510356,15863813417,life,http://api.map.baidu.com/place/detail?uid=26adb0efc3ef728c54bfff79&output=html&source=placeapi_v2,,08:30-17:30,,,,,,,,7,,,,,,,,121.44769895229,37.510256264606,0
b5a4cc34742c3c176849f3db,中国电信(观海路营业厅),生活服务,通讯营业厅,山东省,烟台市,莱山区,山东省烟台市莱山区观海路80号,b5a4cc34742c3c176849f3db,1,0,121.448143,37.505135,(0535)2104418,life,http://api.map.baidu.com/place/detail?uid=b5a4cc34742c3c176849f3db&output=html&source=placeapi_v2,,08:30-17:30,,,,,,,,5,,,,,,,,121.44809015177,37.505139771313,0
7bfa08fc4f48147c25d2bb0b,中国联通智慧生活馆,生活服务,通讯营业厅,山东省,烟台市,芝罘区,山东省烟台市芝罘区观海路149号,7bfa08fc4f48147c25d2bb0b,1,0,121.446524,37.498856,(0535)6886044,life,http://api.map.baidu.com/place/detail?uid=7bfa08fc4f48147c25d2bb0b&output=html&source=placeapi_v2,,08:30-17:00,1,,,,,,,11,4,,,,,,,121.44664582113,37.498891529204,0
aceee812b8de6fb533169b05,中国移动(天成合作营业厅),生活服务,通讯营业厅,山东省,烟台市,莱山区,山东省烟台市莱山区北门旁,aceee812b8de6fb533169b05,1,0,121.451306,37.521984,(0535)2989909,life,http://api.map.baidu.com/place/detail?uid=aceee812b8de6fb533169b05&output=html&source=placeapi_v2,,08:30-17:30,,,,,,,,4,,,,,,,,,,0
70a817b64090ab4cbea240cb,中国移动社区服务站(全通店),生活服务,通讯营业厅,山东省,烟台市,莱山区,山东省烟台市莱山区观海路85号6楼,70a817b64090ab4cbea240cb,1,0,121.448537,37.514682,18865675111,life,http://api.map.baidu.com/place/detail?uid=70a817b64090ab4cbea240cb&output=html&source=placeapi_v2,,,,,,,,,,1,,,,,,,,121.44865216044,37.514699738047,0
56430676648268fe3517dce5,中国移动(福新营业厅),生活服务,通讯营业厅,山东省,烟台市,福山区,山东省烟台市福山区沈海高速公路盛福苑13号楼,56430676648268fe3517dce5,1,0,121.206274,37.535694,(0535)4849345,life,http://api.map.baidu.com/place/detail?uid=56430676648268fe3517dce5&output=html&source=placeapi_v2,,08:30-17:30,,,,,,,,9,,,,,,,,,,0
eeddb6e846c158c89d95de02,中国联通橙网通讯营业厅,生活服务,通讯营业厅,山东省,烟台市,福山区,开发区香橙小区东门南侧E104号,eeddb6e846c158c89d95de02,1,0,121.231942,37.552359,(0535)6378366,life,http://api.map.baidu.com/place/detail?uid=eeddb6e846c158c89d95de02&output=html&source=placeapi_v2,,09:00-18:00,0.0,,,,,,,8,,,,,,,,121.23197821784,37.552346681243,0
824e9824b9774ec27ab55caa,中国电信(天山路营业厅),生活服务,通讯营业厅,山东省,烟台市,福山区,山东省烟台市福山区佰和悦府东门5号商业街105,,1,0,121.242898,37.552626,18905455244,life,http://api.map.baidu.com/place/detail?uid=824e9824b9774ec27ab55caa&output=html&source=placeapi_v2,,08:30-18:00,5,,,,,,,10,1,,,,,,,121.24362512786,37.55319030312,0
fcd74f9c5a90887a902ca3cf,中国电信(万科营业厅),生活服务,通讯营业厅,山东省,烟台市,福山区,山东省烟台市福山区梨景路7-37号,fcd74f9c5a90887a902ca3cf,1,0,121.232383,37.531027,,life,http://api.map.baidu.com/place/detail?uid=fcd74f9c5a90887a902ca3cf&output=html&source=placeapi_v2,,08:30-17:30,5,,,,,,,12,1,,,,,,,121.2327372797,37.531049378601,0
af102465d4f08b164e5547c5,中国电信(海信慧园营业厅),生活服务,通讯营业厅,山东省,烟台市,福山区,山东省烟台市福山区秦淮河路17号,af102465d4f08b164e5547c5,1,0,121.226657,37.558238,(0535)3413377,life,http://api.map.baidu.com/place/detail?uid=af102465d4f08b164e5547c5&output=html&source=placeapi_v2,,08:30-17:30,5,,,,,,,12,2,,,,,,,121.22655183722,37.558197481773,0
3ea4f1b86c35e723c9291538,中国移动(隆惠营业厅),生活服务,通讯营业厅,山东省,烟台市,福山区,山东省烟台市福山区秦淮河路隆惠农贸市场11号,3ea4f1b86c35e723c9291538,1,0,121.225559,37.557926,"13964548883,15154548966",life,http://api.map.baidu.com/place/detail?uid=3ea4f1b86c35e723c9291538&output=html&source=placeapi_v2,,08:00-21:00,0.0,,,,,,,5,,,,,,,,,,0
90ae8a2a8b0c6403ae31e5c4,中国电信(柳子河路营业厅),生活服务,通讯营业厅,山东省,烟台市,福山区,山东省烟台市福山区柳子河路46号花溪径小区1-103号,,1,0,121.250753,37.544969,18905454926,life,http://api.map.baidu.com/place/detail?uid=90ae8a2a8b0c6403ae31e5c4&output=html&source=placeapi_v2,,08:30-18:00,,,,,,,,4,,,,,,,,121.25090859971,37.5449757158,0
27c9d91068b41a2f9de321d0,中国移动移动宽带受理处(天山路营业厅),生活服务,通讯营业厅,山东省,烟台市,福山区,烟台市福山区天山路奇章新城,27c9d91068b41a2f9de321d0,1,0,121.24434,37.554175,,life,http://api.map.baidu.com/place/detail?uid=27c9d91068b41a2f9de321d0&output=html&source=placeapi_v2,,,,,,,,,,3,,,,,,,,,,0
d4b602f9fb9a3988e31103bb,中国联通(东林通讯),生活服务,通讯营业厅,山东省,烟台市,福山区,烟台市福山区天山路蜜橙小区,,1,0,121.24308,37.542929,,life,http://api.map.baidu.com/place/detail?uid=d4b602f9fb9a3988e31103bb&output=html&source=placeapi_v2,,,,,,,,,,1,,,,,,,,121.24323455091,37.542925780538,0
b967154d50881ce2c1f1cff8,中国联通(天山路营业厅),生活服务,通讯营业厅,山东省,烟台市,福山区,烟台市福山区天山路奇章新城西二门东北侧约40米,b967154d50881ce2c1f1cff8,1,0,121.244274,37.554759,13145351291,life,http://api.map.baidu.com/place/detail?uid=b967154d50881ce2c1f1cff8&output=html&source=placeapi_v2,,08:30-18:00,1,,,,,,,7,1,,,,,,,121.2441858825,37.554759921103,0
ac177d88fd0f9ea600ff2d95,中国联通(易无限社区营业厅),生活服务,通讯营业厅,山东省,烟台市,福山区,山东省烟台市福山区奇山路37号,ac177d88fd0f9ea600ff2d95,1,0,121.217156,37.559076,"(0535)6398868,13280990011",life,http://api.map.baidu.com/place/detail?uid=ac177d88fd0f9ea600ff2d95&output=html&source=placeapi_v2,,09:00-18:00,5,,,,,,,7,2,,,,,,,121.21715519977,37.558836466264,0
eb367503dc47686600ec0169,中国联通(电信路营业厅),生活服务,通讯营业厅,山东省,烟台市,福山区,山东省烟台市福山区永达街795号,eb367503dc47686600ec0169,1,0,121.271718,37.531438,(0535)6303532,life,http://api.map.baidu.com/place/detail?uid=eb367503dc47686600ec0169&output=html&source=placeapi_v2,,09:00-18:00,5,,,,,,,12,2,,,,,,,121.2717952188,37.530850444643,0
f7bedbc9c4e5b82909b93ad0,中国电信(鑫兴营业厅),生活服务,通讯营业厅,山东省,烟台市,福山区,山东省烟台市福山区柳子河路鑫兴佳苑北区4号楼2-103号网点,f7bedbc9c4e5b82909b93ad0,1,0,121.280185,37.548725,"(0535)2163222,18053557678",life,http://api.map.baidu.com/place/detail?uid=f7bedbc9c4e5b82909b93ad0&output=html&source=placeapi_v2,,08:30-17:30,,,,,,,,6,,,,,,,,,,0
575df40080f06ad4611c6732,中国电信(中心营业厅崇尚通讯),生活服务,通讯营业厅,山东省,烟台市,福山区,山东省烟台市福山区泰山路112号6楼,575df40080f06ad4611c6732,1,0,121.273762,37.554465,,life,http://api.map.baidu.com/place/detail?uid=575df40080f06ad4611c6732&output=html&source=placeapi_v2,,09:00-18:00,1,,,,,,,25,2,,,,,,,121.27363497813,37.554491753483,0
553799a9bca09f7a0bf5eb1c,中国移动社区服务站,生活服务,通讯营业厅,山东省,烟台市,福山区,山东省烟台市福山区金沙江路78号,553799a9bca09f7a0bf5eb1c,1,0,121.26313,37.545013,13793534748,life,http://api.map.baidu.com/place/detail?uid=553799a9bca09f7a0bf5eb1c&output=html&source=placeapi_v2,,,,,,,,,,11,,,,,,,,121.26312818129,37.545036264256,0
aa079952ed9b8dae86420ece,中国联通(万达营业厅),生活服务,通讯营业厅,山东省,烟台市,福山区,福莱山街道办事处烟台开发区万达华府西南角,aa079952ed9b8dae86420ece,1,0,121.25774,37.552311,(0535)6110001,life,http://api.map.baidu.com/place/detail?uid=aa079952ed9b8dae86420ece&output=html&source=placeapi_v2,,08:30-18:30,5,,,,,,,20,3,,,,,,,121.25749314856,37.552271054111,0
9b50ff2636237eaec5effbd3,中国联通(阳光合作营业厅),生活服务,通讯营业厅,山东省,烟台市,福山区,山东省烟台市福山区庐山路1888号(烟台开发区第八小学附近),9b50ff2636237eaec5effbd3,1,0,121.279087,37.547519,13255459577,life,http://api.map.baidu.com/place/detail?uid=9b50ff2636237eaec5effbd3&output=html&source=placeapi_v2,,09:00-18:00,0.0,,,,,,,28,,,,,,,,121.27887824187,37.54751214575,0
5ac860a1809159022afc4823,中国移动(国新合作营业厅),生活服务,通讯营业厅,山东省,烟台市,福山区,烟台市福山区金沙江路17-10号,5ac860a1809159022afc4823,1,0,121.270548,37.557418,,life,http://api.map.baidu.com/place/detail?uid=5ac860a1809159022afc4823&output=html&source=placeapi_v2,,08:30-17:30,1.0,,,,,,,9,3,,,,,,,121.27052208364,37.557260025013,0
5a0c2880f154d6771df74d61,中国移动通信天润合作营业厅,生活服务,通讯营业厅,山东省,烟台市,福山区,山东省烟台市福山区天府街676-11号,5a0c2880f154d6771df74d61,1,0,121.273272,37.526596,13589897668,life,http://api.map.baidu.com/place/detail?uid=5a0c2880f154d6771df74d61&output=html&source=placeapi_v2,,08:30-18:00,0,,,,,,,32,1,,,,,,,121.27326259906,37.526672748853,0
7e4f0d3279c9f2673a13fd1f,中国移动(高新产业区营业厅),生活服务,通讯营业厅,山东省,烟台市,福山区,烟台市福山区福海路998-16号斗球士台球楼下,7e4f0d3279c9f2673a13fd1f,1,0,121.26348,37.531314,,life,http://api.map.baidu.com/place/detail?uid=7e4f0d3279c9f2673a13fd1f&output=html&source=placeapi_v2,,09:00-18:30,,,,,,,,31,,,,,,,,121.26357567218,37.531321731391,0
c22193a2c37c60f2f503b80b,中国联通24小时自助服务厅(电信路营业厅),生活服务,通讯营业厅,山东省,烟台市,福山区,山东省烟台市福山区电信路1号,c22193a2c37c60f2f503b80b,1,0,121.271693,37.531142,,life,http://api.map.baidu.com/place/detail?uid=c22193a2c37c60f2f503b80b&output=html&source=placeapi_v2,,,1,,,,,,,2,1,,,,,,,,,0
3f647bfbec4ebc48c9e33cfc,中国联通(杨家台子社区营业厅),生活服务,通讯营业厅,山东省,烟台市,福山区,山东省烟台市福山区龙虎山路b-11号,85c08e7dfc442cc5a8f0cdae,1,0,121.281617,37.546828,,life,http://api.map.baidu.com/place/detail?uid=3f647bfbec4ebc48c9e33cfc&output=html&source=placeapi_v2,,09:00-18:00,1.5,,,,,,,20,2,,,,,,,,,0
681d7208aadfbb9c018972f5,中国联通,生活服务,通讯营业厅,山东省,烟台市,福山区,山东省烟台市福山区泰山路27号,681d7208aadfbb9c018972f5,1,0,121.273091,37.554384,(0535)6955695,life,http://api.map.baidu.com/place/detail?uid=681d7208aadfbb9c018972f5&output=html&source=placeapi_v2,,08:30-17:30,5,,,,,,,7,1,,,,,,,121.27336487833,37.55435457991,0
b73d3cd227b6e31de81e970c,中国移动(旭日店),生活服务,通讯营业厅,山东省,烟台市,福山区,山东省烟台市福山区鸿福街59-1号,b73d3cd227b6e31de81e970c,1,0,121.258709,37.535882,15265357888,life,http://api.map.baidu.com/place/detail?uid=b73d3cd227b6e31de81e970c&output=html&source=placeapi_v2,,08:30-17:30,,,,,,,,20,,,,,,,,,,0
90ae8a2a8b0c6403ae31e5c4,中国电信(柳子河路营业厅),生活服务,通讯营业厅,山东省,烟台市,福山区,山东省烟台市福山区柳子河路46号花溪径小区1-103号,,1,0,121.250753,37.544969,18905454926,life,http://api.map.baidu.com/place/detail?uid=90ae8a2a8b0c6403ae31e5c4&output=html&source=placeapi_v2,,08:30-18:00,,,,,,,,4,,,,,,,,121.25090859971,37.5449757158,0
89ac5da23b33cb3496f08cdd,中国电信(嘉陵江路营业厅),生活服务,通讯营业厅,山东省,烟台市,福山区,开发区嘉陵江路与凤台山路交叉口西北侧,,1,0,121.255382,37.546743,13361371377,life,http://api.map.baidu.com/place/detail?uid=89ac5da23b33cb3496f08cdd&output=html&source=placeapi_v2,,08:00-19:00,0,,,,,,,9,0,,,,,,,121.25533759801,37.546578892458,0
36a151f601f0bd0e51e5c529,中移通信技术工程有限公司(四川福山区项目部),生活服务,通讯营业厅,山东省,烟台市,福山区,山东省烟台市福山区永达街613号,36a151f601f0bd0e51e5c529,1,0,121.285114,37.53215,,life,http://api.map.baidu.com/place/detail?uid=36a151f601f0bd0e51e5c529&output=html&source=placeapi_v2,,,,,,,,,,1,1,,,,,,,121.28513047786,37.532039725086,0
b9736c563f9209fa4d776e4f,中国移动(旗意手机卖场),生活服务,通讯营业厅,山东省,烟台市,福山区,山东省烟台市福山区太华路103-1号,b9736c563f9209fa4d776e4f,1,0,121.268065,37.526934,,life,http://api.map.baidu.com/place/detail?uid=b9736c563f9209fa4d776e4f&output=html&source=placeapi_v2,,,,,,,,,,11,,,,,,,,121.26824953419,37.526947431162,0
93e7d65b73c46aec35b06c76,中移铁通烟台开发分公司,生活服务,通讯营业厅,山东省,烟台市,福山区,山东省烟台市福山区金沙江路78号3楼,,1,0,121.26493,37.556985,,life,http://api.map.baidu.com/place/detail?uid=93e7d65b73c46aec35b06c76&output=html&source=placeapi_v2,,,,,,,,,,,,,,,,,,,,0
02a8e060f5495a24c42ba1e8,中国电信(玺萌营业厅),生活服务,通讯营业厅,山东省,烟台市,芝罘区,山东省烟台市芝罘区德汇路99号楚盛现代城g4号楼4号,,1,0,121.307584,37.546985,,life,http://api.map.baidu.com/place/detail?uid=02a8e060f5495a24c42ba1e8&output=html&source=placeapi_v2,,08:30-17:30,,,,,,,,5,,,,,,,,,,0
dd24d0128c25767382288a26,中国联通(玺萌社区营业厅),生活服务,通讯营业厅,山东省,烟台市,芝罘区,山东省烟台市芝罘区玺萌橘子洲德惠路99号门头房D12室,,1,0,121.307416,37.546785,15615552567,life,http://api.map.baidu.com/place/detail?uid=dd24d0128c25767382288a26&output=html&source=placeapi_v2,,09:00-19:00,,,,,,,,6,,,,,,,,121.30725135705,37.546850970675,0
764672e5c18925ac94ec8446,中国移动(楚毓路营业厅),生活服务,通讯营业厅,山东省,烟台市,芝罘区,山东省烟台市芝罘区楚玉路145-2号,764672e5c18925ac94ec8446,1,0,121.32172,37.529481,,life,http://api.map.baidu.com/place/detail?uid=764672e5c18925ac94ec8446&output=html&source=placeapi_v2,,08:00-20:00,0.0,,,,,,,32,,,,,,,,121.32152415331,37.529481308564,0
5c17887ba9a3b06c018972f6,中国移动(德汇路营业厅),生活服务,通讯营业厅,山东省,烟台市,芝罘区,烟台市芝罘区德汇路玺萌・橘子洲(德汇路)东侧约40米,5c17887ba9a3b06c018972f6,1,0,121.306957,37.546294,,life,http://api.map.baidu.com/place/detail?uid=5c17887ba9a3b06c018972f6&output=html&source=placeapi_v2,,08:30-17:30,,,,,,,,7,,,,,,,,,,0
40bae96323a2bb9c9900509a,中国移动(优阳合作营业厅),生活服务,通讯营业厅,山东省,烟台市,芝罘区,山东省烟台市芝罘区只楚路付75号,,1,0,121.320388,37.543222,15963550728,life,http://api.map.baidu.com/place/detail?uid=40bae96323a2bb9c9900509a&output=html&source=placeapi_v2,,08:30-17:30,,,,,,,,10,1,,,,,,,121.32050833956,37.542996191429,0
f7ddc81dfa846c2ff23cba78,芝罘区楚毓路营业厅,生活服务,通讯营业厅,山东省,烟台市,芝罘区,山东省烟台市芝罘区孙家庄中街149号,,1,0,121.321378,37.531201,,life,http://api.map.baidu.com/place/detail?uid=f7ddc81dfa846c2ff23cba78&output=html&source=placeapi_v2,,,,,,,,,,2,1,,,,,,,,,0
970b4a87f80369da03ff2d47,中国电信(宫家岛营业厅),生活服务,通讯营业厅,山东省,烟台市,芝罘区,烟台市芝罘区红旗西路烟台市芝罘区宫家岛幼儿园东北侧约70米,970b4a87f80369da03ff2d47,1,0,121.304635,37.535172,,life,http://api.map.baidu.com/place/detail?uid=970b4a87f80369da03ff2d47&output=html&source=placeapi_v2,,,,,,,,,,4,,,,,,,,,,0
6d1ff571e7edf008c51b75dc,中国移动(飞达通讯城区便利店),生活服务,通讯营业厅,山东省,烟台市,芝罘区,烟台市芝罘区凤凰台路烟台市芝罘区凤凰台小学东北侧约30米,6d1ff571e7edf008c51b75dc,1,0,121.335242,37.546375,13791177855,life,http://api.map.baidu.com/place/detail?uid=6d1ff571e7edf008c51b75dc&output=html&source=placeapi_v2,,07:00-20:00,0,,,,,,,6,0,,,,,,,,,0
1bc68de55408d9cec72ba1e4,中国电信(白石路营业厅),生活服务,通讯营业厅,山东省,烟台市,芝罘区,山东省烟台市芝罘区白石路129-2号,1bc68de55408d9cec72ba1e4,1,0,121.373007,37.546047,(0535)2122456,life,http://api.map.baidu.com/place/detail?uid=1bc68de55408d9cec72ba1e4&output=html&source=placeapi_v2,,08:00-19:00,5,,,,,,,11,1,,,,,,,121.3729596994,37.545923257368,0
d8389cb87d706a013010afb9,中国移动(白石路合作厅),生活服务,通讯营业厅,山东省,烟台市,芝罘区,山东省烟台市芝罘区白春街3号,d8389cb87d706a013010afb9,1,0,121.376852,37.544037,15275525567,life,http://api.map.baidu.com/place/detail?uid=d8389cb87d706a013010afb9&output=html&source=placeapi_v2,,08:30-17:30,0.0,,,,,,,1,1,,,,,,,121.37702396231,37.543972169729,0
849974159e033ad19de32150,中国移动(茂鑫店),生活服务,通讯营业厅,山东省,烟台市,芝罘区,山东省烟台市芝罘区凤凰台南街58号,849974159e033ad19de32150,1,0,121.338504,37.545798,13791177855,life,http://api.map.baidu.com/place/detail?uid=849974159e033ad19de32150&output=html&source=placeapi_v2,,08:30-17:30,,,,,,,,,,,,,,,,121.3383941143,37.545808998865,0
dcd6bdc75080ead8cb213d4b,中国电信(新桥营业厅),生活服务,通讯营业厅,山东省,烟台市,芝罘区,山东省烟台市芝罘区新桥路7号,dcd6bdc75080ead8cb213d4b,1,0,121.360731,37.555404,(0535)2120003,life,http://api.map.baidu.com/place/detail?uid=dcd6bdc75080ead8cb213d4b&output=html&source=placeapi_v2,,08:30-17:30,0.0,,,,,,,15,,,,,,,,121.36046314957,37.555422146347,0
cebcb5af4f36add6e812e4e9,中国移动(青年路),生活服务,通讯营业厅,山东省,烟台市,芝罘区,山东省烟台市芝罘区白石路171号,cebcb5af4f36add6e812e4e9,1,0,121.377243,37.544974,15275525567,life,http://api.map.baidu.com/place/detail?uid=cebcb5af4f36add6e812e4e9&output=html&source=placeapi_v2,,08:30-17:30,5,,,,,,,17,2,,,,,,,121.37723049263,37.544909469103,0
1627b6ed5fa21e602bb97c03,中国电信天翼(楚凤一街营业厅),生活服务,通讯营业厅,山东省,烟台市,芝罘区,烟台市芝罘区楚凤一街金象泰温馨家园,,1,0,121.354982,37.550731,,life,http://api.map.baidu.com/place/detail?uid=1627b6ed5fa21e602bb97c03&output=html&source=placeapi_v2,,08:30-17:30,,,,,,,,1,,,,,,,,,,0
30a56d5514e4b6f4c236447e,中国联通(鲁东大学营业厅),生活服务,通讯营业厅,山东省,烟台市,芝罘区,山东省烟台市芝罘区世学路184号,30a56d5514e4b6f4c236447e,1,0,121.366314,37.528315,(0535)6658636,life,http://api.map.baidu.com/place/detail?uid=30a56d5514e4b6f4c236447e&output=html&source=placeapi_v2,,09:00-18:00,0,,,,,,,1,1,,,,,,,,,0
2f0dc89903b44cdad1f49eda,中国电信(珠玑营业厅),生活服务,通讯营业厅,山东省,烟台市,芝罘区,珠玑明珠路附23号,,1,0,121.345584,37.55831,18905459289,life,http://api.map.baidu.com/place/detail?uid=2f0dc89903b44cdad1f49eda&output=html&source=placeapi_v2,,09:00-18:00,,,,,,,,2,,,,,,,,,,0
3b93f899ae2260c7dbd89138,珠玑社区营业厅,生活服务,通讯营业厅,山东省,烟台市,芝罘区,烟台市芝罘区珠玑南路春天花园,,1,0,121.342465,37.55363,,life,http://api.map.baidu.com/place/detail?uid=3b93f899ae2260c7dbd89138&output=html&source=placeapi_v2,,,,,,,,,,2,,,,,,,,,,0
ff4a7d5b1c327481128824a2,营业厅,生活服务,通讯营业厅,山东省,烟台市,芝罘区,烟台市芝罘区胜利路烟台联通大厦,ff4a7d5b1c327481128824a2,1,0,121.403542,37.538482,,life,http://api.map.baidu.com/place/detail?uid=ff4a7d5b1c327481128824a2&output=html&source=placeapi_v2,,,,,,,,,,1,,,,,,,,,,0
655c3dbfd1a7051fd81318fb,中国移动(万达营业厅),生活服务,通讯营业厅,山东省,烟台市,芝罘区,烟台市芝罘区西关南街6号万达广场金街F1,655c3dbfd1a7051fd81318fb,1,0,121.398805,37.541496,4006789065,life,http://api.map.baidu.com/place/detail?uid=655c3dbfd1a7051fd81318fb&output=html&source=placeapi_v2,,08:30-17:30,,,,,,,,9,1,,,,,,,121.39832761255,37.541552115894,0
d5c3b86f4a4714c04d2fdffa,中国电信(华茂街营业厅),生活服务,通讯营业厅,山东省,烟台市,芝罘区,山东省烟台市芝罘区华茂街33号,d5c3b86f4a4714c04d2fdffa,1,0,121.399153,37.546188,(0535)2141419,life,http://api.map.baidu.com/place/detail?uid=d5c3b86f4a4714c04d2fdffa&output=html&source=placeapi_v2,,08:30-18:00,,,,,,,,5,,,,,,,,121.39914965821,37.546084587529,0
1cea15a99575cec407fef57f,中国移动通信(为民通讯指定专营店),生活服务,通讯营业厅,山东省,烟台市,芝罘区,山东省烟台市芝罘区毓璜顶街道西大街118号,1cea15a99575cec407fef57f,1,1,121.387692,37.550132,13583581251,life,http://api.map.baidu.com/place/detail?uid=1cea15a99575cec407fef57f&output=html&source=placeapi_v2,,08:30-17:30,1.2,,,,,,,11,8,,,,,,,121.38716117021,37.550219637208,1
9aeb8baedaf220bb3110af3d,中国电信,生活服务,通讯营业厅,山东省,烟台市,芝罘区,山东省烟台市芝罘区利丰街3-103号2楼,,1,0,121.390334,37.550272,15066765990,life,http://api.map.baidu.com/place/detail?uid=9aeb8baedaf220bb3110af3d&output=html&source=placeapi_v2,,09:00-18:00,5,,,,,,,11,2,,,,,,,121.39031050626,37.550178143271,0
8564ce6d3bd8482cad04578c,中国联通智慧生活馆,生活服务,通讯营业厅,山东省,烟台市,芝罘区,山东省烟台市芝罘区海港路29号华达大厦二楼,8564ce6d3bd8482cad04578c,1,0,121.392172,37.546922,,life,http://api.map.baidu.com/place/detail?uid=8564ce6d3bd8482cad04578c&output=html&source=placeapi_v2,,09:00-18:00,4.5,,,,,,,4,16,,,,,,,121.39212839634,37.546922653666,0
5ee790cc42bbdedccbc3db9f,中国电信(胜利路营业厅),生活服务,通讯营业厅,山东省,烟台市,芝罘区,山东省烟台市芝罘区向阳街道胜利路207号,5ee790cc42bbdedccbc3db9f,1,0,121.402648,37.537838,(0535)2144974,life,http://api.map.baidu.com/place/detail?uid=5ee790cc42bbdedccbc3db9f&output=html&source=placeapi_v2,,08:30-17:30,0,,,,,,,15,0,,,,,,,121.40278334323,37.53783867957,0
f918c00e5193b6e9f7e73b2b,中国联通5G智慧生活馆,生活服务,通讯营业厅,山东省,烟台市,芝罘区,山东省烟台市芝罘区胜利路318号,f918c00e5193b6e9f7e73b2b,1,0,121.403694,37.538438,(0535)6631060,life,http://api.map.baidu.com/place/detail?uid=f918c00e5193b6e9f7e73b2b&output=html&source=placeapi_v2,,09:00-18:00,1,,,,,,,18,5,,,,,,,121.40372218147,37.538773051835,0
229882ed54934afc38e4a6dc,中国移动(志成通讯合作营业厅),生活服务,通讯营业厅,山东省,烟台市,芝罘区,山东省烟台市芝罘区文化路44号,229882ed54934afc38e4a6dc,1,0,121.385605,37.542961,18853599203,life,http://api.map.baidu.com/place/detail?uid=229882ed54934afc38e4a6dc&output=html&source=placeapi_v2,,08:45-18:00,,,,,,,,8,,,,,,,,121.38552160725,37.542873883602,0
22e13053ca9025d778f796a7,中国移动通讯迎祥路指定专营店,生活服务,通讯营业厅,山东省,烟台市,芝罘区,山东省烟台市芝罘区迎祥路34-2号,22e13053ca9025d778f796a7,1,0,121.411912,37.534512,,life,http://api.map.baidu.com/place/detail?uid=22e13053ca9025d778f796a7&output=html&source=placeapi_v2,,08:30-17:30,0,,,,,,,1,0,,,,,,,121.41189749373,37.534651212438,0
b07332019919ea5e72455bfd,中国移动直营店(解放路营业厅),生活服务,通讯营业厅,山东省,烟台市,芝罘区,山东省烟台市芝罘区太平街11号,b07332019919ea5e72455bfd,1,0,121.410021,37.547787,(0535)6216666,life,http://api.map.baidu.com/place/detail?uid=b07332019919ea5e72455bfd&output=html&source=placeapi_v2,,08:30-17:30,4,,,,,,,9,1,,,,,,,121.40997029964,37.54767931412,0
31dd2838444b9a0ca8059dcc,POS机营业厅,生活服务,通讯营业厅,山东省,烟台市,芝罘区,山东省烟台市芝罘区大海阳路付41-2号,,1,0,121.385643,37.548517,15254568765,life,http://api.map.baidu.com/place/detail?uid=31dd2838444b9a0ca8059dcc&output=html&source=placeapi_v2,,,0,,,,,,,8,1,,,,,,,121.38546581529,37.548842792532,0
ef2bd2cc0057e7b88e772701,中国联通(北马路营业厅),生活服务,通讯营业厅,山东省,烟台市,芝罘区,山东省烟台市芝罘区前进路11号,ef2bd2cc0057e7b88e772701,1,0,121.386633,37.554115,,life,http://api.map.baidu.com/place/detail?uid=ef2bd2cc0057e7b88e772701&output=html&source=placeapi_v2,,09:00-18:00,2,,,,,,,7,3,,,,,,,121.38671177851,37.554243573323,0
34a6456fe5b6b57f7069d301,烟台市芝罘区辛庄街电信营业厅,生活服务,通讯营业厅,山东省,烟台市,芝罘区,山东省烟台市芝罘区辛庄街003号,,1,0,121.411622,37.537645,"(0535)2144937,18905454937",life,http://api.map.baidu.com/place/detail?uid=34a6456fe5b6b57f7069d301&output=html&source=placeapi_v2,,09:00-18:00,,,,,,,,3,1,,,,,,,,,0
24d055081bfc78ac1288242d,中国联通(环山路营业厅),生活服务,通讯营业厅,山东省,烟台市,芝罘区,山东省烟台市芝罘区环山路116号,24d055081bfc78ac1288242d,1,0,121.405885,37.534976,(0535)6609286,life,http://api.map.baidu.com/place/detail?uid=24d055081bfc78ac1288242d&output=html&source=placeapi_v2,,,4.5,,,,,,,25,4,,,,,,,121.40594927846,37.534713939858,0
9efd30366e390cd53c9a5e99,中国电信(四马路营业厅),生活服务,通讯营业厅,山东省,烟台市,芝罘区,山东省烟台市芝罘区南大街303号,9efd30366e390cd53c9a5e99,1,0,121.416065,37.53942,(0535)2154336,life,http://api.map.baidu.com/place/detail?uid=9efd30366e390cd53c9a5e99&output=html&source=placeapi_v2,,08:00-17:30,,,,,,,,8,1,,,,,,,121.41603681995,37.539157651594,0
dfb03d32111c58b2f4b9160b,铁通营业厅,生活服务,通讯营业厅,山东省,烟台市,芝罘区,山东烟台市芝罘区西大街88号4楼,dfb03d32111c58b2f4b9160b,1,0,121.383034,37.552547,,life,http://api.map.baidu.com/place/detail?uid=dfb03d32111c58b2f4b9160b&output=html&source=placeapi_v2,,09:00-18:00,,,,,,,,1,,,,,,,,,,0
f641368630c592918bdb7350,中国电信全网通,生活服务,通讯营业厅,山东省,烟台市,芝罘区,西大街88-8号附近,f641368630c592918bdb7350,1,0,121.382661,37.551862,,life,http://api.map.baidu.com/place/detail?uid=f641368630c592918bdb7350&output=html&source=placeapi_v2,,,,,,,,,,2,,,,,,,,,,0
a12baa40a0ee1a57e856fa7f,中国联通(罗锅桥营业厅),生活服务,通讯营业厅,山东省,烟台市,芝罘区,山东省烟台市芝罘区大海阳路137号,a12baa40a0ee1a57e856fa7f,1,0,121.386449,37.55047,,life,http://api.map.baidu.com/place/detail?uid=a12baa40a0ee1a57e856fa7f&output=html&source=placeapi_v2,,09:00-18:00,0,,,,,,,17,2,,,,,,,121.3863940739,37.550269396414,0
f784608a53044b8159f6be92,5G快选联通,生活服务,通讯营业厅,山东省,烟台市,芝罘区,烟台市芝罘区大海阳路烟台联通大楼,,1,0,121.38459,37.547777,,life,http://api.map.baidu.com/place/detail?uid=f784608a53044b8159f6be92&output=html&source=placeapi_v2,,,,,,,,,,3,,,,,,,,121.38448262171,37.547888080071,0
b12b433b2ca3022cc5effbb4,中国移动(鸿玉店),生活服务,通讯营业厅,山东省,烟台市,芝罘区,烟台市芝罘区经伦街时代广场,,1,0,121.389842,37.550096,,life,http://api.map.baidu.com/place/detail?uid=b12b433b2ca3022cc5effbb4&output=html&source=placeapi_v2,,08:30-17:30,,,,,,,,12,,,,,,,,,,0
96b185fd3f5e0b1b31870a70,中国联通(朝阳合作厅店),生活服务,通讯营业厅,山东省,烟台市,芝罘区,山东省烟台市芝罘区环山路116号5楼,96b185fd3f5e0b1b31870a70,1,0,121.404422,37.531477,18653591995,life,http://api.map.baidu.com/place/detail?uid=96b185fd3f5e0b1b31870a70&output=html&source=placeapi_v2,,09:00-18:00,0,,,,,,,11,0,,,,,,,121.40456267025,37.531482772549,0
628d3227f79a334f03ec0125,中移通信技术工程有限公司(四川)芝罘区项目部,生活服务,通讯营业厅,山东省,烟台市,芝罘区,山东省烟台市芝罘区西大街88号,,1,0,121.382921,37.552365,,life,http://api.map.baidu.com/place/detail?uid=628d3227f79a334f03ec0125&output=html&source=placeapi_v2,,,,,,,,,,,,,,,,,,,,0
a62c6882206100f62902e137,中国联合网络通信有限公司,生活服务,通讯营业厅,山东省,烟台市,芝罘区,山东省烟台市芝罘区大海阳路43号,,1,0,121.38457,37.547683,,life,http://api.map.baidu.com/place/detail?uid=a62c6882206100f62902e137&output=html&source=placeapi_v2,,09:00-17:30,,,,,,,,1,,,,,,,,,,0
7ef2b052318779f9b9df8fcf,中国联通社区营业厅(远传电讯大海阳路店),生活服务,通讯营业厅,山东省,烟台市,芝罘区,山东省烟台市芝罘区大海阳路74-3号,7ef2b052318779f9b9df8fcf,1,0,121.381091,37.537875,(0535)6281310,life,http://api.map.baidu.com/place/detail?uid=7ef2b052318779f9b9df8fcf&output=html&source=placeapi_v2,,08:30-17:30,0,,,,,,,21,0,,,,,,,121.38117914901,37.538014517886,0
5cab094b92d38802e856fa90,中国电信(青年路营业厅),生活服务,通讯营业厅,山东省,烟台市,芝罘区,烟台市芝罘区青年路三站汇通广场,,1,0,121.382593,37.553852,,life,http://api.map.baidu.com/place/detail?uid=5cab094b92d38802e856fa90&output=html&source=placeapi_v2,,,,,,,,,,1,,,,,,,,,,0
142bf5f7b59f20ddfbf0cb89,中国联通智慧生活服务站,生活服务,通讯营业厅,山东省,烟台市,芝罘区,山东省烟台市芝罘区四马路35-11号2,,1,0,121.418163,37.539097,,life,http://api.map.baidu.com/place/detail?uid=142bf5f7b59f20ddfbf0cb89&output=html&source=placeapi_v2,,09:00-18:00,,,,,,,,10,1,,,,,,,,,0
43cbda5e1d33af8afd0eb0dc,天和联动,生活服务,通讯营业厅,山东省,烟台市,芝罘区,烟台市芝罘区四马路进德小区东侧约120米,,1,0,121.418993,37.538666,,life,http://api.map.baidu.com/place/detail?uid=43cbda5e1d33af8afd0eb0dc&output=html&source=placeapi_v2,,,,,,,,,,4,,,,,,,,,,0
e1b0836fa1f5fa7196ca0715,中国移动(汽车站手机工厂店),生活服务,通讯营业厅,山东省,烟台市,芝罘区,北马路81号,e1b0836fa1f5fa7196ca0715,1,0,121.384585,37.554384,13583581251,life,http://api.map.baidu.com/place/detail?uid=e1b0836fa1f5fa7196ca0715&output=html&source=placeapi_v2,,,,,,,,,,1,,,,,,,,,,0
fca183d3fbc32e1d15764333,中国移动服务中心,生活服务,通讯营业厅,山东省,烟台市,芝罘区,烟台市芝罘区文化三巷文化路小学南侧约50米,fca183d3fbc32e1d15764333,1,0,121.387216,37.542062,,life,http://api.map.baidu.com/place/detail?uid=fca183d3fbc32e1d15764333&output=html&source=placeapi_v2,,,,,,,,,,5,,,,,,,,,,0
31f645b3f5290e4e0482c271,中国移动(长生合作营业厅),生活服务,通讯营业厅,山东省,烟台市,芝罘区,山东省烟台市芝罘区长生西路35号,31f645b3f5290e4e0482c271,1,0,121.437963,37.534727,,life,http://api.map.baidu.com/place/detail?uid=31f645b3f5290e4e0482c271&output=html&source=placeapi_v2,,08:30-17:30,,,,,,,,7,,,,,,,,121.43804706023,37.534708138005,0
6b990fe570465e06b1077dd6,中国移动通信(怡中手机专卖店),生活服务,通讯营业厅,山东省,烟台市,芝罘区,山东省烟台市芝罘区福山路73号,6b990fe570465e06b1077dd6,1,0,121.424813,37.538721,13589862388,life,http://api.map.baidu.com/place/detail?uid=6b990fe570465e06b1077dd6&output=html&source=placeapi_v2,,07:30-22:00,,,,,,,,2,,,,,,,,,,0
0b8649b438e6bf63fd0eb0ab,移动营业厅,生活服务,通讯营业厅,山东省,烟台市,福山区,山东省烟台市福山区烟台经济技术开发区天山路静海小区36号楼,,1,0,121.244046,37.571712,,life,http://api.map.baidu.com/place/detail?uid=0b8649b438e6bf63fd0eb0ab&output=html&source=placeapi_v2,,08:30-17:30,,,,,,,,4,,,,,,,,121.24401559317,37.571542365057,0
93b501e407388be5e9f85315,中国移动(金沙江路营业厅),生活服务,通讯营业厅,山东省,烟台市,福山区,山东烟台市福山区金沙江路222号,93b501e407388be5e9f85315,1,0,121.230598,37.567129,,life,http://api.map.baidu.com/place/detail?uid=93b501e407388be5e9f85315&output=html&source=placeapi_v2,,08:30-17:30,0.0,,,,,,,5,1,,,,,,,121.23079375262,37.567210263378,0
58f0e528973d2b8430169bb7,中国移动(立雪佳苑营业厅),生活服务,通讯营业厅,山东省,烟台市,福山区,山东省烟台市福山区奇山路2号,58f0e528973d2b8430169bb7,1,0,121.227402,37.563597,"(0535)6346999,18863886768",life,http://api.map.baidu.com/place/detail?uid=58f0e528973d2b8430169bb7&output=html&source=placeapi_v2,,08:30-17:30,5,,,,,,,2,6,,,,,,,,,0
7b8d8e096f63db8d725e8079,中国移动社区服务站(静海店),生活服务,通讯营业厅,山东省,烟台市,福山区,开发区静海小区36号楼九号网点,,1,0,121.244053,37.571664,15166888860,life,http://api.map.baidu.com/place/detail?uid=7b8d8e096f63db8d725e8079&output=html&source=placeapi_v2,,,,,,,,,,6,,,,,,,,121.24403054529,37.571540643188,0
a2967ed031c095ed49fd3f71,中国移动(彩云城长江路营业厅),生活服务,通讯营业厅,山东省,烟台市,福山区,烟台市福山区长江路18号彩云城F1,a2967ed031c095ed49fd3f71,1,0,121.27235,37.567991,(0535)6371567,life,http://api.map.baidu.com/place/detail?uid=a2967ed031c095ed49fd3f71&output=html&source=placeapi_v2,,08:30-18:00,0,,,,,,,19,2,,,,,,,121.27224476681,37.567285558009,0
fa96df7cb0de4fe44f6d4650,中国电信(黄河路营业厅),生活服务,通讯营业厅,山东省,烟台市,福山区,山东省烟台市福山区黄河路56号,fa96df7cb0de4fe44f6d4650,1,0,121.274504,37.572086,(0535)2161991,life,http://api.map.baidu.com/place/detail?uid=fa96df7cb0de4fe44f6d4650&output=html&source=placeapi_v2,,08:30-17:30,0,,,,,,,26,2,,,,,,,121.27449873032,37.572170728782,0
d52831f9cb45c0a62efaa746,天英通讯中国联通,生活服务,通讯营业厅,山东省,烟台市,福山区,山东省烟台市福山区长江路34号,d52831f9cb45c0a62efaa746,1,0,121.268901,37.567764,(0535)6395961,life,http://api.map.baidu.com/place/detail?uid=d52831f9cb45c0a62efaa746&output=html&source=placeapi_v2,,08:30-17:00,1.9,,,,,,,50,27,,,,,,,121.26886176626,37.567554458918,0
a2033fb14d6064e600ec0123,中国电信(长江路营业厅),生活服务,通讯营业厅,山东省,烟台市,福山区,山东省烟台市福山区泰山路49号,a2033fb14d6064e600ec0123,1,0,121.275826,37.569772,(0535)2164404,life,http://api.map.baidu.com/place/detail?uid=a2033fb14d6064e600ec0123&output=html&source=placeapi_v2,,08:00-18:00,,,,,,,,9,,,,,,,,121.27587075185,37.569777442296,0
f442cf860c192629a21de973,中国联通(德胜营业厅),生活服务,通讯营业厅,山东省,烟台市,福山区,山东省烟台市福山区长江路29号,f442cf860c192629a21de973,1,0,121.275735,37.568024,,life,http://api.map.baidu.com/place/detail?uid=f442cf860c192629a21de973&output=html&source=placeapi_v2,,09:00-18:00,4,,,,,,,34,1,,,,,,,121.27577166157,37.568021598499,0
578a92a7509ec6120482c21c,中国移动(泰山路营业厅),生活服务,通讯营业厅,山东省,烟台市,福山区,山东省烟台市福山区开发区长江路19号德胜商城1-北-45号,b61b40e4067a2dfb28d7aba3,1,0,121.275733,37.568246,18382115008,life,http://api.map.baidu.com/place/detail?uid=578a92a7509ec6120482c21c&output=html&source=placeapi_v2,,08:00-18:00,1.9,,,,,,,30,14,,,,,,,121.27580104466,37.568194603451,0
d18ba594f55f9b4a1d1d114a,中国移动(通顺店),生活服务,通讯营业厅,山东省,烟台市,福山区,山东省烟台市星海商业广场61-6-1-8号,d18ba594f55f9b4a1d1d114a,1,0,121.252409,37.570375,13964533595,life,http://api.map.baidu.com/place/detail?uid=d18ba594f55f9b4a1d1d114a&output=html&source=placeapi_v2,,08:30-17:30,0,,,,,,,18,1,,,,,,,121.25241861624,37.570444470913,0
38e48037ac807a34373a716e,宝通通信(长江路店),生活服务,通讯营业厅,山东省,烟台市,福山区,山东省烟台市福山区长江路40号金河大厦1楼,38e48037ac807a34373a716e,1,0,121.266127,37.568002,(0535)6389878,life,http://api.map.baidu.com/place/detail?uid=38e48037ac807a34373a716e&output=html&source=placeapi_v2,,09:00-19:00,,,,,,,,20,1,,,,,,,121.26611428356,37.567834814969,0
56e88cbab2175066a4c7563a,中国电信(泰山路营业厅),生活服务,通讯营业厅,山东省,烟台市,福山区,山东省烟台市福山区泰山路82号1楼,56e88cbab2175066a4c7563a,1,0,121.275468,37.562254,(0535)2164444,life,http://api.map.baidu.com/place/detail?uid=56e88cbab2175066a4c7563a&output=html&source=placeapi_v2,,08:30-18:00,0,,,,,,,30,3,,,,,,,121.27549779966,37.562405699297,0
58c8ab918e3e6314c6effb68,中国电信,生活服务,通讯营业厅,山东省,烟台市,福山区,烟台市福山区开发区金胜小区南门往西,,1,0,121.264033,37.562981,,life,http://api.map.baidu.com/place/detail?uid=58c8ab918e3e6314c6effb68&output=html&source=placeapi_v2,,08:30-17:30,,,,,,,,12,,,,,,,,121.26397033912,37.562695346481,0
1cea15a9384a7bb907fef547,中国移动(幸福路营业厅),生活服务,通讯营业厅,山东省,烟台市,芝罘区,山东省烟台市芝罘区幸芝路幸芝里165号,1cea15a9384a7bb907fef547,1,0,121.364133,37.578734,,life,http://api.map.baidu.com/place/detail?uid=1cea15a9384a7bb907fef547&output=html&source=placeapi_v2,,08:30-17:30,1,,,,,,,24,3,,,,,,,121.3640805513,37.578406567729,0
887862288cb40bcbb34c49a1,福盈社区营业厅,生活服务,通讯营业厅,山东省,烟台市,芝罘区,烟台市芝罘区福盈路开元盛世,,1,0,121.35634,37.581399,,life,http://api.map.baidu.com/place/detail?uid=887862288cb40bcbb34c49a1&output=html&source=placeapi_v2,,,,,,,,,,7,,,,,,,,121.35635790507,37.581511945166,0
137a1811f998814d6140a96a,中国联通(开元营业厅),生活服务,通讯营业厅,山东省,烟台市,芝罘区,山东省烟台市芝罘区开元路1号,137a1811f998814d6140a96a,1,0,121.354306,37.573322,"(0535)6527116,(0535)6538116",life,http://api.map.baidu.com/place/detail?uid=137a1811f998814d6140a96a&output=html&source=placeapi_v2,,09:00-18:00,0,,,,,,,14,1,,,,,,,,,0
3b4543feff65c3ff4e554710,中国电信(祥祯路营业厅),生活服务,通讯营业厅,山东省,烟台市,芝罘区,山东省烟台市芝罘区祥祯路93号,a34c35d981960b95cf06a441,1,0,121.360699,37.587024,,life,http://api.map.baidu.com/place/detail?uid=3b4543feff65c3ff4e554710&output=html&source=placeapi_v2,,09:00-18:00,,,,,,,,8,,,,,,,,,,0
9c103913d2d5ed1f0aa8d4fe,中国移动社区服务站,生活服务,通讯营业厅,山东省,烟台市,芝罘区,山东省烟台市芝罘区幸福中路68号,9c103913d2d5ed1f0aa8d4fe,1,0,121.359213,37.57278,13953566378,life,http://api.map.baidu.com/place/detail?uid=9c103913d2d5ed1f0aa8d4fe&output=html&source=placeapi_v2,,08:00-18:00,0,,,,,,,27,3,,,,,,,121.35920317189,37.572705458529,0
d0d1634d6a7cbceac9fa5fc0,联通祥和路营业厅,生活服务,通讯营业厅,山东省,烟台市,芝罘区,山东省烟台市芝罘区祥和路70一19号,,1,0,121.360447,37.573851,15563800678,life,http://api.map.baidu.com/place/detail?uid=d0d1634d6a7cbceac9fa5fc0&output=html&source=placeapi_v2,,09:00-18:00,,,,,,,,10,,,,,,,,121.36044769513,37.573824081526,0
1eeed546e28a598fb5147f69,中国联通(幸福中心营业厅),生活服务,通讯营业厅,山东省,烟台市,芝罘区,山东省烟台市芝罘区幸福路94号,1eeed546e28a598fb5147f69,1,1,121.364547,37.580232,(0535)6586190,life,http://api.map.baidu.com/place/detail?uid=1eeed546e28a598fb5147f69&output=html&source=placeapi_v2,,08:30-17:00,0,,,,,,,21,1,,,,,,,121.36463169856,37.580229499526,1
15f582456c5543480d3ddae7,中国移动社区服务站(开元店),生活服务,通讯营业厅,山东省,烟台市,芝罘区,山东省烟台市芝罘区幸福四村西街附162号,15f582456c5543480d3ddae7,1,0,121.354427,37.575949,,life,http://api.map.baidu.com/place/detail?uid=15f582456c5543480d3ddae7&output=html&source=placeapi_v2,,,,,,,,,,10,,,,,,,,121.35458454579,37.575974635013,0
af52de05c211ef6c9e95defd,中国电信(幸福中路营业厅),生活服务,通讯营业厅,山东省,烟台市,芝罘区,山东省烟台市芝罘区幸福中路福园小区23-13号,af52de05c211ef6c9e95defd,1,0,121.359719,37.572725,"(0535)2141410,18905453397",life,http://api.map.baidu.com/place/detail?uid=af52de05c211ef6c9e95defd&output=html&source=placeapi_v2,,08:00-20:30,5,,,,,,,24,4,,,,,,,,,0
41c06d3ace64d5aefa42b2ff,中国移动(福茂合作营业厅),生活服务,通讯营业厅,山东省,烟台市,芝罘区,山东省烟台市芝罘区福盈路099-7号,41c06d3ace64d5aefa42b2ff,1,0,121.366459,37.580352,,life,http://api.map.baidu.com/place/detail?uid=41c06d3ace64d5aefa42b2ff&output=html&source=placeapi_v2,,08:30-17:30,,,,,,,,18,,,,,,,,121.36646512035,37.580574848078,0
92ab1d4962aa22e0da2f28e0,中国联通(福河路营业厅),生活服务,通讯营业厅,山东省,烟台市,芝罘区,山东省烟台市芝罘区福河路62号,92ab1d4962aa22e0da2f28e0,1,0,121.356965,37.575638,"(0535)6809016,15589556357",life,http://api.map.baidu.com/place/detail?uid=92ab1d4962aa22e0da2f28e0&output=html&source=placeapi_v2,,07:30-21:00,0.0,,,,,,,14,,,,,,,,121.35709224647,37.575624825085,0
d5604d265a4df55b1f3894b0,中国移动(星韵店),生活服务,通讯营业厅,山东省,烟台市,芝罘区,山东省烟台市芝罘区福春街14号,d5604d265a4df55b1f3894b0,1,0,121.368771,37.570075,15864065046,life,http://api.map.baidu.com/place/detail?uid=d5604d265a4df55b1f3894b0&output=html&source=placeapi_v2,,08:00-21:30,,,,,,,,11,,,,,,,,,,0
fac204b26dc78a5538221c8e,中国联通(福成路营业厅),生活服务,通讯营业厅,山东省,烟台市,芝罘区,山东省烟台市芝罘区福成路11号,,1,0,121.357555,37.58602,,life,http://api.map.baidu.com/place/detail?uid=fac204b26dc78a5538221c8e&output=html&source=placeapi_v2,,09:00-18:00,,,,,,,,12,,,,,,,,121.35775930209,37.586136740017,0
6797829d25d4f780f942b2f5,中国联通(幸福中路营业厅),生活服务,通讯营业厅,山东省,烟台市,芝罘区,山东省烟台市芝罘区福松街1号,6797829d25d4f780f942b2f5,1,0,121.367314,37.571607,(0535)6698788,life,http://api.map.baidu.com/place/detail?uid=6797829d25d4f780f942b2f5&output=html&source=placeapi_v2,,09:00-18:00,0,,,,,,,14,1,,,,,,,,,0
a7c6704211fb2de56c3e1bf0,中国电信(幸国里营业厅),生活服务,通讯营业厅,山东省,烟台市,芝罘区,山东烟台市芝罘区幸福中路86-35号,a7c6704211fb2de56c3e1bf0,1,0,121.352849,37.572838,13356985508,life,http://api.map.baidu.com/place/detail?uid=a7c6704211fb2de56c3e1bf0&output=html&source=placeapi_v2,,,,,,,,,,,,,,,,,,,,0
317e8ad10ea0da933586f4e0,中国电信(龙海家园营业厅),生活服务,通讯营业厅,山东省,烟台市,芝罘区,烟台市芝罘区祥祯路海港小区,317e8ad10ea0da933586f4e0,1,0,121.370085,37.586679,,life,http://api.map.baidu.com/place/detail?uid=317e8ad10ea0da933586f4e0&output=html&source=placeapi_v2,,08:30-17:30,,,,,,,,2,,,,,,,,121.37010034895,37.586847429903,0
f33c82fd1a1e4c71ae080f38,中国联通(红英营业厅),生活服务,通讯营业厅,山东省,烟台市,芝罘区,幸福路047-付16号幸福五村,,1,0,121.368387,37.580225,,life,http://api.map.baidu.com/place/detail?uid=f33c82fd1a1e4c71ae080f38&output=html&source=placeapi_v2,,09:00-18:00,,,,,,,,4,,,,,,,,,,0
709f3e522397aa6317b54b4d,中国移动(嘉华营业厅),生活服务,通讯营业厅,山东省,烟台市,蓬莱区,山东省烟台市蓬莱区鑫柳路7号附近,709f3e522397aa6317b54b4d,1,0,121.061306,37.613275,15053596188,life,http://api.map.baidu.com/place/detail?uid=709f3e522397aa6317b54b4d&output=html&source=placeapi_v2,,,,,,,,,,7,,,,,,,,121.0609435167,37.613571818048,0
9ee7cc78b2fd7f7117c905bd,中国移动(嘉华营业厅),生活服务,通讯营业厅,山东省,烟台市,蓬莱区,天康大药房(中共蓬莱市大柳行镇委员会南)附近,,1,0,121.060901,37.612445,18205459928,life,http://api.map.baidu.com/place/detail?uid=9ee7cc78b2fd7f7117c905bd&output=html&source=placeapi_v2,,06:30-21:00,,,,,,,,3,,,,,,,,,,0
cb18edd1de37d2a031f71d1d,中国移动(北岛路营业厅),生活服务,通讯营业厅,山东省,烟台市,芝罘区,山东省烟台市芝罘区芝罘岛东路110号,cb18edd1de37d2a031f71d1d,1,0,121.404238,37.608086,,life,http://api.map.baidu.com/place/detail?uid=cb18edd1de37d2a031f71d1d&output=html&source=placeapi_v2,,,0.0,,,,,,,10,1,,,,,,,121.40431794577,37.608296021618,0
042ca9abea4ffa052fb908a7,伟龙通讯,生活服务,通讯营业厅,山东省,烟台市,芝罘区,芝罘岛东路146号,042ca9abea4ffa052fb908a7,1,0,121.403529,37.608338,,life,http://api.map.baidu.com/place/detail?uid=042ca9abea4ffa052fb908a7&output=html&source=placeapi_v2,,,,,,,,,,5,,,,,,,,121.40356545771,37.60844753984,0
1f3f4ab58cc86005eb56fa60,中国电信(佳苑街营业厅),生活服务,通讯营业厅,山东省,烟台市,芝罘区,山东省烟台市芝罘区佳苑街小区83号楼2单元西侧门头,1f3f4ab58cc86005eb56fa60,1,0,121.385313,37.61071,,life,http://api.map.baidu.com/place/detail?uid=1f3f4ab58cc86005eb56fa60&output=html&source=placeapi_v2,,08:30-17:30,5,,,,,,,5,1,,,,,,,121.38534614034,37.610540889435,0
11281738dfa39e692bd7ab3b,中国联通(佳苑街营业厅),生活服务,通讯营业厅,山东省,烟台市,芝罘区,山东省烟台市芝罘区佳苑街83号,,1,0,121.385629,37.610643,,life,http://api.map.baidu.com/place/detail?uid=11281738dfa39e692bd7ab3b&output=html&source=placeapi_v2,,09:00-18:00,,,,,,,,5,,,,,,,,121.38562807442,37.610514210578,0
