uid,name,cat_L1,cat_L2,province,city,area,address,street_id,detail,child_num,loc_lng,loc_lat,telephone,type,detail_url,price,shop_hours,overall_rating,taste_rating,service_rating,environment_rating,facility_rating,hygiene_rating,technology_rating,image_num,comment_num,groupon_num,discount_num,favorite_num,checkin_num,brand,content_tag,naviloc_lng,naviloc_lat,child_num
f979f98fc2ce4c1976e5b622,淡港邮政所(莲下线),生活服务,邮局,浙江省,宁波市,象山县,宁波市象山县西周淡港4805工厂内,,1,0,121.705911,29.525981,(0574)65860222,life,http://api.map.baidu.com/place/detail?uid=f979f98fc2ce4c1976e5b622&output=html&source=placeapi_v2,,"08:00-11:00,12:00-16:00",,,,,,,,,,,,,,,,,,0
a71e0104dc5e1969eb1e978a,杨村邮政所(沿海中线),生活服务,邮局,浙江省,宁波市,奉化区,浙江省宁波市奉化区车站路4号,,1,0,121.624273,29.565178,,life,http://api.map.baidu.com/place/detail?uid=a71e0104dc5e1969eb1e978a&output=html&source=placeapi_v2,,09:00-18:00,0.0,,,,,,,2,,,,,,,,,,0
c1188cadb07930aef11937a6,中国邮政(石沿邮政所),生活服务,邮局,浙江省,宁波市,奉化区,浙江省宁波市奉化区横大段北50米,,1,0,121.668332,29.555579,(0574)88789006,life,http://api.map.baidu.com/place/detail?uid=c1188cadb07930aef11937a6&output=html&source=placeapi_v2,,09:00-17:00,,,,,,,,,,,,,,,,,,0
29683361302da1d52b201a93,邮政服务站,生活服务,邮局,浙江省,宁波市,奉化区,宁波市奉化区,,1,0,121.557132,29.593818,,life,http://api.map.baidu.com/place/detail?uid=29683361302da1d52b201a93&output=html&source=placeapi_v2,,,,,,,,,,,,,,,,,,,,0
20d2a8350e332f0b1f3894ec,邮乐购裘村电商服务站,生活服务,邮局,浙江省,宁波市,奉化区,浙江省宁波市奉化区银河路80号,,1,0,121.629255,29.607259,,life,http://api.map.baidu.com/place/detail?uid=20d2a8350e332f0b1f3894ec&output=html&source=placeapi_v2,,,,,,,,,,,,,,,,,,,,0
d24e48eb84d7d3c9afee7a0c,中国邮政(松岙邮政所),生活服务,邮局,浙江省,宁波市,奉化区,浙江省宁波市奉化区振兴路193号,,1,0,121.704182,29.609665,(0574)59556586,life,http://api.map.baidu.com/place/detail?uid=d24e48eb84d7d3c9afee7a0c&output=html&source=placeapi_v2,,09:00-17:00,0.0,,,,,,,3,,,,,,,,,,0
c0e1442d196b9e965d0d0210,中国邮政(黄避岙邮电所),生活服务,邮局,浙江省,宁波市,象山县,浙江省宁波市象山县平桥路150号,,1,0,121.801882,29.580128,(0574)65760272,life,http://api.map.baidu.com/place/detail?uid=c0e1442d196b9e965d0d0210&output=html&source=placeapi_v2,,"08:00-11:00,13:30-16:30",,,,,,,,,,,,,,,,,,0
80c55af8cdffd70e97f08c60,中国邮政(岑晁邮政支局),生活服务,邮局,浙江省,宁波市,象山县,浙江省宁波市象山县泰和路241号,80c55af8cdffd70e97f08c60,1,0,121.860879,29.599339,(0574)65640096,life,http://api.map.baidu.com/place/detail?uid=80c55af8cdffd70e97f08c60&output=html&source=placeapi_v2,,"07:30-11:00,13:00-16:30",0,,,,,,,2,1,,,,,,,121.86096689109,29.599219783428,0
f696f3c24c8eefea1b11d532,中国邮政(班溪邮电所),生活服务,邮局,浙江省,宁波市,奉化区,兴镇路5号,,1,0,121.251156,29.644727,(0574)59556551,life,http://api.map.baidu.com/place/detail?uid=f696f3c24c8eefea1b11d532&output=html&source=placeapi_v2,,09:00-18:00,0.0,,,,,,,,0,,,,,,,,,0
f60a15edd73ea092bb17e7ef,中国邮政(棠云邮政所),生活服务,邮局,浙江省,宁波市,奉化区,宁波市奉化区农村信用合作联社(萧王庙信用社棠云分社)西北侧约100米,,1,0,121.324086,29.64081,,life,http://api.map.baidu.com/place/detail?uid=f60a15edd73ea092bb17e7ef&output=html&source=placeapi_v2,,09:00-17:00,0.0,,,,,,,2,,,,,,,,121.32433597343,29.640833066776,0
a0a6e033ff5c9c43f4b9168c,西溪村邮政便民服务站,生活服务,邮局,浙江省,宁波市,奉化区,宁波市奉化区南大路奉化区育才学校西侧,,1,0,121.413942,29.639746,13567477771,life,http://api.map.baidu.com/place/detail?uid=a0a6e033ff5c9c43f4b9168c&output=html&source=placeapi_v2,,09:00-17:00,,,,,,,,7,,,,,,,,121.41401417807,29.639788917584,0
d24e48eb84d7d3c9afee7a0c,中国邮政(松岙邮政所),生活服务,邮局,浙江省,宁波市,奉化区,浙江省宁波市奉化区振兴路193号,,1,0,121.704182,29.609665,(0574)59556586,life,http://api.map.baidu.com/place/detail?uid=d24e48eb84d7d3c9afee7a0c&output=html&source=placeapi_v2,,09:00-17:00,0.0,,,,,,,3,,,,,,,,,,0
963206ffdd17e169efdfca45,中国邮政(斑竹邮政所),生活服务,邮局,浙江省,宁波市,奉化区,宁波市奉化区浒溪线,963206ffdd17e169efdfca45,1,0,121.175937,29.65007,,life,http://api.map.baidu.com/place/detail?uid=963206ffdd17e169efdfca45&output=html&source=placeapi_v2,,09:00-17:00,,,,,,,,,,,,,,,,,,0
f696f3c24c8eefea1b11d532,中国邮政(班溪邮电所),生活服务,邮局,浙江省,宁波市,奉化区,兴镇路5号,,1,0,121.251156,29.644727,(0574)59556551,life,http://api.map.baidu.com/place/detail?uid=f696f3c24c8eefea1b11d532&output=html&source=placeapi_v2,,09:00-18:00,0.0,,,,,,,,0,,,,,,,,,0
4bcae1dc033218fec26c1429,中国邮政(锦屏邮政支局),生活服务,邮局,浙江省,宁波市,奉化区,浙江省宁波市奉化区南山路145号,4bcae1dc033218fec26c1429,1,0,121.41853,29.673852,11185,life,http://api.map.baidu.com/place/detail?uid=4bcae1dc033218fec26c1429&output=html&source=placeapi_v2,,09:00-17:00,,,,,,,,8,,,,,,,,121.41851822171,29.673765300257,0
1e3c7ed2c3c619a3077ce8e2,中国邮政(锦屏南路邮政所),生活服务,邮局,浙江省,宁波市,奉化区,浙江省宁波市奉化区锦屏南路23-2号,1e3c7ed2c3c619a3077ce8e2,1,0,121.41364,29.659854,(0574)59556541,life,http://api.map.baidu.com/place/detail?uid=1e3c7ed2c3c619a3077ce8e2&output=html&source=placeapi_v2,,"08:00-11:30,12:30-16:30",0.0,,,,,,,8,,,,,,,,,,0
a5097bfa4c6a211ef03cba0a,中国邮政(惠政东路邮政所),生活服务,邮局,浙江省,宁波市,奉化区,浙江省宁波市奉化区惠政东路75号,a5097bfa4c6a211ef03cba0a,1,0,121.425253,29.662733,11185,life,http://api.map.baidu.com/place/detail?uid=a5097bfa4c6a211ef03cba0a&output=html&source=placeapi_v2,,"08:00-11:30,12:30-16:30",0,,,,,,,12,2,,,,,,,121.42547249333,29.662873795069,0
21767a8b978341e15e17c38e,中国邮政速递物流(长春路店),生活服务,邮局,浙江省,宁波市,奉化区,宁波市奉化区锦屏街道长春路37幢3号,21767a8b978341e15e17c38e,1,0,121.417748,29.673763,11185,life,http://api.map.baidu.com/place/detail?uid=21767a8b978341e15e17c38e&output=html&source=placeapi_v2,,09:00-17:00,,,,,,,,8,,,,,,,,,,0
677fa89ceac2aa7da2046431,中国邮政(奉化区邮政局岳林支局),生活服务,邮局,浙江省,宁波市,奉化区,浙江省宁波市奉化区中山东路699号,677fa89ceac2aa7da2046431,1,0,121.443233,29.670783,11185,life,http://api.map.baidu.com/place/detail?uid=677fa89ceac2aa7da2046431&output=html&source=placeapi_v2,,"08:00-11:00,12:00-16:30",0,,,,,,,7,1,,,,,,,121.44337338834,29.67058175009,0
b3763f80156d6b0c94ec8430,岳林东路邮政所(城东经营部),生活服务,邮局,浙江省,宁波市,奉化区,浙江省宁波市奉化区岳林东路398~402号,b3763f80156d6b0c94ec8430,1,0,121.450099,29.664024,,life,http://api.map.baidu.com/place/detail?uid=b3763f80156d6b0c94ec8430&output=html&source=placeapi_v2,,08:00-18:00,,,,,,,,3,,,,,,,,121.45005619834,29.664115447866,0
79af97bc1e038bd2ab059d2f,中国邮政(金峰路邮政所),生活服务,邮局,浙江省,宁波市,奉化区,浙江宁波市奉化区金峰路南段67~71号,79af97bc1e038bd2ab059d2f,1,0,121.438648,29.662021,11185,life,http://api.map.baidu.com/place/detail?uid=79af97bc1e038bd2ab059d2f&output=html&source=placeapi_v2,,"08:00-11:30,12:00-16:30",,,,,,,,1,,,,,,,,121.43843427289,29.66205835702,0
7d4a52b8c1b442715a3ac8c7,明化村村邮站,生活服务,邮局,浙江省,宁波市,奉化区,浙江省宁波市奉化区孙家199号,,1,0,121.441751,29.657304,,life,http://api.map.baidu.com/place/detail?uid=7d4a52b8c1b442715a3ac8c7&output=html&source=placeapi_v2,,,,,,,,,,,,,,,,,,,,0
ec64b638eaef12f2dbeceddf,中国邮政(金峨邮政所),生活服务,邮局,浙江省,宁波市,鄞州区,鄞州区宁裘线,,1,0,121.589702,29.664263,,life,http://api.map.baidu.com/place/detail?uid=ec64b638eaef12f2dbeceddf&output=html&source=placeapi_v2,,09:00-18:00,,,,,,,,,,,,,,,,,,0
fd30b1eb5d3766e6e215f9dc,中国邮政(奉化区公路邮局营业部),生活服务,邮局,浙江省,宁波市,奉化区,浙江省宁波市奉化区中兴中路119号,fd30b1eb5d3766e6e215f9dc,1,0,121.290937,29.695148,(0574)59556559,life,http://api.map.baidu.com/place/detail?uid=fd30b1eb5d3766e6e215f9dc&output=html&source=placeapi_v2,,"07:30-11:00,12:00-16:30",0.0,,,,,,,11,1,,,,,,,121.29087295144,29.695250723782,0
365d0610ec39ae49ab0dd89b,中国邮政服务站(龙溪线),生活服务,邮局,浙江省,宁波市,奉化区,宁波市奉化区龙溪线任宋小区南侧约140米,365d0610ec39ae49ab0dd89b,1,0,121.304427,29.701121,,life,http://api.map.baidu.com/place/detail?uid=365d0610ec39ae49ab0dd89b&output=html&source=placeapi_v2,,09:00-17:00,0.0,,,,,,,1,,,,,,,,121.30427812022,29.701037640646,0
9781e6d6abea8dd658f6be1e,畸山邮政所,生活服务,邮局,浙江省,宁波市,奉化区,浙江省宁波市奉化区溪口镇畸山小区1幢5号,,1,0,121.320275,29.703662,(0574)88806044,life,http://api.map.baidu.com/place/detail?uid=9781e6d6abea8dd658f6be1e&output=html&source=placeapi_v2,,07:50-16:25,,,,,,,,,,,,,,,,,,0
88573176eb55a35e2bb97cf3,中国邮政(萧王庙邮政支局),生活服务,邮局,浙江省,宁波市,奉化区,浙江省宁波市奉化区岭东西路35号,,1,0,121.362713,29.707685,(0574)59556563,life,http://api.map.baidu.com/place/detail?uid=88573176eb55a35e2bb97cf3&output=html&source=placeapi_v2,,"08:00-11:00,12:00-16:30",0.0,,,,,,,8,,,,,,,,121.3625988798,29.707735311447,0
ab8ad8fad5eda6d7ce04eff7,中国邮政(三横邮政所),生活服务,邮局,浙江省,宁波市,奉化区,浙江省宁波市奉化区锦屏街道汇茂路183、185号,ab8ad8fad5eda6d7ce04eff7,1,0,121.426922,29.708827,(0574)59556543,life,http://api.map.baidu.com/place/detail?uid=ab8ad8fad5eda6d7ce04eff7&output=html&source=placeapi_v2,,"08:00-11:30,12:00-16:30",0,,,,,,,9,1,,,,,,,121.42703037697,29.708855964693,0
1d054ed8e8f90bfa84330474,中国邮政(西坞支局),生活服务,邮局,浙江省,宁波市,奉化区,浙江省宁波市奉化区西坞南路86号,1d054ed8e8f90bfa84330474,1,1,121.495028,29.68269,(0574)88536460,life,http://api.map.baidu.com/place/detail?uid=1d054ed8e8f90bfa84330474&output=html&source=placeapi_v2,,09:00-17:00,0,,,,,,,6,1,,,,,,,121.49504145002,29.682504622775,1
b888995c5f212101c8213d25,中国邮政(泰桥村村邮站),生活服务,邮局,浙江省,宁波市,奉化区,浙江省宁波市奉化区赵家点60号,b888995c5f212101c8213d25,1,0,121.531931,29.692406,,life,http://api.map.baidu.com/place/detail?uid=b888995c5f212101c8213d25&output=html&source=placeapi_v2,,09:00-17:00,0.0,,,,,,,1,,,,,,,,121.5317389755,29.692307030387,0
6c3f15a0a10bf3aad0ff2377,中国邮政(白杜村村邮站),生活服务,邮局,浙江省,宁波市,奉化区,宁波市奉化区街西河东45号,6c3f15a0a10bf3aad0ff2377,1,0,121.55625,29.687112,11185,life,http://api.map.baidu.com/place/detail?uid=6c3f15a0a10bf3aad0ff2377&output=html&source=placeapi_v2,,"08:00-11:00,13:00-16:00",,,,,,,,,,,,,,,,,,0
ef6ab8d5b55e31d77ab55c4e,中国邮政(育\村村邮站),生活服务,邮局,浙江省,宁波市,鄞州区,宁波市鄞州区管大线塘溪镇中心幼儿园(亚大分园)东侧约200米,,1,0,121.720843,29.690827,,life,http://api.map.baidu.com/place/detail?uid=ef6ab8d5b55e31d77ab55c4e&output=html&source=placeapi_v2,,,0.0,,,,,,,2,1,,,,,,,,,0
750ec165c97d85554c3a5966,中国邮政(咸祥邮政支局),生活服务,邮局,浙江省,宁波市,鄞州区,浙江省宁波市鄞州区咸祥中路105号,750ec165c97d85554c3a5966,1,0,121.7851,29.693732,(0574)88403151,life,http://api.map.baidu.com/place/detail?uid=750ec165c97d85554c3a5966&output=html&source=placeapi_v2,,"08:00-11:30,12:30-16:30",0.0,,,,,,,5,1,,,,,,,121.78497592765,29.693695725782,0
e30d9da4822c9b871329354c,中国邮政(大嵩邮政所),生活服务,邮局,浙江省,宁波市,鄞州区,宁波市鄞州区古城路71号,,1,0,121.790184,29.713138,(0574)88310315,life,http://api.map.baidu.com/place/detail?uid=e30d9da4822c9b871329354c&output=html&source=placeapi_v2,,09:00-17:00,0.0,,,,,,,,0,,,,,,,,,0
04bdf4a3050db532354aae38,奉化市邮政局江口支局(奉化区邮政局江口支局),生活服务,邮局,浙江省,宁波市,奉化区,浙江省宁波市奉化区江宁路82号,04bdf4a3050db532354aae38,1,0,121.415977,29.733045,(0574)59556567,life,http://api.map.baidu.com/place/detail?uid=04bdf4a3050db532354aae38&output=html&source=placeapi_v2,,09:00-17:00,0.0,,,,,,,5,1,,,,,,,121.41620575156,29.733000665697,0
fb7d135ef0bd7054b11e36b2,茅东村村邮站,生活服务,邮局,浙江省,宁波市,鄞州区,宁波市鄞州区振兴路虎啸周菜市场西南侧约250米,,1,0,121.506586,29.739924,,life,http://api.map.baidu.com/place/detail?uid=fb7d135ef0bd7054b11e36b2&output=html&source=placeapi_v2,,,,,,,,,,1,,,,,,,,121.50658196563,29.739864311705,0
1771494d1f9ecb19a80dd88b,黎山后村村邮站北门,生活服务,邮局,浙江省,宁波市,鄞州区,宁波市鄞州区蔡郎桥西路黎山嘉苑东侧约30米,,1,0,121.539577,29.725984,,life,http://api.map.baidu.com/place/detail?uid=1771494d1f9ecb19a80dd88b&output=html&source=placeapi_v2,,,,,,,,,,,,,,,,,,121.53959381817,29.726119965628,0
8f62c36db8289aa884330428,中国邮政(邮政储蓄),生活服务,邮局,浙江省,宁波市,鄞州区,浙江省宁波市鄞州区人民路136号,8f62c36db8289aa884330428,1,0,121.600981,29.729644,(0574)88471581,life,http://api.map.baidu.com/place/detail?uid=8f62c36db8289aa884330428&output=html&source=placeapi_v2,,08:00-16:30,0.0,,,,,,,8,2,,,,,,,121.60091904855,29.729644181666,0
3f83e46af105a3e3d7851fd6,垃圾分类投放点,生活服务,邮局,浙江省,宁波市,鄞州区,宁波市鄞州区横溪大街正始中学西北侧约70米,,1,0,121.603026,29.727188,,life,http://api.map.baidu.com/place/detail?uid=3f83e46af105a3e3d7851fd6&output=html&source=placeapi_v2,,,,,,,,,,,,,,,,,,,,0
a7a32dec88b588dfe31103eb,中国邮局,生活服务,邮局,浙江省,宁波市,鄞州区,浙江省宁波市鄞州区振兴路5号,,1,0,121.831966,29.727708,,life,http://api.map.baidu.com/place/detail?uid=a7a32dec88b588dfe31103eb&output=html&source=placeapi_v2,,,,,,,,,,,,,,,,,,,,0
d219bb1d477d32f6f50e7706,中国邮政(滨海邮政所),生活服务,邮局,浙江省,宁波市,鄞州区,宁波市鄞州区合兴路1-80号,,1,0,121.864656,29.724942,(0574)88197315,life,http://api.map.baidu.com/place/detail?uid=d219bb1d477d32f6f50e7706&output=html&source=placeapi_v2,,09:00-18:00,2.3,,,,,,,9,3,,,,,,,121.86446931779,29.724707617639,0
ffa2fc60eb28102bca09f065,中国邮政(龙观邮政所),生活服务,邮局,浙江省,宁波市,海曙区,浙江省宁波市海曙区龙兴路59号,,1,0,121.326952,29.774411,(0574)88436825,life,http://api.map.baidu.com/place/detail?uid=ffa2fc60eb28102bca09f065&output=html&source=placeapi_v2,,09:00-18:00,,,,,,,,2,,,,,,,,121.3269615228,29.774553745296,0
a12baa4089090128e856fa19,中国邮政(鄞江邮政支局),生活服务,邮局,浙江省,宁波市,海曙区,浙江省宁波市海曙区四明东路130号,a12baa4089090128e856fa19,1,0,121.366916,29.780841,11185,life,http://api.map.baidu.com/place/detail?uid=a12baa4089090128e856fa19&output=html&source=placeapi_v2,,"08:00-11:30,12:30-16:30",1,,,,,,,6,4,,,,,,,121.36677285635,29.780953824694,0
8e59b48b727c127c8a36ee42,中国邮政王伯桥村村邮站,生活服务,邮局,浙江省,宁波市,鄞州区,浙江省宁波市鄞州区姜山镇王伯桥村明光路中国邮政,8e59b48b727c127c8a36ee42,1,0,121.518006,29.760132,,life,http://api.map.baidu.com/place/detail?uid=8e59b48b727c127c8a36ee42&output=html&source=placeapi_v2,,09:00-17:00,0,,,,,,,,0,,,,,,,121.51801930727,29.76005783294,0
8fd3723cc9a175bf725e8091,中国邮政(郁家村村邮站),生活服务,邮局,浙江省,宁波市,鄞州区,宁波市鄞州区朝阳路明州幼儿园东北侧约100米,8fd3723cc9a175bf725e8091,1,0,121.531744,29.77737,,life,http://api.map.baidu.com/place/detail?uid=8fd3723cc9a175bf725e8091&output=html&source=placeapi_v2,,09:00-17:00,,,,,,,,1,,,,,,,,121.5317553049,29.777133315388,0
2e8c7b261c98062c13293559,仪门村村邮站,生活服务,邮局,浙江省,宁波市,鄞州区,浙江省宁波市鄞州区仙岩寺路16号,,1,0,121.539345,29.772622,,life,http://api.map.baidu.com/place/detail?uid=2e8c7b261c98062c13293559&output=html&source=placeapi_v2,,,,,,,,,,2,,,,,,,,,,0
768dd62713fc818875e5b641,陈介桥村村邮站,生活服务,邮局,浙江省,宁波市,鄞州区,宁波市鄞州区陈鉴桥村农贸市场西北侧约130米,768dd62713fc818875e5b641,1,0,121.563761,29.769878,,life,http://api.map.baidu.com/place/detail?uid=768dd62713fc818875e5b641&output=html&source=placeapi_v2,,,,,,,,,,1,,,,,,,,121.56383475314,29.769552126921,0
06d2dffd45ca9cf788f15d18,云龙邮政局,生活服务,邮局,浙江省,宁波市,鄞州区,浙江省宁波市鄞州区云莫东路31号,06d2dffd45ca9cf788f15d18,1,0,121.608253,29.775733,(0574)88342377,life,http://api.map.baidu.com/place/detail?uid=06d2dffd45ca9cf788f15d18&output=html&source=placeapi_v2,,09:00-17:00,,,,,,,,10,,,,,,,,121.6082577139,29.7756080894,0
0cdc71653282779c4c3a593b,中国邮政(洞桥邮政所),生活服务,邮局,浙江省,宁波市,海曙区,浙江省宁波市海曙区荷晓东路858号,0cdc71653282779c4c3a593b,1,0,121.421193,29.790154,(0574)82819551,life,http://api.map.baidu.com/place/detail?uid=0cdc71653282779c4c3a593b&output=html&source=placeapi_v2,,00:00-24:00,0,,,,,,,8,1,,,,,,,,,0
3aab2d769166c23b6d20b93c,胡家渡村村邮站,生活服务,邮局,浙江省,宁波市,奉化区,G1501宁波绕城高速附近,3aab2d769166c23b6d20b93c,1,0,121.468425,29.789498,,life,http://api.map.baidu.com/place/detail?uid=3aab2d769166c23b6d20b93c&output=html&source=placeapi_v2,,,0.0,,,,,,,1,0,,,,,,,,,0
b145e1b72bf6aadec26c1463,中国邮政邮政服务站,生活服务,邮局,浙江省,宁波市,海曙区,机场路南延,b145e1b72bf6aadec26c1463,1,0,121.49398,29.810025,,life,http://api.map.baidu.com/place/detail?uid=b145e1b72bf6aadec26c1463&output=html&source=placeapi_v2,,,,,,,,,,1,,,,,,,,,,0
9cb7631de9bb1e123617dcd8,邮电所,生活服务,邮局,浙江省,宁波市,海曙区,宁波市海曙区栎社街海曙区栎社小学西北侧约40米,,1,0,121.490715,29.812062,,life,http://api.map.baidu.com/place/detail?uid=9cb7631de9bb1e123617dcd8&output=html&source=placeapi_v2,,,,,,,,,,,,,,,,,,,,0
a278f264ea3b85c2774ff193,中国邮政速递物流,生活服务,邮局,浙江省,宁波市,鄞州区,浙江省宁波市鄞州区泰安西路117弄4号,a278f264ea3b85c2774ff193,1,0,121.540023,29.801798,(0574)88148299,life,http://api.map.baidu.com/place/detail?uid=a278f264ea3b85c2774ff193&output=html&source=placeapi_v2,,07:00-02:30,0,,,,,,,6,1,,,,,,,121.54014695607,29.801788724206,0
d8444e108dbabd6edc1e5260,诺丁汉邮政所,生活服务,邮局,浙江省,宁波市,鄞州区,浙江省宁波市鄞州区泰康东路199号,d8444e108dbabd6edc1e5260,1,0,121.573148,29.806752,(0574)88149066,life,http://api.map.baidu.com/place/detail?uid=d8444e108dbabd6edc1e5260&output=html&source=placeapi_v2,,"08:00-11:30,12:00-16:30",,,,,,,,,,,,,,,,,,0
edd64ce15b6b44903fe23117,中国邮政(东吴邮政支局),生活服务,邮局,浙江省,宁波市,鄞州区,浙江省宁波市鄞州区镇南路9号,edd64ce15b6b44903fe23117,1,0,121.74771,29.820283,(0574)88337101,life,http://api.map.baidu.com/place/detail?uid=edd64ce15b6b44903fe23117&output=html&source=placeapi_v2,,"08:00-11:30,13:30-16:30",0.0,,,,,,,5,,,,,,,,121.74784878127,29.8202746747,0
ab7d301e1ba144d0ab0dd8d2,中国邮政(宁波邮区中心局空港处理中心),生活服务,邮局,浙江省,宁波市,海曙区,浙江省宁波市海曙区杉杉路88号,441cb6c06d1f47064e554785,1,0,121.462038,29.845537,,life,http://api.map.baidu.com/place/detail?uid=ab7d301e1ba144d0ab0dd8d2&output=html&source=placeapi_v2,,,,,,,,,,,,,,,,,,121.46187730147,29.845620854405,0
070628ac575ee1fc5dd4fea8,中国邮政(布政邮政所),生活服务,邮局,浙江省,宁波市,海曙区,浙江省宁波市海曙区古林镇段梅路张家潭村,070628ac575ee1fc5dd4fea8,1,0,121.478704,29.842527,(0574)88151066,life,http://api.map.baidu.com/place/detail?uid=070628ac575ee1fc5dd4fea8&output=html&source=placeapi_v2,,09:00-17:00,0.0,,,,,,,7,,,,,,,,121.47878459782,29.842504572402,0
1dcc0c8507fea64b09b93abf,中国邮政(古林邮政支局),生活服务,邮局,浙江省,宁波市,海曙区,浙江省宁波市海曙区环城路2号,1dcc0c8507fea64b09b93abf,1,0,121.442662,29.838473,(0574)88156166,life,http://api.map.baidu.com/place/detail?uid=1dcc0c8507fea64b09b93abf&output=html&source=placeapi_v2,,09:00-18:00,,,,,,,,7,,,,,,,,121.44278970087,29.838377405948,0
4133dbc6e09b0deb6fc02c96,中国邮政浙江村邮服务站,生活服务,邮局,浙江省,宁波市,海曙区,宁波市海曙区古林镇布政幼儿园西侧约170米,4133dbc6e09b0deb6fc02c96,1,0,121.475985,29.843925,,life,http://api.map.baidu.com/place/detail?uid=4133dbc6e09b0deb6fc02c96&output=html&source=placeapi_v2,,,,,,,,,,1,,,,,,,,121.47595334906,29.843847813496,0
e8ec09a0e7878cb7283a9f4e,古林村村邮站,生活服务,邮局,浙江省,宁波市,海曙区,浙江省宁波市海曙区古林中心路54号,e8ec09a0e7878cb7283a9f4e,1,0,121.443462,29.835788,,life,http://api.map.baidu.com/place/detail?uid=e8ec09a0e7878cb7283a9f4e&output=html&source=placeapi_v2,,,,,,,,,,,,,,,,,,121.44340446163,29.835726559292,0
ca74010183214211b5f42f26,布政村村邮站,生活服务,邮局,浙江省,宁波市,海曙区,宁波市海曙区古林镇布政幼儿园西侧约160米,ca74010183214211b5f42f26,1,0,121.476043,29.844051,,life,http://api.map.baidu.com/place/detail?uid=ca74010183214211b5f42f26&output=html&source=placeapi_v2,,,,,,,,,,,,,,,,,,121.47610210845,29.844031002325,0
f0b448ecb3bfb67da8059dde,中国邮政(启运路邮政所),生活服务,邮局,浙江省,宁波市,海曙区,浙江省宁波市海曙区启运路354号,f0b448ecb3bfb67da8059dde,1,0,121.513681,29.851604,(0574)88337101,life,http://api.map.baidu.com/place/detail?uid=f0b448ecb3bfb67da8059dde&output=html&source=placeapi_v2,,"08:00-11:30,12:00-16:30",0.0,,,,,,,10,,,,,,,,121.51364338086,29.851553243956,0
d943afc12eac16fa3a04b199,邮政服务站,生活服务,邮局,浙江省,宁波市,海曙区,宁波市海曙区,d943afc12eac16fa3a04b199,1,0,121.490262,29.829391,,life,http://api.map.baidu.com/place/detail?uid=d943afc12eac16fa3a04b199&output=html&source=placeapi_v2,,,,,,,,,,7,,,,,,,,121.49033396085,29.829287198233,0
05c3d152debb1764c9fa5f0c,轻纺城邮政所,生活服务,邮局,浙江省,宁波市,海曙区,浙江省宁波市海曙区雅戈尔大道130-5号,05c3d152debb1764c9fa5f0c,1,0,121.517597,29.836279,,life,http://api.map.baidu.com/place/detail?uid=05c3d152debb1764c9fa5f0c&output=html&source=placeapi_v2,,,,,,,,,,3,,,,,,,,121.51761476796,29.836202279263,0
844a750ec1ed2cb862685818,中国邮政(石\邮政支局),生活服务,邮局,浙江省,宁波市,海曙区,浙江省宁波市海曙区石\北路49弄,844a750ec1ed2cb862685818,1,0,121.511738,29.834875,(0574)88150723,life,http://api.map.baidu.com/place/detail?uid=844a750ec1ed2cb862685818&output=html&source=placeapi_v2,,"08:00-11:30,13:30-16:30",0,,,,,,,20,1,,,,,,,121.51175430006,29.83475858025,0
f9602021b88079ec0a5cb379,中国邮政(长丰邮政所),生活服务,邮局,浙江省,宁波市,鄞州区,浙江省宁波市鄞州区宁南北路123号,f9602021b88079ec0a5cb379,1,0,121.552274,29.850784,(0574)88101530,life,http://api.map.baidu.com/place/detail?uid=f9602021b88079ec0a5cb379&output=html&source=placeapi_v2,,09:00-17:00,5,,,,,,,21,3,,,,,,,121.55212458355,29.85069968481,0
5dabea67d8454a088c55ec29,中国邮政(钟公庙邮政所),生活服务,邮局,浙江省,宁波市,鄞州区,浙江省宁波市鄞州区钟公庙路180弄54号,5dabea67d8454a088c55ec29,1,0,121.545348,29.828747,(0574)88083799,life,http://api.map.baidu.com/place/detail?uid=5dabea67d8454a088c55ec29&output=html&source=placeapi_v2,,"08:00-11:30,12:00-16:30",0,,,,,,,7,1,,,,,,,121.54533712726,29.828882788027,0
2ce34805aad47982b42655e9,电子邮局,生活服务,邮局,浙江省,宁波市,鄞州区,浙江省宁波市鄞州区鄞县大道788号,2ce34805aad47982b42655e9,1,3,121.571135,29.827396,11185,life,http://api.map.baidu.com/place/detail?uid=2ce34805aad47982b42655e9&output=html&source=placeapi_v2,,08:00-18:00,2.5,,,,,,,10,7,,,,,,,121.57072135362,29.82721467655,3
0523a141d3e1ed1cb23c814f,中国邮政(潘火邮政所),生活服务,邮局,浙江省,宁波市,鄞州区,浙江省宁波市鄞州区百宁街3018弄,0523a141d3e1ed1cb23c814f,1,1,121.596782,29.849922,(0574)88495444,life,http://api.map.baidu.com/place/detail?uid=0523a141d3e1ed1cb23c814f&output=html&source=placeapi_v2,,09:00-18:00,1.2,,,,,,,15,4,,,,,,,121.59684617359,29.850167492456,1
c26901421b8cbca76f4760be,中国邮政(宋诏桥邮政所),生活服务,邮局,浙江省,宁波市,鄞州区,浙江省宁波市鄞州区甬兴西路46号,c26901421b8cbca76f4760be,1,0,121.570239,29.850266,(0574)88083779,life,http://api.map.baidu.com/place/detail?uid=c26901421b8cbca76f4760be&output=html&source=placeapi_v2,,"08:00-11:00,13:30-16:30",1,,,,,,,12,2,,,,,,,121.57034055203,29.850190483335,0
4642844a7486d9d8c9fa5f18,中国邮政(万里邮政所),生活服务,邮局,浙江省,宁波市,鄞州区,浙江省宁波市鄞州区鄞县大道788号,4642844a7486d9d8c9fa5f18,1,0,121.572096,29.82471,,life,http://api.map.baidu.com/place/detail?uid=4642844a7486d9d8c9fa5f18&output=html&source=placeapi_v2,,09:00-18:00,,,,,,,,1,,,,,,,,121.57225529651,29.824760160724,0
ac852611593c647002294fb2,东莺社区村邮站,生活服务,邮局,浙江省,宁波市,鄞州区,宁波市鄞州区百宁街东莺新村东南侧,ac852611593c647002294fb2,1,0,121.596191,29.84791,,life,http://api.map.baidu.com/place/detail?uid=ac852611593c647002294fb2&output=html&source=placeapi_v2,,,3.8,,,,,,,,,,,,,,,121.5960864335,29.847928740053,0
93864be88031b6c161685896,尚诚社区村邮站,生活服务,邮局,浙江省,宁波市,鄞州区,诚信路1257弄6号,93864be88031b6c161685896,1,0,121.597831,29.829005,,life,http://api.map.baidu.com/place/detail?uid=93864be88031b6c161685896&output=html&source=placeapi_v2,,,,,,,,,,1,,,,,,,,121.59787159157,29.829115829842,0
035cde01f83240c6081cc726,中国邮政(中国邮局分销旗舰店),生活服务,邮局,浙江省,宁波市,鄞州区,浙江省宁波市鄞州区鄞县大道788号,035cde01f83240c6081cc726,1,0,121.570757,29.826997,11185,life,http://api.map.baidu.com/place/detail?uid=035cde01f83240c6081cc726&output=html&source=placeapi_v2,,08:00-18:00,0,,,,,,,2,3,,,,,,,121.57053985818,29.827103997063,0
4800da470128a27ed92f282e,邮政服务站,生活服务,邮局,浙江省,宁波市,鄞州区,宁波市鄞州区后殷小区,4800da470128a27ed92f282e,1,0,121.621752,29.848414,,life,http://api.map.baidu.com/place/detail?uid=4800da470128a27ed92f282e&output=html&source=placeapi_v2,,,,,,,,,,,,,,,,,,,,0
5b1d6a950f085fcbc51b75df,中国邮政(上万令村村邮站),生活服务,邮局,浙江省,宁波市,鄞州区,宁波市鄞州区邱隘镇中国邮政旁,5b1d6a950f085fcbc51b75df,1,0,121.664463,29.833682,,life,http://api.map.baidu.com/place/detail?uid=5b1d6a950f085fcbc51b75df&output=html&source=placeapi_v2,,09:00-18:00,,,,,,,,,,,,,,,,,,0
8054c213a838ea5d9cec2b38,五乡邮政局,生活服务,邮局,浙江省,宁波市,鄞州区,浙江省宁波市鄞州区五乡镇五乡中路631号,8054c213a838ea5d9cec2b38,1,0,121.696351,29.851411,(0574)88485006,life,http://api.map.baidu.com/place/detail?uid=8054c213a838ea5d9cec2b38&output=html&source=placeapi_v2,,07:30-16:30,0,,,,,,,4,0,,,,,,,121.69634688311,29.851134995818,0
dea0c957b617806e8c55ecb4,中国邮政(涵玉村村邮站),生活服务,邮局,浙江省,宁波市,鄞州区,浙江省宁波市鄞州区九星桥2号,dea0c957b617806e8c55ecb4,1,0,121.714302,29.839459,,life,http://api.map.baidu.com/place/detail?uid=dea0c957b617806e8c55ecb4&output=html&source=placeapi_v2,,09:00-17:00,0.0,,,,,,,1,,,,,,,,121.71436471109,29.83961535253,0
edb8241be519380b343a712c,中国邮政(盛家村村邮站),生活服务,邮局,浙江省,宁波市,海曙区,浙江省宁波市海曙区镇东路46号,edb8241be519380b343a712c,1,0,121.38008,29.875841,(0574)88425208,life,http://api.map.baidu.com/place/detail?uid=edb8241be519380b343a712c&output=html&source=placeapi_v2,,09:00-17:00,0.0,,,,,,,1,,,,,,,,,,0
d8f63c8aedb3e7a8901fc9c5,中国邮政(横街邮政支局),生活服务,邮局,浙江省,宁波市,海曙区,浙江省宁波市海曙区振兴路1号,d8f63c8aedb3e7a8901fc9c5,1,0,121.405115,29.861016,(0574)88295113,life,http://api.map.baidu.com/place/detail?uid=d8f63c8aedb3e7a8901fc9c5&output=html&source=placeapi_v2,,"08:30-11:30,13:30-17:00",5,,,,,,,4,1,,,,,,,121.40521875474,29.861001089595,0
4ca5325cf25c434db35c6ae2,EMS全球邮政特快专递(鄞西经营部),生活服务,邮局,浙江省,宁波市,海曙区,浙江省宁波市海曙区集仕东路195号集仕港邮政支局71号,4ca5325cf25c434db35c6ae2,1,0,121.452844,29.873786,(0574)88421647,life,http://api.map.baidu.com/place/detail?uid=4ca5325cf25c434db35c6ae2&output=html&source=placeapi_v2,,09:00-18:00,0,,,,,,,17,2,,,,,,,121.45279822919,29.873781223276,0
126e0194d07718fce5073844,中国邮政宋家漕村村邮站(阳光路),生活服务,邮局,浙江省,宁波市,海曙区,宁波市海曙区阳光路晴园西侧约40米,126e0194d07718fce5073844,1,0,121.49759,29.883825,,life,http://api.map.baidu.com/place/detail?uid=126e0194d07718fce5073844&output=html&source=placeapi_v2,,,,,,,,,,1,,,,,,,,,,0
af1ae56b9288a4134207c175,中国邮政(翠柏路),生活服务,邮局,浙江省,宁波市,海曙区,浙江省宁波市海曙区中山西路496号,af1ae56b9288a4134207c175,1,0,121.537904,29.883118,(0574)87281213,life,http://api.map.baidu.com/place/detail?uid=af1ae56b9288a4134207c175&output=html&source=placeapi_v2,,08:30-16:00,0,,,,,,,14,1,,,,,,,121.53791241573,29.882987673627,0
75036835c201e0d15e0d0235,中国邮政(高塘邮政所),生活服务,邮局,浙江省,宁波市,海曙区,浙江省宁波市海曙区新芝路69弄39号,75036835c201e0d15e0d0235,1,0,121.545367,29.891591,(0574)87343192,life,http://api.map.baidu.com/place/detail?uid=75036835c201e0d15e0d0235&output=html&source=placeapi_v2,,"08:30-11:45,12:15-16:00",0,,,,,,,15,1,,,,,,,121.54536235706,29.891666005988,0
d80f76907d37304795ca072e,中国邮政速递物流(主园路店),生活服务,邮局,浙江省,宁波市,海曙区,浙江省宁波市海曙区宝善路90号203室,d80f76907d37304795ca072e,1,0,121.535676,29.871247,(0574)87143367,life,http://api.map.baidu.com/place/detail?uid=d80f76907d37304795ca072e&output=html&source=placeapi_v2,,08:00-20:00,0,,,,,,,7,2,,,,,,,121.53585566082,29.871153128785,0
456f2bc2180efa20bda24050,中国邮政(宁波市邮政局白云投递部),生活服务,邮局,浙江省,宁波市,海曙区,浙江省宁波市海曙区环城西路南段279号,456f2bc2180efa20bda24050,1,1,121.528859,29.875191,(0574)87281735,life,http://api.map.baidu.com/place/detail?uid=456f2bc2180efa20bda24050&output=html&source=placeapi_v2,,09:00-17:00,1.5,,,,,,,20,9,,,,,,,121.52886451645,29.875445555377,1
5c060cb5bac8ad74abf0cd5d,中国邮政(宁波市邮政局西河街投递部),生活服务,邮局,浙江省,宁波市,海曙区,浙江省宁波市海曙区西河街34号,5c060cb5bac8ad74abf0cd5d,1,0,121.552351,29.885366,"(0574)87287405,(0574)87363120",life,http://api.map.baidu.com/place/detail?uid=5c060cb5bac8ad74abf0cd5d&output=html&source=placeapi_v2,,08:30-17:00,0,,,,,,,18,1,,,,,,,121.55230274837,29.885238019845,0
72479bb6fdb0786cfbf0cb04,中国邮政(镇明路投递班店),生活服务,邮局,浙江省,宁波市,海曙区,浙江省宁波市海曙区镇明路278弄33号,72479bb6fdb0786cfbf0cb04,1,0,121.552582,29.870492,(0574)87306949,life,http://api.map.baidu.com/place/detail?uid=72479bb6fdb0786cfbf0cb04&output=html&source=placeapi_v2,,07:30-18:15,,,,,,,,2,,,,,,,,121.55253825863,29.87032036876,0
764672e5d3a33bac94ec846c,中国邮政(鼓楼支局),生活服务,邮局,浙江省,宁波市,海曙区,浙江宁波市海曙区呼童街27号,764672e5d3a33bac94ec846c,1,0,121.551259,29.880217,(0574)87245009,life,http://api.map.baidu.com/place/detail?uid=764672e5d3a33bac94ec846c&output=html&source=placeapi_v2,,08:30-17:30,0,,,,,,,7,2,,,,,,,121.55134366411,29.879873892517,0
6014c30f760a61d72ce67b42,中国邮政(小梁街),生活服务,邮局,浙江省,宁波市,海曙区,浙江省宁波市海曙区小梁街2号,6014c30f760a61d72ce67b42,1,0,121.558101,29.877086,(0574)87365701,life,http://api.map.baidu.com/place/detail?uid=6014c30f760a61d72ce67b42&output=html&source=placeapi_v2,,08:30-17:30,5.0,,,,,,,22,1,,,,,,,121.55802244431,29.87696307261,0
273fb76af52353050d3dda29,中国邮政(仓桥街),生活服务,邮局,浙江省,宁波市,海曙区,浙江宁波市海曙区仓桥街21号,273fb76af52353050d3dda29,1,0,121.554936,29.86995,,life,http://api.map.baidu.com/place/detail?uid=273fb76af52353050d3dda29&output=html&source=placeapi_v2,,,,,,,,,,,,,,,,,,,,0
bec04e3c424d3de5028972c3,中国集邮(和义路店),生活服务,邮局,浙江省,宁波市,海曙区,浙江省宁波市海曙区和义路149号,bec04e3c424d3de5028972c3,1,0,121.55845,29.883738,(0574)87340848,life,http://api.map.baidu.com/place/detail?uid=bec04e3c424d3de5028972c3&output=html&source=placeapi_v2,,09:00-17:00,0,,,,,,,13,1,,,,,,,121.55863881304,29.883745789619,0
161a0ed2a824df515dd4feb3,中国邮政(白鹤邮政支局),生活服务,邮局,浙江省,宁波市,鄞州区,浙江省宁波市鄞州区鄞县大道788号50幢,161a0ed2a824df515dd4feb3,1,0,121.573714,29.860715,(0574)87887359,life,http://api.map.baidu.com/place/detail?uid=161a0ed2a824df515dd4feb3&output=html&source=placeapi_v2,,08:30-17:00,5,,,,,,,13,3,,,,,,,121.57394474957,29.86081915783,0
5195baf49c7327958936eeae,中国邮政(幸福苑邮政所),生活服务,邮局,浙江省,宁波市,鄞州区,浙江省宁波市鄞州区樟树街107号,,1,0,121.595716,29.87578,11185,life,http://api.map.baidu.com/place/detail?uid=5195baf49c7327958936eeae&output=html&source=placeapi_v2,,09:00-17:00,0,,,,,,,10,4,,,,,,,121.59559945018,29.87572551753,0
1dcf1930b99c3dddfbdc8530,集邮,生活服务,邮局,浙江省,宁波市,鄞州区,宁波市鄞州区彩虹北路彩虹银座,3e2ba4fbd2e87daec51e5146,1,0,121.575981,29.87065,,life,http://api.map.baidu.com/place/detail?uid=1dcf1930b99c3dddfbdc8530&output=html&source=placeapi_v2,,,,,,,,,,3,,,,,,,,,,0
5203a418bee32ad9931fc9aa,外滩邮局,生活服务,邮局,浙江省,宁波市,江北区,浙江省宁波市江北区外马路69号,5203a418bee32ad9931fc9aa,1,0,121.567477,29.881742,17794606953,shopping,http://api.map.baidu.com/place/detail?uid=5203a418bee32ad9931fc9aa&output=html&source=placeapi_v2,,14:00-22:00,,,,,,,,,3,,,,,,,121.56758750369,29.881723965858,0
e96b4420d8776a5883288ab3,中国邮政(宁波邮政局园丁街投递部),生活服务,邮局,浙江省,宁波市,鄞州区,浙江省宁波市鄞州区育兴街43~45号,e96b4420d8776a5883288ab3,1,0,121.593669,29.862286,(0574)87392426,life,http://api.map.baidu.com/place/detail?uid=e96b4420d8776a5883288ab3&output=html&source=placeapi_v2,,09:00-18:00,1.5,,,,,,,5,3,,,,,,,121.59349774878,29.862343952846,0
7d0d9f48da69b6c89cec2bdb,EMS全球邮政特快专递(明楼揽投站),生活服务,邮局,浙江省,宁波市,鄞州区,浙江省宁波市鄞州区徐戎路358号,7d0d9f48da69b6c89cec2bdb,1,0,121.58706,29.888515,11185,life,http://api.map.baidu.com/place/detail?uid=7d0d9f48da69b6c89cec2bdb&output=html&source=placeapi_v2,,08:00-20:00,5,,,,,,,11,3,,,,,,,121.58693162688,29.888659093894,0
5eb15b76c8ef86574e776e96,宁波市邮政局,生活服务,邮局,浙江省,宁波市,鄞州区,浙江省宁波市鄞州区民安东路196号,5eb15b76c8ef86574e776e96,1,0,121.618734,29.874685,(0574)89183575,life,http://api.map.baidu.com/place/detail?uid=5eb15b76c8ef86574e776e96&output=html&source=placeapi_v2,,"09:00-12:00,14:00-17:00",0,,,,,,,6,1,,,,,,,121.61860738561,29.874705805273,0
0d32e427963cda8202294fa3,行政服务中心邮政所,生活服务,邮局,浙江省,宁波市,鄞州区,浙江省宁波市鄞州区宁穿路1901号,0d32e427963cda8202294fa3,1,0,121.629468,29.865567,(0574)87187562,life,http://api.map.baidu.com/place/detail?uid=0d32e427963cda8202294fa3&output=html&source=placeapi_v2,,"09:00-12:00,13:30-17:00",,,,,,,,,,,,,,,,,,0
782a616fa8750a87dbd891f9,中国邮政(湖塘邮政所),生活服务,邮局,浙江省,宁波市,北仑区,浙江省宁波市北仑区黄山路255号湖塘菜场21号,782a616fa8750a87dbd891f9,1,0,121.775312,29.881283,(0574)86133163,life,http://api.map.baidu.com/place/detail?uid=782a616fa8750a87dbd891f9&output=html&source=placeapi_v2,,"08:30-11:30,13:30-16:30",0.0,,,,,,,3,1,,,,,,,121.77549984027,29.881159658154,0
ed60c86fd55384b4c9c3dbd4,清水村村邮站,生活服务,邮局,浙江省,宁波市,北仑区,清水村菜场边,ed60c86fd55384b4c9c3dbd4,1,0,121.843585,29.880861,,life,http://api.map.baidu.com/place/detail?uid=ed60c86fd55384b4c9c3dbd4&output=html&source=placeapi_v2,,,,,,,,,,1,,,,,,,,,,0
6594703ec75db111fe0eb073,宁波市北仓区邮政局柴桥支局,生活服务,邮局,浙江省,宁波市,北仑区,浙江省宁波市北仑区环镇北路287-289号,6594703ec75db111fe0eb073,1,0,121.926516,29.882822,(0574)86062854,life,http://api.map.baidu.com/place/detail?uid=6594703ec75db111fe0eb073&output=html&source=placeapi_v2,,11:00-21:00,0,,,,,,,19,2,,,,,,,121.92666673366,29.882780844348,0
847a5f4a0bee58f64e6d4620,中国邮政(朱敏村邮政所),生活服务,邮局,浙江省,宁波市,海曙区,浙江省宁波市海曙区上爱段横街镇朱敏社区卫生服务站东南正西方向30米,,1,0,121.324526,29.898169,,life,http://api.map.baidu.com/place/detail?uid=847a5f4a0bee58f64e6d4620&output=html&source=placeapi_v2,,09:00-17:00,,,,,,,,,,,,,,,,121.32450218869,29.898362891976,0
c879fa0171b8794bc909f011,中国邮政(高桥邮政支局),生活服务,邮局,浙江省,宁波市,海曙区,浙江省宁波市海曙区环镇北路2号,,1,0,121.469316,29.911607,(0574)88085466,life,http://api.map.baidu.com/place/detail?uid=c879fa0171b8794bc909f011&output=html&source=placeapi_v2,,09:00-17:00,0,,,,,,,13,2,,,,,,,121.46941963802,29.911721162956,0
a4d7637d3b92c4c3f8f0cbb5,中国邮政服务站(高桥镇环卫站西北),生活服务,邮局,浙江省,宁波市,海曙区,浙江省宁波市海曙区集士东路204号,a4d7637d3b92c4c3f8f0cbb5,1,0,121.456422,29.914855,,life,http://api.map.baidu.com/place/detail?uid=a4d7637d3b92c4c3f8f0cbb5&output=html&source=placeapi_v2,,09:00-18:00,,,,,,,,,,,,,,,,,,0
7fe75d78a4cc112b90114c56,爱情邮局,生活服务,邮局,浙江省,宁波市,海曙区,宁波市海曙区梁祝路1号梁祝文化园内,7fe75d78a4cc112b90114c56,1,0,121.491702,29.912222,,life,http://api.map.baidu.com/place/detail?uid=7fe75d78a4cc112b90114c56&output=html&source=placeapi_v2,,,,,,,,,,,,,,,,,,,,0
4f6cc977940701a3eb1e9799,中国邮政(繁景邮政所),生活服务,邮局,浙江省,宁波市,江北区,浙江省宁波市江北区翠柏路410号,4f6cc977940701a3eb1e9799,1,0,121.538668,29.896538,"(0574)87225985,(0574)87226047",life,http://api.map.baidu.com/place/detail?uid=4f6cc977940701a3eb1e9799&output=html&source=placeapi_v2,,08:30-17:00,1,,,,,,,13,5,,,,,,,121.53847218582,29.896557666739,0
66eb65d096e2e6076b49f305,中国邮政(孔浦邮政所),生活服务,邮局,浙江省,宁波市,江北区,浙江省宁波市江北区孔浦路36号,66eb65d096e2e6076b49f305,1,0,121.597542,29.90912,(0574)87637270,life,http://api.map.baidu.com/place/detail?uid=66eb65d096e2e6076b49f305&output=html&source=placeapi_v2,,08:30-17:00,0,,,,,,,11,0,,,,,,,121.59747047795,29.90904837033,0
a727aa838c2870ff2806ce21,中国邮政速递物流(湖西路店),生活服务,邮局,浙江省,宁波市,江北区,浙江省宁波市江北区湖西路139号,a727aa838c2870ff2806ce21,1,0,121.566933,29.901472,11185,life,http://api.map.baidu.com/place/detail?uid=a727aa838c2870ff2806ce21&output=html&source=placeapi_v2,,07:30-18:30,,,,,,,,7,,,,,,,,121.56692011547,29.901561332605,0
c4cafda0b3f1b10c0f0a70bd,中国邮政(兴庄路),生活服务,邮局,浙江省,宁波市,镇海区,浙江省宁波市镇海区杨梅大道北路800号,c4cafda0b3f1b10c0f0a70bd,1,0,121.619176,29.923225,(0574)86254611,life,http://api.map.baidu.com/place/detail?uid=c4cafda0b3f1b10c0f0a70bd&output=html&source=placeapi_v2,,09:00-17:00,,,,,,,,2,,,,,,,,,,0
e3a7fd13b81b3f2c28b97cf6,中国邮政(宁大邮政支局),生活服务,邮局,浙江省,宁波市,江北区,浙江省宁波市江北区风华路928弄宁波大学,e3a7fd13b81b3f2c28b97cf6,1,0,121.649688,29.915812,(0574)87610031,life,http://api.map.baidu.com/place/detail?uid=e3a7fd13b81b3f2c28b97cf6&output=html&source=placeapi_v2,,08:30-16:30,0,,,,,,,13,1,,,,,,,121.64962009157,29.915905608727,0
1d1357d1d5d61e6aac31e55d,中国邮政(梅墟邮政支局),生活服务,邮局,浙江省,宁波市,鄞州区,浙江省宁波市鄞州区梅墟路566号,1d1357d1d5d61e6aac31e55d,1,0,121.66365,29.895345,(0574)83020212,life,http://api.map.baidu.com/place/detail?uid=1d1357d1d5d61e6aac31e55d&output=html&source=placeapi_v2,,08:30-16:30,4.0,,,,,,,23,2,,,,,,,121.6638500135,29.895420157239,0
56f6faa2eb8e0eb829fc48a5,中国邮政(江南邮政支局),生活服务,邮局,浙江省,宁波市,北仑区,浙江省宁波市北仑区江南中路66号,56f6faa2eb8e0eb829fc48a5,1,0,121.702304,29.927734,(0574)86179040,life,http://api.map.baidu.com/place/detail?uid=56f6faa2eb8e0eb829fc48a5&output=html&source=placeapi_v2,,08:30-17:00,,,,,,,,12,,,,,,,,121.70242596857,29.92751864238,0
150e7d17c34816ae4f2fdf51,宁波市北仑区邮政局,生活服务,邮局,浙江省,宁波市,北仑区,浙江省宁波市北仑区黄山路36号,150e7d17c34816ae4f2fdf51,1,1,121.832014,29.912524,(0574)86883621,life,http://api.map.baidu.com/place/detail?uid=150e7d17c34816ae4f2fdf51&output=html&source=placeapi_v2,,09:00-18:00,0.0,,,,,,,5,,,,,,,,121.83204485286,29.91269616037,1
7ec19aba2dfa33f8c5effb49,中国邮政(通泰路),生活服务,邮局,浙江省,宁波市,北仑区,浙江省宁波市北仑区通泰路219号,7ec19aba2dfa33f8c5effb49,1,0,121.835613,29.893495,(0574)86873759,life,http://api.map.baidu.com/place/detail?uid=7ec19aba2dfa33f8c5effb49&output=html&source=placeapi_v2,,08:30-16:30,,,,,,,,5,,,,,,,,121.83566899817,29.893631582612,0
c33fff05bdacad3b04fef5dc,中国邮政(牡丹邮政所),生活服务,邮局,浙江省,宁波市,北仑区,浙江省宁波市北仑区高凤路451号,c33fff05bdacad3b04fef5dc,1,0,121.85887,29.915058,(0574)86879267,life,http://api.map.baidu.com/place/detail?uid=c33fff05bdacad3b04fef5dc&output=html&source=placeapi_v2,,09:00-17:00,0,,,,,,,5,1,,,,,,,121.85907185722,29.915071317183,0
8a598345e9629c69c9291583,太河路邮政局,生活服务,邮局,浙江省,宁波市,北仑区,宁波市北仑区太河路589号,8a598345e9629c69c9291583,1,0,121.84883,29.910674,(0574)86899501,life,http://api.map.baidu.com/place/detail?uid=8a598345e9629c69c9291583&output=html&source=placeapi_v2,,08:30-17:30,0,,,,,,,2,1,,,,,,,121.84887447813,29.910651242234,0
121cd61487f08985c5effb1e,中国邮政(大隐邮政支局),生活服务,邮局,浙江省,宁波市,余姚市,浙江省宁波市余姚市山王北路51号,121cd61487f08985c5effb1e,1,0,121.378613,29.941249,(0574)62914460,life,http://api.map.baidu.com/place/detail?uid=121cd61487f08985c5effb1e&output=html&source=placeapi_v2,,09:00-19:00,,,,,,,,2,,,,,,,,121.37870975196,29.94121971188,0
1020060f34ffb7a71894c634,中国邮政(洪塘邮政支局),生活服务,邮局,浙江省,宁波市,江北区,浙江省宁波市江北区洪塘中路119号,1020060f34ffb7a71894c634,1,0,121.5152,29.954063,(0574)87586182,life,http://api.map.baidu.com/place/detail?uid=1020060f34ffb7a71894c634&output=html&source=placeapi_v2,,"08:00-11:30,12:00-16:30",0,,,,,,,16,2,,,,,,,121.51533626634,29.954088094202,0
060f5e53c6b6fdd6081cc734,中国邮政江北区电商运营服务中心(洪都路),生活服务,邮局,浙江省,宁波市,江北区,浙江省宁波市江北区洪都路57~59号,060f5e53c6b6fdd6081cc734,1,0,121.51283,29.939637,(0574)88398411,life,http://api.map.baidu.com/place/detail?uid=060f5e53c6b6fdd6081cc734&output=html&source=placeapi_v2,,08:30-16:30,0.0,,,,,,,8,1,,,,,,,121.51282336896,29.939605792203,0
f9fdc97f17c75d2c60180908,中国邮政(庄桥邮政支局),生活服务,邮局,浙江省,宁波市,江北区,浙江省宁波市江北区庄桥大街33号,f9fdc97f17c75d2c60180908,1,0,121.558175,29.936195,(0574)87582451,life,http://api.map.baidu.com/place/detail?uid=f9fdc97f17c75d2c60180908&output=html&source=placeapi_v2,,09:00-17:00,0,,,,,,,21,2,,,,,,,121.55823514636,29.936230981999,0
bd97de4dbfcfbb9533169b95,中国邮政(庄桥营揽投站),生活服务,邮局,浙江省,宁波市,江北区,宁波市江北区宁慈东路宁波奇艺国创意广场西南侧,bd97de4dbfcfbb9533169b95,1,0,121.553201,29.933795,(0574)87584199,life,http://api.map.baidu.com/place/detail?uid=bd97de4dbfcfbb9533169b95&output=html&source=placeapi_v2,,07:00-18:00,,,,,,,,12,,,,,,,,121.55318558874,29.933917176105,0
07bd5f8983c120567ec87696,中国邮政服务站(德易路),生活服务,邮局,浙江省,宁波市,江北区,浙江省宁波市江北区崇和庄(德易路北),07bd5f8983c120567ec87696,1,0,121.535084,29.952279,11185,life,http://api.map.baidu.com/place/detail?uid=07bd5f8983c120567ec87696&output=html&source=placeapi_v2,,"08:30-11:30,12:30-16:00",,,,,,,,4,,,,,,,,121.53508228715,29.95236133619,0
f9f0cc53220c51a2213bf224,镇海区邮政局(庄市邮政支局),生活服务,邮局,浙江省,宁波市,镇海区,浙江省宁波市镇海区公园路28号,f9f0cc53220c51a2213bf224,1,0,121.623158,29.934334,(0574)86255865,life,http://api.map.baidu.com/place/detail?uid=f9f0cc53220c51a2213bf224&output=html&source=placeapi_v2,,"08:00-11:30,12:30-15:00",0.0,,,,,,,7,,,,,,,,121.62313649557,29.934164389409,0
3b9bd5e8d427a7b0725e80e3,永旺村村邮站,生活服务,邮局,浙江省,宁波市,镇海区,宁波市镇海区永旺路金宝贝幼儿园(庆标路)西北侧约180米,3b9bd5e8d427a7b0725e80e3,1,0,121.655927,29.940272,,life,http://api.map.baidu.com/place/detail?uid=3b9bd5e8d427a7b0725e80e3&output=html&source=placeapi_v2,,,,,,,,,,1,,,,,,,,,,0
56f6faa2eb8e0eb829fc48a5,中国邮政(江南邮政支局),生活服务,邮局,浙江省,宁波市,北仑区,浙江省宁波市北仑区江南中路66号,56f6faa2eb8e0eb829fc48a5,1,0,121.702304,29.927734,(0574)86179040,life,http://api.map.baidu.com/place/detail?uid=56f6faa2eb8e0eb829fc48a5&output=html&source=placeapi_v2,,08:30-17:00,,,,,,,,12,,,,,,,,121.70242596857,29.92751864238,0
99eea02ded22b0178605bfbf,中国邮政(顺隆路),生活服务,邮局,浙江省,宁波市,镇海区,浙江省宁波市镇海区顺隆路67号,99eea02ded22b0178605bfbf,1,0,121.715109,29.959177,(0574)86254611,life,http://api.map.baidu.com/place/detail?uid=99eea02ded22b0178605bfbf&output=html&source=placeapi_v2,,08:00-18:00,0,,,,,,,12,3,,,,,,,121.71519577484,29.959185877262,0
d5b90074d49c1298aecb66cb,中国集邮,生活服务,邮局,浙江省,宁波市,镇海区,宁波市镇海区大西门路170号,,1,0,121.710244,29.960278,,life,http://api.map.baidu.com/place/detail?uid=d5b90074d49c1298aecb66cb&output=html&source=placeapi_v2,,09:00-17:00,,,,,,,,3,,,,,,,,121.71018209374,29.960184185986,0
2c3341d53efd9210d02dd6d9,中国邮政(宁波市北仑区红联支局),生活服务,邮局,浙江省,宁波市,北仑区,浙江省宁波市北仑区振港路27号,2c3341d53efd9210d02dd6d9,1,0,121.728735,29.94558,(0574)86155278,life,http://api.map.baidu.com/place/detail?uid=2c3341d53efd9210d02dd6d9&output=html&source=placeapi_v2,,09:00-18:00,,,,,,,,10,,,,,,,,121.72873860772,29.945672489782,0
e116be54768bfa7ac91b9542,宁波市北仑区邮政局戚家山支局,生活服务,邮局,浙江省,宁波市,北仑区,浙江省宁波市北仑区东海路121号,e116be54768bfa7ac91b9542,1,0,121.750757,29.95688,(0574)86221907,life,http://api.map.baidu.com/place/detail?uid=e116be54768bfa7ac91b9542&output=html&source=placeapi_v2,,"07:30-11:30,12:15-16:15",0,,,,,,,21,2,,,,,,,121.75064520992,29.956680761639,0
1e8cf07e903b4285db13183e,村邮乐购农村电商服务站,生活服务,邮局,浙江省,宁波市,北仑区,宁波市北仑区S320,1e8cf07e903b4285db13183e,1,0,121.766057,29.94265,,life,http://api.map.baidu.com/place/detail?uid=1e8cf07e903b4285db13183e&output=html&source=placeapi_v2,,,,,,,,,,,,,,,,,,,,0
32ad48446b7f77a8ae04571f,人民邮电,生活服务,邮局,浙江省,宁波市,北仑区,宁波市北仑区高塘街138号,32ad48446b7f77a8ae04571f,1,0,121.799055,29.930786,,life,http://api.map.baidu.com/place/detail?uid=32ad48446b7f77a8ae04571f&output=html&source=placeapi_v2,,,,,,,,,,0,,,,,,,,,,0
c8b5cdef80e88702120daaa9,中国邮政(陆埠邮政支局),生活服务,邮局,浙江省,宁波市,余姚市,浙江省宁波市余姚市陆埠镇车站路27号,c8b5cdef80e88702120daaa9,1,0,121.243197,29.99264,(0574)62380326,life,http://api.map.baidu.com/place/detail?uid=c8b5cdef80e88702120daaa9&output=html&source=placeapi_v2,,07:30-16:00,0,,,,,,,16,1,,,,,,,121.24336830584,29.992617394915,0
c8e8f633e052a86daa0dd8a8,中国邮政(河姆渡邮政支局),生活服务,邮局,浙江省,宁波市,余姚市,浙江省宁波市余姚市河姆渡北路17号,c8e8f633e052a86daa0dd8a8,1,0,121.324959,29.994557,(0574)62950060,life,http://api.map.baidu.com/place/detail?uid=c8e8f633e052a86daa0dd8a8&output=html&source=placeapi_v2,,08:00-16:00,5,,,,,,,9,1,,,,,,,,,0
6374aed1b31cedb32afc4870,中国邮政服务站(河姆渡南路),生活服务,邮局,浙江省,宁波市,余姚市,宁波市余姚市河姆渡南路江中村菜市场西南侧约180米,6374aed1b31cedb32afc4870,1,0,121.323405,29.989044,,life,http://api.map.baidu.com/place/detail?uid=6374aed1b31cedb32afc4870&output=html&source=placeapi_v2,,,,,,,,,,1,,,,,,,,,,0
739d0c322d176acdbe484247,邮政服务站(车夏线),生活服务,邮局,浙江省,宁波市,余姚市,宁波市余姚市车夏线,,1,0,121.3166,29.977713,,life,http://api.map.baidu.com/place/detail?uid=739d0c322d176acdbe484247&output=html&source=placeapi_v2,,,,,,,,,,1,,,,,,,,,,0
09d61060a41f7657d23ce33f,慈城邮局,生活服务,邮局,浙江省,宁波市,江北区,浙江省宁波市江北区民族路1号,09d61060a41f7657d23ce33f,1,0,121.456103,29.99045,(0574)87592800,life,http://api.map.baidu.com/place/detail?uid=09d61060a41f7657d23ce33f&output=html&source=placeapi_v2,,08:00-16:30,0,,,,,,,9,1,,,,,,,121.45629750914,29.990456984648,0
24515d8bab2e4c6094ec84ad,东山村村邮站(慈城镇环境卫生管理所东北),生活服务,邮局,浙江省,宁波市,江北区,浙江省宁波市江北区环境卫生管理所东北,24515d8bab2e4c6094ec84ad,1,0,121.466569,29.991816,,life,http://api.map.baidu.com/place/detail?uid=24515d8bab2e4c6094ec84ad&output=html&source=placeapi_v2,,,,,,,,,,,,,,,,,,,,0
0da315be1d395eaf31870a6d,中国邮政(长石邮政所),生活服务,邮局,浙江省,宁波市,镇海区,九龙湖镇长宏村汶骆路后新屋110号,0da315be1d395eaf31870a6d,1,0,121.555526,29.992949,(0574)86525095,life,http://api.map.baidu.com/place/detail?uid=0da315be1d395eaf31870a6d&output=html&source=placeapi_v2,,09:00-17:00,0.0,,,,,,,4,,,,,,,,121.55557454023,29.993223883723,0
61085211cefeaca0c51b75f9,中国邮政(团桥邮电所),生活服务,邮局,浙江省,宁波市,镇海区,菜场路3号,61085211cefeaca0c51b75f9,1,0,121.59364,29.966989,(0574)86581441,life,http://api.map.baidu.com/place/detail?uid=61085211cefeaca0c51b75f9&output=html&source=placeapi_v2,,"08:30-11:30,13:00-16:15",0.0,,,,,,,10,,,,,,,,121.59366263204,29.966840126708,0
d219bb1d2203978af50e77f9,中国邮政(贵驷邮政支局),生活服务,邮局,浙江省,宁波市,镇海区,浙江省宁波市镇海区贵安路20号,d219bb1d2203978af50e77f9,1,0,121.625706,29.983617,"(0574)86383071,(0574)86383072",life,http://api.map.baidu.com/place/detail?uid=d219bb1d2203978af50e77f9&output=html&source=placeapi_v2,,08:15-16:15,0,,,,,,,10,2,,,,,,,121.62578672858,29.983657525224,0
8783757bd2ff67f513293532,贵驷镇,生活服务,邮局,浙江省,宁波市,镇海区,浙江省宁波市镇海区贵驷幼儿园东(贵驷小学东),,1,0,121.629151,29.981594,,life,http://api.map.baidu.com/place/detail?uid=8783757bd2ff67f513293532&output=html&source=placeapi_v2,,,0,,,,,,,,0,,,,,,,121.62907391051,29.981706160632,0
23c03af0ae584418aeee7ae6,中国邮政(俞范邮政支局),生活服务,邮局,浙江省,宁波市,镇海区,浙江省宁波市镇海区东路2号,23c03af0ae584418aeee7ae6,1,0,121.668301,29.97624,(0574)86455958,life,http://api.map.baidu.com/place/detail?uid=23c03af0ae584418aeee7ae6&output=html&source=placeapi_v2,,09:00-17:00,,,,,,,,7,,,,,,,,121.66838865987,29.976424593345,0
274a81c5c7ddfaabb05c6a4c,邮件外理中心,生活服务,邮局,浙江省,宁波市,镇海区,浙江省宁波市镇海区威海路17号,274a81c5c7ddfaabb05c6a4c,1,0,121.697678,29.971555,,life,http://api.map.baidu.com/place/detail?uid=274a81c5c7ddfaabb05c6a4c&output=html&source=placeapi_v2,,,,,,,,,,,,,,,,,,,,0
f1f5cac5e8376d9937b06ca3,中国邮政(梁辉邮政支局),生活服务,邮局,浙江省,宁波市,余姚市,浙江省宁波市余姚市振兴路2号,f1f5cac5e8376d9937b06ca3,1,0,121.166248,30.010851,(0574)62576700,life,http://api.map.baidu.com/place/detail?uid=f1f5cac5e8376d9937b06ca3&output=html&source=placeapi_v2,,08:00-16:30,1,,,,,,,8,3,,,,,,,121.16629500917,30.010751086084,0
3815566afef41afbfadc8526,中国邮政速递物流(江南经营部),生活服务,邮局,浙江省,宁波市,余姚市,宁波市余姚市新庄路黄山公寓西南侧约120米,3815566afef41afbfadc8526,1,0,121.158862,30.019688,11185,life,http://api.map.baidu.com/place/detail?uid=3815566afef41afbfadc8526&output=html&source=placeapi_v2,,08:00-18:00,0.0,,,,,,,3,,,,,,,,,,0
63def0024e5debd5bda2403b,中国邮政(丈亭邮政支局),生活服务,邮局,浙江省,宁波市,余姚市,浙江省宁波市余姚市新民中路105号,63def0024e5debd5bda2403b,1,0,121.294914,30.019593,(0574)62970076,life,http://api.map.baidu.com/place/detail?uid=63def0024e5debd5bda2403b&output=html&source=placeapi_v2,,07:40-16:10,,,,,,,,,,,,,,,,121.29493768335,30.0197197437,0
9b938f156310bceaf7b916bd,中国邮政(西经堂邮政支局),生活服务,邮局,浙江省,宁波市,镇海区,长邱线中国电信东南侧20米,,1,0,121.55845,30.011245,(0574)86530023,life,http://api.map.baidu.com/place/detail?uid=9b938f156310bceaf7b916bd&output=html&source=placeapi_v2,,"08:30-11:30,12:30-15:00",0,,,,,,,5,0,,,,,,,121.55825449656,30.011236953701,0
08b7ba0dfd1ee26c902ca323,杜夹岙村村邮站,生活服务,邮局,浙江省,宁波市,镇海区,宁波市镇海区汶胜路九龙湖镇杜夹岙村社区服务中心,08b7ba0dfd1ee26c902ca323,1,0,121.544868,30.021393,,life,http://api.map.baidu.com/place/detail?uid=08b7ba0dfd1ee26c902ca323&output=html&source=placeapi_v2,,,,,,,,,,,,,,,,,,,,0
